#! /opt/homebrew/Cellar/icarus-verilog/13.0/bin/vvp
:ivl_version "13.0 (stable)" "(v13_0)";
:ivl_delay_selection "TYPICAL";
:vpi_time_precision - 12;
:vpi_module "/opt/homebrew/Cellar/icarus-verilog/13.0/lib/ivl/system.vpi";
:vpi_module "/opt/homebrew/Cellar/icarus-verilog/13.0/lib/ivl/vhdl_sys.vpi";
:vpi_module "/opt/homebrew/Cellar/icarus-verilog/13.0/lib/ivl/vhdl_textio.vpi";
:vpi_module "/opt/homebrew/Cellar/icarus-verilog/13.0/lib/ivl/v2005_math.vpi";
:vpi_module "/opt/homebrew/Cellar/icarus-verilog/13.0/lib/ivl/va_math.vpi";
:vpi_module "/opt/homebrew/Cellar/icarus-verilog/13.0/lib/ivl/v2009.vpi";
S_0x1023a5050 .scope package, "$unit" "$unit" 2 1;
 .timescale 0 0;
S_0x1023a51d0 .scope module, "agu" "agu" 3 9;
 .timescale 0 0;
    .port_info 0 /INPUT 32 "base";
    .port_info 1 /INPUT 32 "offset";
    .port_info 2 /OUTPUT 32 "addr";
P_0x87ed98cc0 .param/l "XLEN" 0 3 10, +C4<00000000000000000000000000100000>;
v0x87ecf1180_0 .net "addr", 31 0, L_0x87ecb5f40;  1 drivers
o0x87f08c040 .functor BUFZ 32, c4<zzzzzzzzzzzzzzzzzzzzzzzzzzzzzzzz>; HiZ drive
v0x87ecf1220_0 .net "base", 31 0, o0x87f08c040;  0 drivers
o0x87f08c070 .functor BUFZ 32, c4<zzzzzzzzzzzzzzzzzzzzzzzzzzzzzzzz>; HiZ drive
v0x87ecf12c0_0 .net "offset", 31 0, o0x87f08c070;  0 drivers
L_0x87ecb5f40 .arith/sum 32, o0x87f08c040, o0x87f08c070;
S_0x10239c050 .scope module, "cache" "cache" 4 10;
 .timescale 0 0;
    .port_info 0 /INPUT 1 "clk";
    .port_info 1 /INPUT 1 "rst_n";
    .port_info 2 /INPUT 32 "cpu_addr";
    .port_info 3 /INPUT 1 "cpu_re";
    .port_info 4 /INPUT 1 "cpu_we";
    .port_info 5 /INPUT 2 "cpu_size";
    .port_info 6 /INPUT 32 "cpu_wdata";
    .port_info 7 /OUTPUT 32 "cpu_rdata";
    .port_info 8 /OUTPUT 1 "cpu_ready";
    .port_info 9 /OUTPUT 32 "mem_addr";
    .port_info 10 /OUTPUT 1 "mem_re";
    .port_info 11 /OUTPUT 1 "mem_we";
    .port_info 12 /OUTPUT 2 "mem_size";
    .port_info 13 /OUTPUT 32 "mem_wdata";
    .port_info 14 /INPUT 32 "mem_rdata";
    .port_info 15 /INPUT 1 "mem_ready";
P_0x10239c1d0 .param/l "INDEX_BITS" 1 4 39, +C4<00000000000000000000000000000110>;
P_0x10239c210 .param/l "LINES" 0 4 11, +C4<00000000000000000000000001000000>;
P_0x10239c250 .param/l "LINE_BYTES" 0 4 12, +C4<00000000000000000000000000010000>;
P_0x10239c290 .param/str "NAME" 0 4 14, "CACHE";
P_0x10239c2d0 .param/l "OFFSET_BITS" 1 4 38, +C4<00000000000000000000000000000100>;
P_0x10239c310 .param/l "TAG_BITS" 1 4 40, +C4<0000000000000000000000000000010110>;
P_0x10239c350 .param/l "XLEN" 0 4 13, +C4<00000000000000000000000000100000>;
L_0x87ec32df0 .functor AND 1, L_0x87eda81e0, L_0x87f47df40, C4<1>, C4<1>;
L_0x87f0f4010 .functor BUFT 1, C4<00>, C4<0>, C4<0>, C4<0>;
v0x87ecf1360_0 .net *"_ivl_11", 1 0, L_0x87f0f4010;  1 drivers
v0x87ecf1400_0 .net *"_ivl_12", 21 0, L_0x87eda8280;  1 drivers
v0x87ecf14a0_0 .net *"_ivl_14", 7 0, L_0x87ec4a9e0;  1 drivers
L_0x87f0f4058 .functor BUFT 1, C4<00>, C4<0>, C4<0>, C4<0>;
v0x87ecf1540_0 .net *"_ivl_17", 1 0, L_0x87f0f4058;  1 drivers
v0x87ecf15e0_0 .net *"_ivl_18", 0 0, L_0x87f47df40;  1 drivers
v0x87ecf1680_0 .net *"_ivl_6", 0 0, L_0x87eda81e0;  1 drivers
v0x87ecf1720_0 .net *"_ivl_8", 7 0, L_0x87ec4a940;  1 drivers
o0x87f08c280 .functor BUFZ 1, c4<z>; HiZ drive
v0x87ecf17c0_0 .net "clk", 0 0, o0x87f08c280;  0 drivers
o0x87f08c2b0 .functor BUFZ 32, c4<zzzzzzzzzzzzzzzzzzzzzzzzzzzzzzzz>; HiZ drive
v0x87ecf1860_0 .net "cpu_addr", 31 0, o0x87f08c2b0;  0 drivers
v0x87ecf1900_0 .var "cpu_rdata", 31 0;
o0x87f08c310 .functor BUFZ 1, c4<z>; HiZ drive
v0x87ecf19a0_0 .net "cpu_re", 0 0, o0x87f08c310;  0 drivers
v0x87ecf1a40_0 .var "cpu_ready", 0 0;
o0x87f08c370 .functor BUFZ 2, c4<zz>; HiZ drive
v0x87ecf1ae0_0 .net "cpu_size", 1 0, o0x87f08c370;  0 drivers
o0x87f08c3a0 .functor BUFZ 32, c4<zzzzzzzzzzzzzzzzzzzzzzzzzzzzzzzz>; HiZ drive
v0x87ecf1b80_0 .net "cpu_wdata", 31 0, o0x87f08c3a0;  0 drivers
o0x87f08c3d0 .functor BUFZ 1, c4<z>; HiZ drive
v0x87ecf1c20_0 .net "cpu_we", 0 0, o0x87f08c3d0;  0 drivers
v0x87ecf1cc0 .array "data_array", 63 0, 127 0;
v0x87ecf1d60_0 .net "hit", 0 0, L_0x87ec32df0;  1 drivers
v0x87ecf1e00_0 .var/i "i", 31 0;
v0x87ecf1ea0_0 .net "index", 5 0, L_0x87eda80a0;  1 drivers
v0x87ecf1f40_0 .var "mem_addr", 31 0;
o0x87f08d0c0 .functor BUFZ 32, c4<zzzzzzzzzzzzzzzzzzzzzzzzzzzzzzzz>; HiZ drive
v0x87ecf1fe0_0 .net "mem_rdata", 31 0, o0x87f08d0c0;  0 drivers
v0x87ecf2080_0 .var "mem_re", 0 0;
o0x87f08d120 .functor BUFZ 1, c4<z>; HiZ drive
v0x87ecf2120_0 .net "mem_ready", 0 0, o0x87f08d120;  0 drivers
v0x87ecf21c0_0 .var "mem_size", 1 0;
v0x87ecf2260_0 .var "mem_wdata", 31 0;
v0x87ecf2300_0 .var "mem_we", 0 0;
v0x87ecf23a0_0 .net "offset", 3 0, L_0x87eda8000;  1 drivers
o0x87f08d210 .functor BUFZ 1, c4<z>; HiZ drive
v0x87ecf2440_0 .net "rst_n", 0 0, o0x87f08d210;  0 drivers
v0x87ecf24e0_0 .net "tag", 21 0, L_0x87eda8140;  1 drivers
v0x87ecf2580 .array "tag_array", 63 0, 21 0;
v0x87ecf2620 .array "valid_array", 63 0, 0 0;
E_0x87ed06680/0 .event negedge, v0x87ecf2440_0;
E_0x87ed06680/1 .event posedge, v0x87ecf17c0_0;
E_0x87ed06680 .event/or E_0x87ed06680/0, E_0x87ed06680/1;
E_0x87ed066c0/0 .event anyedge, v0x87ecf19a0_0, v0x87ecf1c20_0, v0x87ecf1d60_0, v0x87ecf1ae0_0;
v0x87ecf1cc0_0 .array/port v0x87ecf1cc0, 0;
v0x87ecf1cc0_1 .array/port v0x87ecf1cc0, 1;
E_0x87ed066c0/1 .event anyedge, v0x87ecf23a0_0, v0x87ecf1ea0_0, v0x87ecf1cc0_0, v0x87ecf1cc0_1;
v0x87ecf1cc0_2 .array/port v0x87ecf1cc0, 2;
v0x87ecf1cc0_3 .array/port v0x87ecf1cc0, 3;
v0x87ecf1cc0_4 .array/port v0x87ecf1cc0, 4;
v0x87ecf1cc0_5 .array/port v0x87ecf1cc0, 5;
E_0x87ed066c0/2 .event anyedge, v0x87ecf1cc0_2, v0x87ecf1cc0_3, v0x87ecf1cc0_4, v0x87ecf1cc0_5;
v0x87ecf1cc0_6 .array/port v0x87ecf1cc0, 6;
v0x87ecf1cc0_7 .array/port v0x87ecf1cc0, 7;
v0x87ecf1cc0_8 .array/port v0x87ecf1cc0, 8;
v0x87ecf1cc0_9 .array/port v0x87ecf1cc0, 9;
E_0x87ed066c0/3 .event anyedge, v0x87ecf1cc0_6, v0x87ecf1cc0_7, v0x87ecf1cc0_8, v0x87ecf1cc0_9;
v0x87ecf1cc0_10 .array/port v0x87ecf1cc0, 10;
v0x87ecf1cc0_11 .array/port v0x87ecf1cc0, 11;
v0x87ecf1cc0_12 .array/port v0x87ecf1cc0, 12;
v0x87ecf1cc0_13 .array/port v0x87ecf1cc0, 13;
E_0x87ed066c0/4 .event anyedge, v0x87ecf1cc0_10, v0x87ecf1cc0_11, v0x87ecf1cc0_12, v0x87ecf1cc0_13;
v0x87ecf1cc0_14 .array/port v0x87ecf1cc0, 14;
v0x87ecf1cc0_15 .array/port v0x87ecf1cc0, 15;
v0x87ecf1cc0_16 .array/port v0x87ecf1cc0, 16;
v0x87ecf1cc0_17 .array/port v0x87ecf1cc0, 17;
E_0x87ed066c0/5 .event anyedge, v0x87ecf1cc0_14, v0x87ecf1cc0_15, v0x87ecf1cc0_16, v0x87ecf1cc0_17;
v0x87ecf1cc0_18 .array/port v0x87ecf1cc0, 18;
v0x87ecf1cc0_19 .array/port v0x87ecf1cc0, 19;
v0x87ecf1cc0_20 .array/port v0x87ecf1cc0, 20;
v0x87ecf1cc0_21 .array/port v0x87ecf1cc0, 21;
E_0x87ed066c0/6 .event anyedge, v0x87ecf1cc0_18, v0x87ecf1cc0_19, v0x87ecf1cc0_20, v0x87ecf1cc0_21;
v0x87ecf1cc0_22 .array/port v0x87ecf1cc0, 22;
v0x87ecf1cc0_23 .array/port v0x87ecf1cc0, 23;
v0x87ecf1cc0_24 .array/port v0x87ecf1cc0, 24;
v0x87ecf1cc0_25 .array/port v0x87ecf1cc0, 25;
E_0x87ed066c0/7 .event anyedge, v0x87ecf1cc0_22, v0x87ecf1cc0_23, v0x87ecf1cc0_24, v0x87ecf1cc0_25;
v0x87ecf1cc0_26 .array/port v0x87ecf1cc0, 26;
v0x87ecf1cc0_27 .array/port v0x87ecf1cc0, 27;
v0x87ecf1cc0_28 .array/port v0x87ecf1cc0, 28;
v0x87ecf1cc0_29 .array/port v0x87ecf1cc0, 29;
E_0x87ed066c0/8 .event anyedge, v0x87ecf1cc0_26, v0x87ecf1cc0_27, v0x87ecf1cc0_28, v0x87ecf1cc0_29;
v0x87ecf1cc0_30 .array/port v0x87ecf1cc0, 30;
v0x87ecf1cc0_31 .array/port v0x87ecf1cc0, 31;
v0x87ecf1cc0_32 .array/port v0x87ecf1cc0, 32;
v0x87ecf1cc0_33 .array/port v0x87ecf1cc0, 33;
E_0x87ed066c0/9 .event anyedge, v0x87ecf1cc0_30, v0x87ecf1cc0_31, v0x87ecf1cc0_32, v0x87ecf1cc0_33;
v0x87ecf1cc0_34 .array/port v0x87ecf1cc0, 34;
v0x87ecf1cc0_35 .array/port v0x87ecf1cc0, 35;
v0x87ecf1cc0_36 .array/port v0x87ecf1cc0, 36;
v0x87ecf1cc0_37 .array/port v0x87ecf1cc0, 37;
E_0x87ed066c0/10 .event anyedge, v0x87ecf1cc0_34, v0x87ecf1cc0_35, v0x87ecf1cc0_36, v0x87ecf1cc0_37;
v0x87ecf1cc0_38 .array/port v0x87ecf1cc0, 38;
v0x87ecf1cc0_39 .array/port v0x87ecf1cc0, 39;
v0x87ecf1cc0_40 .array/port v0x87ecf1cc0, 40;
v0x87ecf1cc0_41 .array/port v0x87ecf1cc0, 41;
E_0x87ed066c0/11 .event anyedge, v0x87ecf1cc0_38, v0x87ecf1cc0_39, v0x87ecf1cc0_40, v0x87ecf1cc0_41;
v0x87ecf1cc0_42 .array/port v0x87ecf1cc0, 42;
v0x87ecf1cc0_43 .array/port v0x87ecf1cc0, 43;
v0x87ecf1cc0_44 .array/port v0x87ecf1cc0, 44;
v0x87ecf1cc0_45 .array/port v0x87ecf1cc0, 45;
E_0x87ed066c0/12 .event anyedge, v0x87ecf1cc0_42, v0x87ecf1cc0_43, v0x87ecf1cc0_44, v0x87ecf1cc0_45;
v0x87ecf1cc0_46 .array/port v0x87ecf1cc0, 46;
v0x87ecf1cc0_47 .array/port v0x87ecf1cc0, 47;
v0x87ecf1cc0_48 .array/port v0x87ecf1cc0, 48;
v0x87ecf1cc0_49 .array/port v0x87ecf1cc0, 49;
E_0x87ed066c0/13 .event anyedge, v0x87ecf1cc0_46, v0x87ecf1cc0_47, v0x87ecf1cc0_48, v0x87ecf1cc0_49;
v0x87ecf1cc0_50 .array/port v0x87ecf1cc0, 50;
v0x87ecf1cc0_51 .array/port v0x87ecf1cc0, 51;
v0x87ecf1cc0_52 .array/port v0x87ecf1cc0, 52;
v0x87ecf1cc0_53 .array/port v0x87ecf1cc0, 53;
E_0x87ed066c0/14 .event anyedge, v0x87ecf1cc0_50, v0x87ecf1cc0_51, v0x87ecf1cc0_52, v0x87ecf1cc0_53;
v0x87ecf1cc0_54 .array/port v0x87ecf1cc0, 54;
v0x87ecf1cc0_55 .array/port v0x87ecf1cc0, 55;
v0x87ecf1cc0_56 .array/port v0x87ecf1cc0, 56;
v0x87ecf1cc0_57 .array/port v0x87ecf1cc0, 57;
E_0x87ed066c0/15 .event anyedge, v0x87ecf1cc0_54, v0x87ecf1cc0_55, v0x87ecf1cc0_56, v0x87ecf1cc0_57;
v0x87ecf1cc0_58 .array/port v0x87ecf1cc0, 58;
v0x87ecf1cc0_59 .array/port v0x87ecf1cc0, 59;
v0x87ecf1cc0_60 .array/port v0x87ecf1cc0, 60;
v0x87ecf1cc0_61 .array/port v0x87ecf1cc0, 61;
E_0x87ed066c0/16 .event anyedge, v0x87ecf1cc0_58, v0x87ecf1cc0_59, v0x87ecf1cc0_60, v0x87ecf1cc0_61;
v0x87ecf1cc0_62 .array/port v0x87ecf1cc0, 62;
v0x87ecf1cc0_63 .array/port v0x87ecf1cc0, 63;
E_0x87ed066c0/17 .event anyedge, v0x87ecf1cc0_62, v0x87ecf1cc0_63, v0x87ecf1860_0, v0x87ecf1b80_0;
E_0x87ed066c0/18 .event anyedge, v0x87ecf2120_0, v0x87ecf1fe0_0;
E_0x87ed066c0 .event/or E_0x87ed066c0/0, E_0x87ed066c0/1, E_0x87ed066c0/2, E_0x87ed066c0/3, E_0x87ed066c0/4, E_0x87ed066c0/5, E_0x87ed066c0/6, E_0x87ed066c0/7, E_0x87ed066c0/8, E_0x87ed066c0/9, E_0x87ed066c0/10, E_0x87ed066c0/11, E_0x87ed066c0/12, E_0x87ed066c0/13, E_0x87ed066c0/14, E_0x87ed066c0/15, E_0x87ed066c0/16, E_0x87ed066c0/17, E_0x87ed066c0/18;
L_0x87eda8000 .part o0x87f08c2b0, 0, 4;
L_0x87eda80a0 .part o0x87f08c2b0, 4, 6;
L_0x87eda8140 .part o0x87f08c2b0, 10, 22;
L_0x87eda81e0 .array/port v0x87ecf2620, L_0x87ec4a940;
L_0x87ec4a940 .concat [ 6 2 0 0], L_0x87eda80a0, L_0x87f0f4010;
L_0x87eda8280 .array/port v0x87ecf2580, L_0x87ec4a9e0;
L_0x87ec4a9e0 .concat [ 6 2 0 0], L_0x87eda80a0, L_0x87f0f4058;
L_0x87f47df40 .cmp/eq 22, L_0x87eda8280, L_0x87eda8140;
S_0x102394760 .scope module, "tb_cpu" "tb_cpu" 5 9;
 .timescale -9 -12;
P_0x87ed98d00 .param/l "XLEN" 1 5 11, +C4<00000000000000000000000000100000>;
v0x87eda7d40_0 .var "clk", 0 0;
v0x87eda7de0_0 .net "debug_pc", 31 0, L_0x87ec32ed0;  1 drivers
v0x87eda7e80_0 .net "debug_stall", 0 0, L_0x87ec32f40;  1 drivers
v0x87eda7f20_0 .var "rst_n", 0 0;
S_0x10239a8a0 .scope module, "uut" "main" 5 19, 6 11 0, S_0x102394760;
 .timescale 0 0;
    .port_info 0 /INPUT 1 "clk";
    .port_info 1 /INPUT 1 "rst_n";
    .port_info 2 /OUTPUT 32 "debug_pc";
    .port_info 3 /OUTPUT 1 "debug_stall";
P_0x87ed98d40 .param/l "XLEN" 0 6 12, +C4<00000000000000000000000000100000>;
L_0x87ec33250 .functor OR 1, v0x87eda2260_0, v0x87eda2440_0, C4<0>, C4<0>;
L_0x87f0f47f0 .functor BUFT 1, C4<00000000000000000000000000000011>, C4<0>, C4<0>, C4<0>;
v0x87eda6d00_0 .net/2u *"_ivl_10", 31 0, L_0x87f0f47f0;  1 drivers
v0x87eda6da0_0 .net *"_ivl_12", 31 0, L_0x87ecb68a0;  1 drivers
v0x87eda6e40_0 .net *"_ivl_14", 7 0, L_0x87eda8fa0;  1 drivers
L_0x87f0f4838 .functor BUFT 1, C4<00000000000000000000000000000010>, C4<0>, C4<0>, C4<0>;
v0x87eda6ee0_0 .net/2u *"_ivl_16", 31 0, L_0x87f0f4838;  1 drivers
v0x87eda6f80_0 .net *"_ivl_18", 31 0, L_0x87ecb6940;  1 drivers
v0x87eda7020_0 .net *"_ivl_20", 7 0, L_0x87eda9040;  1 drivers
L_0x87f0f4880 .functor BUFT 1, C4<00000000000000000000000000000001>, C4<0>, C4<0>, C4<0>;
v0x87eda70c0_0 .net/2u *"_ivl_22", 31 0, L_0x87f0f4880;  1 drivers
v0x87eda7160_0 .net *"_ivl_24", 31 0, L_0x87ecb69e0;  1 drivers
v0x87eda7200_0 .net *"_ivl_26", 7 0, L_0x87eda90e0;  1 drivers
L_0x87f0f48c8 .functor BUFT 1, C4<00000000000000000000000000000000>, C4<0>, C4<0>, C4<0>;
v0x87eda72a0_0 .net/2u *"_ivl_28", 31 0, L_0x87f0f48c8;  1 drivers
v0x87eda7340_0 .net *"_ivl_3", 0 0, L_0x87ec33250;  1 drivers
v0x87eda73e0_0 .net *"_ivl_30", 31 0, L_0x87ecb6a80;  1 drivers
v0x87eda7480_0 .net *"_ivl_8", 7 0, L_0x87eda8f00;  1 drivers
v0x87eda7520_0 .net "clk", 0 0, v0x87eda7d40_0;  1 drivers
v0x87eda75c0_0 .net "debug_pc", 31 0, L_0x87ec32ed0;  alias, 1 drivers
v0x87eda7660_0 .net "debug_stall", 0 0, L_0x87ec32f40;  alias, 1 drivers
v0x87eda7700_0 .net "dmem_addr", 31 0, v0x87eda21c0_0;  1 drivers
v0x87eda77a0_0 .net "dmem_rdata", 31 0, v0x87eda69e0_0;  1 drivers
v0x87eda7840_0 .net "dmem_re", 0 0, v0x87eda2260_0;  1 drivers
L_0x87f0f40a0 .functor BUFT 1, C4<1>, C4<0>, C4<0>, C4<0>;
v0x87eda78e0_0 .net "dmem_ready", 0 0, L_0x87f0f40a0;  1 drivers
v0x87eda7980_0 .net "dmem_size", 1 0, L_0x87ec33640;  1 drivers
v0x87eda7a20_0 .net "dmem_wdata", 31 0, L_0x87ec334f0;  1 drivers
v0x87eda7ac0_0 .net "dmem_we", 0 0, v0x87eda2440_0;  1 drivers
v0x87eda7b60_0 .net "imem_addr", 31 0, L_0x87ec33090;  1 drivers
v0x87eda7c00_0 .net "imem_rdata", 31 0, L_0x87ec4af80;  1 drivers
v0x87eda7ca0_0 .net "rst_n", 0 0, v0x87eda7f20_0;  1 drivers
L_0x87ecb6800 .functor MUXZ 32, L_0x87ec33090, v0x87eda21c0_0, L_0x87ec33250, C4<>;
L_0x87eda8f00 .array/port v0x87eda6940, L_0x87ecb68a0;
L_0x87ecb68a0 .arith/sum 32, L_0x87ec33090, L_0x87f0f47f0;
L_0x87eda8fa0 .array/port v0x87eda6940, L_0x87ecb6940;
L_0x87ecb6940 .arith/sum 32, L_0x87ec33090, L_0x87f0f4838;
L_0x87eda9040 .array/port v0x87eda6940, L_0x87ecb69e0;
L_0x87ecb69e0 .arith/sum 32, L_0x87ec33090, L_0x87f0f4880;
L_0x87eda90e0 .array/port v0x87eda6940, L_0x87ecb6a80;
L_0x87ecb6a80 .arith/sum 32, L_0x87ec33090, L_0x87f0f48c8;
L_0x87ec4af80 .concat [ 8 8 8 8], L_0x87eda90e0, L_0x87eda9040, L_0x87eda8fa0, L_0x87eda8f00;
S_0x10239aa20 .scope module, "u_cpu" "cpu" 6 39, 7 8 0, S_0x10239a8a0;
 .timescale 0 0;
    .port_info 0 /INPUT 1 "clk";
    .port_info 1 /INPUT 1 "rst_n";
    .port_info 2 /OUTPUT 32 "imem_addr";
    .port_info 3 /INPUT 32 "imem_rdata";
    .port_info 4 /OUTPUT 32 "dmem_addr";
    .port_info 5 /OUTPUT 32 "dmem_wdata";
    .port_info 6 /OUTPUT 1 "dmem_we";
    .port_info 7 /OUTPUT 1 "dmem_re";
    .port_info 8 /OUTPUT 2 "dmem_size";
    .port_info 9 /INPUT 32 "dmem_rdata";
    .port_info 10 /INPUT 1 "dmem_ready";
    .port_info 11 /OUTPUT 32 "debug_pc";
    .port_info 12 /OUTPUT 1 "debug_stall";
P_0x87ed98d80 .param/l "XLEN" 0 7 9, +C4<00000000000000000000000000100000>;
v0x87eda5e00_0 .net "clk", 0 0, v0x87eda7d40_0;  alias, 1 drivers
v0x87eda5ea0_0 .net "debug_pc", 31 0, L_0x87ec32ed0;  alias, 1 drivers
v0x87eda5f40_0 .net "debug_stall", 0 0, L_0x87ec32f40;  alias, 1 drivers
v0x87eda5fe0_0 .net "dmem_addr", 31 0, v0x87eda21c0_0;  alias, 1 drivers
v0x87eda6080_0 .net "dmem_rdata", 31 0, v0x87eda69e0_0;  alias, 1 drivers
v0x87eda6120_0 .net "dmem_re", 0 0, v0x87eda2260_0;  alias, 1 drivers
v0x87eda61c0_0 .net "dmem_ready", 0 0, L_0x87f0f40a0;  alias, 1 drivers
v0x87eda6260_0 .net "dmem_size", 1 0, L_0x87ec33640;  alias, 1 drivers
v0x87eda6300_0 .net "dmem_wdata", 31 0, L_0x87ec334f0;  alias, 1 drivers
v0x87eda63a0_0 .net "dmem_we", 0 0, v0x87eda2440_0;  alias, 1 drivers
v0x87eda6440_0 .net "imem_addr", 31 0, L_0x87ec33090;  alias, 1 drivers
v0x87eda64e0_0 .net "imem_rdata", 31 0, L_0x87ec4af80;  alias, 1 drivers
v0x87eda6580_0 .net "rst_n", 0 0, v0x87eda7f20_0;  alias, 1 drivers
S_0x1023969c0 .scope module, "u_pipeline" "pipeline" 7 31, 8 10 0, S_0x10239aa20;
 .timescale 0 0;
    .port_info 0 /INPUT 1 "clk";
    .port_info 1 /INPUT 1 "rst_n";
    .port_info 2 /OUTPUT 32 "imem_addr";
    .port_info 3 /INPUT 32 "imem_rdata";
    .port_info 4 /OUTPUT 32 "dmem_addr";
    .port_info 5 /OUTPUT 32 "dmem_wdata";
    .port_info 6 /OUTPUT 1 "dmem_we";
    .port_info 7 /OUTPUT 1 "dmem_re";
    .port_info 8 /OUTPUT 2 "dmem_size";
    .port_info 9 /INPUT 32 "dmem_rdata";
    .port_info 10 /INPUT 1 "dmem_ready";
    .port_info 11 /OUTPUT 32 "debug_pc";
    .port_info 12 /OUTPUT 1 "debug_stall";
P_0x87ed98dc0 .param/l "XLEN" 0 8 11, +C4<00000000000000000000000000100000>;
L_0x87ec32ed0 .functor BUFZ 32, v0x87eda5720_0, C4<00000000000000000000000000000000>, C4<00000000000000000000000000000000>, C4<00000000000000000000000000000000>;
L_0x87ec32f40 .functor BUFZ 1, v0x87ed9d860_0, C4<0>, C4<0>, C4<0>;
L_0x87ec323e0 .functor OR 1, v0x87eda2f80_0, v0x87eda3020_0, C4<0>, C4<0>;
L_0x87ec31d50 .functor OR 1, L_0x87ec323e0, v0x87eda30c0_0, C4<0>, C4<0>;
L_0x87ec312d0 .functor AND 1, v0x87eda3a20_0, L_0x87ec31d50, C4<1>, C4<1>;
L_0x87ec31960 .functor AND 1, v0x87eda3a20_0, v0x87ecf30c0_0, C4<1>, C4<1>;
L_0x87ec33020 .functor AND 1, v0x87ed9e760_0, v0x87ecf32a0_0, C4<1>, C4<1>;
L_0x87ec33090 .functor BUFZ 32, v0x87eda5720_0, C4<00000000000000000000000000000000>, C4<00000000000000000000000000000000>, C4<00000000000000000000000000000000>;
L_0x87ec33100 .functor OR 1, v0x87eda3020_0, v0x87eda30c0_0, C4<0>, C4<0>;
L_0x87ec33170 .functor AND 1, v0x87eda3a20_0, v0x87ecf30c0_0, C4<1>, C4<1>;
L_0x87ec331e0 .functor XOR 1, v0x87ecf30c0_0, v0x87eda3520_0, C4<0>, C4<0>;
L_0x87ec332c0 .functor AND 1, v0x87ecf30c0_0, L_0x87f47f020, C4<1>, C4<1>;
L_0x87ec33330 .functor OR 1, L_0x87ec331e0, L_0x87ec332c0, C4<0>, C4<0>;
L_0x87ec333a0 .functor AND 1, v0x87eda3a20_0, L_0x87ec33330, C4<1>, C4<1>;
L_0x87ec33410 .functor OR 1, L_0x87ec33170, L_0x87ec333a0, C4<0>, C4<0>;
L_0x87ec334f0 .functor BUFZ 32, v0x87eda2620_0, C4<00000000000000000000000000000000>, C4<00000000000000000000000000000000>, C4<00000000000000000000000000000000>;
L_0x87ec33640 .functor BUFZ 2, v0x87eda2300_0, C4<00>, C4<00>, C4<00>;
L_0x87f0f40e8 .functor BUFT 1, C4<00000000000000000000000000000100>, C4<0>, C4<0>, C4<0>;
v0x87eda0e60_0 .net/2u *"_ivl_0", 31 0, L_0x87f0f40e8;  1 drivers
v0x87eda0f00_0 .net *"_ivl_11", 0 0, L_0x87ec323e0;  1 drivers
v0x87eda0fa0_0 .net *"_ivl_13", 0 0, L_0x87ec31d50;  1 drivers
v0x87eda1040_0 .net *"_ivl_21", 0 0, L_0x87ec33020;  1 drivers
v0x87eda10e0_0 .net *"_ivl_41", 0 0, L_0x87ec33100;  1 drivers
L_0x87f0f4760 .functor BUFT 1, C4<00000000000000000000000000000100>, C4<0>, C4<0>, C4<0>;
v0x87eda1180_0 .net/2u *"_ivl_42", 31 0, L_0x87f0f4760;  1 drivers
v0x87eda1220_0 .net *"_ivl_44", 31 0, L_0x87ecb6440;  1 drivers
v0x87eda12c0_0 .net *"_ivl_46", 31 0, L_0x87ecb64e0;  1 drivers
v0x87eda1360_0 .net *"_ivl_52", 0 0, L_0x87ec331e0;  1 drivers
v0x87eda1400_0 .net *"_ivl_54", 0 0, L_0x87f47f020;  1 drivers
v0x87eda14a0_0 .net *"_ivl_57", 0 0, L_0x87ec332c0;  1 drivers
v0x87eda1540_0 .net *"_ivl_59", 0 0, L_0x87ec33330;  1 drivers
v0x87eda15e0_0 .var "alu_a", 31 0;
v0x87eda1680_0 .net "alu_b", 31 0, L_0x87ecb63a0;  1 drivers
v0x87eda1720_0 .var "alu_b_raw", 31 0;
v0x87eda17c0_0 .net "alu_result", 31 0, v0x87ecf29e0_0;  1 drivers
v0x87eda1860_0 .net "alu_zero", 0 0, L_0x87f47ed00;  1 drivers
v0x87eda1900_0 .net "branch_target", 31 0, v0x87ecf3160_0;  1 drivers
v0x87eda19a0_0 .net "btb_hit", 0 0, v0x87ecf32a0_0;  1 drivers
v0x87eda1a40_0 .net "btb_target", 31 0, v0x87ecf3700_0;  1 drivers
v0x87eda1ae0_0 .net "clk", 0 0, v0x87eda7d40_0;  alias, 1 drivers
v0x87eda1b80_0 .net "debug_pc", 31 0, L_0x87ec32ed0;  alias, 1 drivers
v0x87eda1c20_0 .net "debug_stall", 0 0, L_0x87ec32f40;  alias, 1 drivers
v0x87eda1cc0_0 .net "dmem_addr", 31 0, v0x87eda21c0_0;  alias, 1 drivers
v0x87eda1d60_0 .net "dmem_rdata", 31 0, v0x87eda69e0_0;  alias, 1 drivers
v0x87eda1e00_0 .net "dmem_re", 0 0, v0x87eda2260_0;  alias, 1 drivers
v0x87eda1ea0_0 .net "dmem_ready", 0 0, L_0x87f0f40a0;  alias, 1 drivers
v0x87eda1f40_0 .net "dmem_size", 1 0, L_0x87ec33640;  alias, 1 drivers
v0x87eda1fe0_0 .net "dmem_wdata", 31 0, L_0x87ec334f0;  alias, 1 drivers
v0x87eda2080_0 .net "dmem_we", 0 0, v0x87eda2440_0;  alias, 1 drivers
v0x87eda2120_0 .net "do_take", 0 0, L_0x87ec33170;  1 drivers
v0x87eda21c0_0 .var "ex_mem_alu_result", 31 0;
v0x87eda2260_0 .var "ex_mem_mem_read", 0 0;
v0x87eda2300_0 .var "ex_mem_mem_size", 1 0;
v0x87eda23a0_0 .var "ex_mem_mem_to_reg", 0 0;
v0x87eda2440_0 .var "ex_mem_mem_write", 0 0;
v0x87eda24e0_0 .var "ex_mem_rd", 4 0;
v0x87eda2580_0 .var "ex_mem_reg_write", 0 0;
v0x87eda2620_0 .var "ex_mem_rs2_data", 31 0;
v0x87eda26c0_0 .var "ex_mem_valid", 0 0;
v0x87eda2760_0 .net "ex_result", 31 0, L_0x87ecb6580;  1 drivers
v0x87eda2800_0 .net "flush_id_ex", 0 0, v0x87ed9d680_0;  1 drivers
v0x87eda28a0_0 .net "flush_if_id", 0 0, L_0x87ec33410;  1 drivers
v0x87eda2940_0 .net "forward_a", 1 0, v0x87ed9d180_0;  1 drivers
v0x87eda29e0_0 .net "forward_b", 1 0, v0x87ed9d220_0;  1 drivers
v0x87eda2a80_0 .net "id_alu_op", 4 0, L_0x87ecb61c0;  1 drivers
v0x87eda2b20_0 .net "id_alu_op_i", 4 0, v0x87ed9fa20_0;  1 drivers
v0x87eda2bc0_0 .net "id_alu_op_m", 4 0, v0x87eda0960_0;  1 drivers
v0x87eda2c60_0 .net "id_alu_src", 0 0, v0x87ed9fac0_0;  1 drivers
v0x87eda2d00_0 .var "id_ex_alu_op", 4 0;
v0x87eda2da0_0 .var "id_ex_alu_src", 0 0;
v0x87eda2e40_0 .var "id_ex_funct3", 2 0;
v0x87eda2ee0_0 .var "id_ex_imm", 31 0;
v0x87eda2f80_0 .var "id_ex_is_branch", 0 0;
v0x87eda3020_0 .var "id_ex_is_jal", 0 0;
v0x87eda30c0_0 .var "id_ex_is_jalr", 0 0;
v0x87eda3160_0 .var "id_ex_is_muldiv", 0 0;
v0x87eda3200_0 .var "id_ex_mem_read", 0 0;
v0x87eda32a0_0 .var "id_ex_mem_size", 1 0;
v0x87eda3340_0 .var "id_ex_mem_to_reg", 0 0;
v0x87eda33e0_0 .var "id_ex_mem_write", 0 0;
v0x87eda3480_0 .var "id_ex_pc", 31 0;
v0x87eda3520_0 .var "id_ex_pred_taken", 0 0;
v0x87eda35c0_0 .var "id_ex_pred_target", 31 0;
v0x87eda3660_0 .var "id_ex_rd", 4 0;
v0x87eda3700_0 .var "id_ex_reg_write", 0 0;
v0x87eda37a0_0 .var "id_ex_rs1", 4 0;
v0x87eda3840_0 .var "id_ex_rs1_data", 31 0;
v0x87eda38e0_0 .var "id_ex_rs2", 4 0;
v0x87eda3980_0 .var "id_ex_rs2_data", 31 0;
v0x87eda3a20_0 .var "id_ex_valid", 0 0;
v0x87eda3ac0_0 .net "id_funct3", 2 0, L_0x87eda8780;  1 drivers
v0x87eda3b60_0 .net "id_funct7", 6 0, L_0x87eda8b40;  1 drivers
v0x87eda3c00_0 .net "id_imm", 31 0, v0x87ed9c320_0;  1 drivers
v0x87eda3ca0_0 .net "id_is_auipc", 0 0, L_0x87f47ea80;  1 drivers
v0x87eda3d40_0 .net "id_is_branch", 0 0, v0x87ed9fd40_0;  1 drivers
v0x87eda3de0_0 .net "id_is_branch_op", 0 0, L_0x87f47dfe0;  1 drivers
v0x87eda3e80_0 .net "id_is_jal", 0 0, v0x87ed9fe80_0;  1 drivers
v0x87eda3f20_0 .net "id_is_jal_op", 0 0, L_0x87f47e080;  1 drivers
v0x87eda4000_0 .net "id_is_jalr", 0 0, v0x87eda0000_0;  1 drivers
v0x87eda40a0_0 .net "id_is_jalr_op", 0 0, L_0x87f47e120;  1 drivers
v0x87eda4140_0 .net "id_is_load_op", 0 0, L_0x87f47d400;  1 drivers
v0x87eda41e0_0 .net "id_is_lui", 0 0, L_0x87f47e9e0;  1 drivers
v0x87eda4280_0 .net "id_is_muldiv", 0 0, v0x87eda0b40_0;  1 drivers
v0x87eda4320_0 .net "id_is_op", 0 0, L_0x87f47e940;  1 drivers
v0x87eda43c0_0 .net "id_is_op_imm", 0 0, L_0x87f47e8a0;  1 drivers
v0x87eda4460_0 .net "id_is_store_op", 0 0, L_0x87f47c3c0;  1 drivers
v0x87eda4500_0 .net "id_mem_read", 0 0, v0x87eda0500_0;  1 drivers
v0x87eda45a0_0 .net "id_mem_size", 1 0, v0x87eda05a0_0;  1 drivers
v0x87eda4640_0 .net "id_mem_to_reg", 0 0, v0x87eda0640_0;  1 drivers
v0x87eda46e0_0 .net "id_mem_write", 0 0, v0x87eda06e0_0;  1 drivers
v0x87eda4780_0 .net "id_opcode", 6 0, L_0x87eda8820;  1 drivers
v0x87eda4820_0 .net "id_rd", 4 0, L_0x87eda86e0;  1 drivers
v0x87eda48c0_0 .net "id_reg_write", 0 0, L_0x87ecb6120;  1 drivers
v0x87eda4960_0 .net "id_reg_write_i", 0 0, v0x87eda0820_0;  1 drivers
v0x87eda4a00_0 .net "id_reg_write_m", 0 0, v0x87eda0d20_0;  1 drivers
v0x87eda4aa0_0 .net "id_rs1", 4 0, L_0x87eda85a0;  1 drivers
v0x87eda4b40_0 .net "id_rs2", 4 0, L_0x87eda8640;  1 drivers
v0x87eda4be0_0 .net "id_valid_i", 0 0, v0x87eda08c0_0;  1 drivers
v0x87eda4c80_0 .net "id_valid_m", 0 0, v0x87eda0dc0_0;  1 drivers
v0x87eda4d20_0 .var "if_id_inst", 31 0;
v0x87eda4dc0_0 .var "if_id_pc", 31 0;
v0x87eda4e60_0 .var "if_id_pred_taken", 0 0;
v0x87eda4f00_0 .var "if_id_pred_target", 31 0;
v0x87eda4fa0_0 .var "if_id_valid", 0 0;
v0x87eda5040_0 .net "imem_addr", 31 0, L_0x87ec33090;  alias, 1 drivers
v0x87eda50e0_0 .net "imem_rdata", 31 0, L_0x87ec4af80;  alias, 1 drivers
v0x87eda5180_0 .var "mem_wb_alu_result", 31 0;
v0x87eda5220_0 .var "mem_wb_mem_data", 31 0;
v0x87eda52c0_0 .var "mem_wb_mem_to_reg", 0 0;
v0x87eda5360_0 .var "mem_wb_rd", 4 0;
v0x87eda5400_0 .var "mem_wb_reg_write", 0 0;
v0x87eda54a0_0 .var "mem_wb_valid", 0 0;
v0x87eda5540_0 .net "mispredict", 0 0, L_0x87ec333a0;  1 drivers
v0x87eda55e0_0 .net "muldiv_result", 31 0, v0x87ed9e300_0;  1 drivers
v0x87eda5680_0 .net "next_pc", 31 0, L_0x87ecb6620;  1 drivers
v0x87eda5720_0 .var "pc", 31 0;
v0x87eda57c0_0 .net "pc_plus4", 31 0, L_0x87ecb5fe0;  1 drivers
v0x87eda5860_0 .net "pred_taken", 0 0, v0x87ed9e760_0;  1 drivers
v0x87eda5900_0 .net "pred_valid", 0 0, v0x87ed9e800_0;  1 drivers
v0x87eda59a0_0 .net "predicted_next", 31 0, L_0x87ecb6080;  1 drivers
v0x87eda5a40_0 .net "rf_rdata1", 31 0, L_0x87ecb6260;  1 drivers
v0x87eda5ae0_0 .net "rf_rdata2", 31 0, L_0x87ecb6300;  1 drivers
v0x87eda5b80_0 .net "rst_n", 0 0, v0x87eda7f20_0;  alias, 1 drivers
v0x87eda5c20_0 .net "stall", 0 0, v0x87ed9d860_0;  1 drivers
v0x87eda5cc0_0 .net "take_branch", 0 0, v0x87ecf30c0_0;  1 drivers
v0x87eda5d60_0 .net "wb_wdata", 31 0, L_0x87ecb6760;  1 drivers
E_0x87ed06700/0 .event anyedge, v0x87ed9d180_0, v0x87eda21c0_0, v0x87ed9f8e0_0, v0x87eda3840_0;
E_0x87ed06700/1 .event anyedge, v0x87ed9d220_0, v0x87eda3980_0;
E_0x87ed06700 .event/or E_0x87ed06700/0, E_0x87ed06700/1;
L_0x87ecb5fe0 .arith/sum 32, v0x87eda5720_0, L_0x87f0f40e8;
L_0x87ecb6080 .functor MUXZ 32, L_0x87ecb5fe0, v0x87ecf3700_0, L_0x87ec33020, C4<>;
L_0x87eda85a0 .part v0x87eda4d20_0, 15, 5;
L_0x87eda8640 .part v0x87eda4d20_0, 20, 5;
L_0x87eda86e0 .part v0x87eda4d20_0, 7, 5;
L_0x87eda8780 .part v0x87eda4d20_0, 12, 3;
L_0x87ecb6120 .functor MUXZ 1, v0x87eda0820_0, v0x87eda0d20_0, v0x87eda0dc0_0, C4<>;
L_0x87ecb61c0 .functor MUXZ 5, v0x87ed9fa20_0, v0x87eda0960_0, v0x87eda0dc0_0, C4<>;
L_0x87ecb63a0 .functor MUXZ 32, v0x87eda1720_0, v0x87eda2ee0_0, v0x87eda2da0_0, C4<>;
L_0x87ecb6440 .arith/sum 32, v0x87eda3480_0, L_0x87f0f4760;
L_0x87ecb64e0 .functor MUXZ 32, v0x87ecf29e0_0, L_0x87ecb6440, L_0x87ec33100, C4<>;
L_0x87ecb6580 .functor MUXZ 32, L_0x87ecb64e0, v0x87ed9e300_0, v0x87eda3160_0, C4<>;
L_0x87f47f020 .cmp/ne 32, v0x87ecf3160_0, v0x87eda35c0_0;
L_0x87ecb6620 .functor MUXZ 32, L_0x87ecb5fe0, v0x87ecf3160_0, L_0x87ec33170, C4<>;
L_0x87ecb6760 .functor MUXZ 32, v0x87eda5180_0, v0x87eda5220_0, v0x87eda52c0_0, C4<>;
S_0x1023989c0 .scope module, "u_alu" "alu" 8 384, 9 8 0, S_0x1023969c0;
 .timescale 0 0;
    .port_info 0 /INPUT 32 "a";
    .port_info 1 /INPUT 32 "b";
    .port_info 2 /INPUT 5 "op";
    .port_info 3 /OUTPUT 32 "result";
    .port_info 4 /OUTPUT 1 "zero";
P_0x87ed98e00 .param/l "XLEN" 0 9 9, +C4<00000000000000000000000000100000>;
L_0x87f0f4640 .functor BUFT 1, C4<00000000000000000000000000000000>, C4<0>, C4<0>, C4<0>;
v0x87ecf2760_0 .net/2u *"_ivl_0", 31 0, L_0x87f0f4640;  1 drivers
v0x87ecf2800_0 .net "a", 31 0, v0x87eda15e0_0;  1 drivers
v0x87ecf28a0_0 .net "b", 31 0, L_0x87ecb63a0;  alias, 1 drivers
v0x87ecf2940_0 .net "op", 4 0, v0x87eda2d00_0;  1 drivers
v0x87ecf29e0_0 .var "result", 31 0;
v0x87ecf2a80_0 .net "zero", 0 0, L_0x87f47ed00;  alias, 1 drivers
E_0x87ed06740 .event anyedge, v0x87ecf2940_0, v0x87ecf2800_0, v0x87ecf28a0_0;
L_0x87f47ed00 .cmp/eq 32, v0x87ecf29e0_0, L_0x87f0f4640;
S_0x102398b40 .scope module, "u_branch" "branch_unit" 8 406, 10 9 0, S_0x1023969c0;
 .timescale 0 0;
    .port_info 0 /INPUT 32 "rs1_data";
    .port_info 1 /INPUT 32 "rs2_data";
    .port_info 2 /INPUT 32 "pc";
    .port_info 3 /INPUT 32 "imm";
    .port_info 4 /INPUT 3 "funct3";
    .port_info 5 /INPUT 1 "is_branch";
    .port_info 6 /INPUT 1 "is_jal";
    .port_info 7 /INPUT 1 "is_jalr";
    .port_info 8 /OUTPUT 1 "taken";
    .port_info 9 /OUTPUT 32 "target";
P_0x87ed98e40 .param/l "XLEN" 0 10 10, +C4<00000000000000000000000000100000>;
v0x87ecf2b20_0 .var "cond", 0 0;
v0x87ecf2bc0_0 .net "funct3", 2 0, v0x87eda2e40_0;  1 drivers
v0x87ecf2c60_0 .net "imm", 31 0, v0x87eda2ee0_0;  1 drivers
v0x87ecf2d00_0 .net "is_branch", 0 0, v0x87eda2f80_0;  1 drivers
v0x87ecf2da0_0 .net "is_jal", 0 0, v0x87eda3020_0;  1 drivers
v0x87ecf2e40_0 .net "is_jalr", 0 0, v0x87eda30c0_0;  1 drivers
v0x87ecf2ee0_0 .net "pc", 31 0, v0x87eda3480_0;  1 drivers
v0x87ecf2f80_0 .net "rs1_data", 31 0, v0x87eda15e0_0;  alias, 1 drivers
v0x87ecf3020_0 .net "rs2_data", 31 0, v0x87eda1720_0;  1 drivers
v0x87ecf30c0_0 .var "taken", 0 0;
v0x87ecf3160_0 .var "target", 31 0;
E_0x87ed06780/0 .event anyedge, v0x87ecf2ee0_0, v0x87ecf2da0_0, v0x87ecf2c60_0, v0x87ecf2e40_0;
E_0x87ed06780/1 .event anyedge, v0x87ecf2800_0, v0x87ecf2d00_0, v0x87ecf2b20_0;
E_0x87ed06780 .event/or E_0x87ed06780/0, E_0x87ed06780/1;
E_0x87ed06800 .event anyedge, v0x87ecf2bc0_0, v0x87ecf2800_0, v0x87ecf3020_0;
S_0x10238eab0 .scope module, "u_btb" "btb" 8 110, 11 10 0, S_0x1023969c0;
 .timescale 0 0;
    .port_info 0 /INPUT 1 "clk";
    .port_info 1 /INPUT 1 "rst_n";
    .port_info 2 /INPUT 32 "pc";
    .port_info 3 /INPUT 1 "lookup_en";
    .port_info 4 /OUTPUT 32 "target";
    .port_info 5 /OUTPUT 1 "hit";
    .port_info 6 /INPUT 1 "update_en";
    .port_info 7 /INPUT 32 "update_pc";
    .port_info 8 /INPUT 32 "update_target";
P_0x102399f50 .param/l "ENTRIES" 0 11 11, +C4<00000000000000000000000001000000>;
P_0x102399f90 .param/l "IDX_BITS" 1 11 29, +C4<00000000000000000000000000000110>;
P_0x102399fd0 .param/l "XLEN" 0 11 12, +C4<00000000000000000000000000100000>;
v0x87ecf3200_0 .net "clk", 0 0, v0x87eda7d40_0;  alias, 1 drivers
v0x87ecf32a0_0 .var "hit", 0 0;
v0x87ecf3340_0 .var/i "i", 31 0;
v0x87ecf33e0_0 .net "idx", 5 0, L_0x87eda8460;  1 drivers
L_0x87f0f4178 .functor BUFT 1, C4<1>, C4<0>, C4<0>, C4<0>;
v0x87ecf3480_0 .net "lookup_en", 0 0, L_0x87f0f4178;  1 drivers
v0x87ecf3520_0 .net "pc", 31 0, v0x87eda5720_0;  1 drivers
v0x87ecf35c0_0 .net "rst_n", 0 0, v0x87eda7f20_0;  alias, 1 drivers
v0x87ecf3660 .array "tag_mem", 63 0, 31 0;
v0x87ecf3700_0 .var "target", 31 0;
v0x87ecf37a0 .array "target_mem", 63 0, 31 0;
v0x87ecf3840_0 .net "update_en", 0 0, L_0x87ec31960;  1 drivers
v0x87ecf38e0_0 .net "update_idx", 5 0, L_0x87eda8500;  1 drivers
v0x87ecf3980_0 .net "update_pc", 31 0, v0x87eda3480_0;  alias, 1 drivers
v0x87ecf3a20_0 .net "update_target", 31 0, v0x87ecf3160_0;  alias, 1 drivers
v0x87ecf3ac0 .array "valid", 63 0, 0 0;
E_0x87ed06840/0 .event negedge, v0x87ecf35c0_0;
E_0x87ed06840/1 .event posedge, v0x87ecf3200_0;
E_0x87ed06840 .event/or E_0x87ed06840/0, E_0x87ed06840/1;
v0x87ecf3ac0_0 .array/port v0x87ecf3ac0, 0;
v0x87ecf3ac0_1 .array/port v0x87ecf3ac0, 1;
E_0x87ed06880/0 .event anyedge, v0x87ecf3480_0, v0x87ecf33e0_0, v0x87ecf3ac0_0, v0x87ecf3ac0_1;
v0x87ecf3ac0_2 .array/port v0x87ecf3ac0, 2;
v0x87ecf3ac0_3 .array/port v0x87ecf3ac0, 3;
v0x87ecf3ac0_4 .array/port v0x87ecf3ac0, 4;
v0x87ecf3ac0_5 .array/port v0x87ecf3ac0, 5;
E_0x87ed06880/1 .event anyedge, v0x87ecf3ac0_2, v0x87ecf3ac0_3, v0x87ecf3ac0_4, v0x87ecf3ac0_5;
v0x87ecf3ac0_6 .array/port v0x87ecf3ac0, 6;
v0x87ecf3ac0_7 .array/port v0x87ecf3ac0, 7;
v0x87ecf3ac0_8 .array/port v0x87ecf3ac0, 8;
v0x87ecf3ac0_9 .array/port v0x87ecf3ac0, 9;
E_0x87ed06880/2 .event anyedge, v0x87ecf3ac0_6, v0x87ecf3ac0_7, v0x87ecf3ac0_8, v0x87ecf3ac0_9;
v0x87ecf3ac0_10 .array/port v0x87ecf3ac0, 10;
v0x87ecf3ac0_11 .array/port v0x87ecf3ac0, 11;
v0x87ecf3ac0_12 .array/port v0x87ecf3ac0, 12;
v0x87ecf3ac0_13 .array/port v0x87ecf3ac0, 13;
E_0x87ed06880/3 .event anyedge, v0x87ecf3ac0_10, v0x87ecf3ac0_11, v0x87ecf3ac0_12, v0x87ecf3ac0_13;
v0x87ecf3ac0_14 .array/port v0x87ecf3ac0, 14;
v0x87ecf3ac0_15 .array/port v0x87ecf3ac0, 15;
v0x87ecf3ac0_16 .array/port v0x87ecf3ac0, 16;
v0x87ecf3ac0_17 .array/port v0x87ecf3ac0, 17;
E_0x87ed06880/4 .event anyedge, v0x87ecf3ac0_14, v0x87ecf3ac0_15, v0x87ecf3ac0_16, v0x87ecf3ac0_17;
v0x87ecf3ac0_18 .array/port v0x87ecf3ac0, 18;
v0x87ecf3ac0_19 .array/port v0x87ecf3ac0, 19;
v0x87ecf3ac0_20 .array/port v0x87ecf3ac0, 20;
v0x87ecf3ac0_21 .array/port v0x87ecf3ac0, 21;
E_0x87ed06880/5 .event anyedge, v0x87ecf3ac0_18, v0x87ecf3ac0_19, v0x87ecf3ac0_20, v0x87ecf3ac0_21;
v0x87ecf3ac0_22 .array/port v0x87ecf3ac0, 22;
v0x87ecf3ac0_23 .array/port v0x87ecf3ac0, 23;
v0x87ecf3ac0_24 .array/port v0x87ecf3ac0, 24;
v0x87ecf3ac0_25 .array/port v0x87ecf3ac0, 25;
E_0x87ed06880/6 .event anyedge, v0x87ecf3ac0_22, v0x87ecf3ac0_23, v0x87ecf3ac0_24, v0x87ecf3ac0_25;
v0x87ecf3ac0_26 .array/port v0x87ecf3ac0, 26;
v0x87ecf3ac0_27 .array/port v0x87ecf3ac0, 27;
v0x87ecf3ac0_28 .array/port v0x87ecf3ac0, 28;
v0x87ecf3ac0_29 .array/port v0x87ecf3ac0, 29;
E_0x87ed06880/7 .event anyedge, v0x87ecf3ac0_26, v0x87ecf3ac0_27, v0x87ecf3ac0_28, v0x87ecf3ac0_29;
v0x87ecf3ac0_30 .array/port v0x87ecf3ac0, 30;
v0x87ecf3ac0_31 .array/port v0x87ecf3ac0, 31;
v0x87ecf3ac0_32 .array/port v0x87ecf3ac0, 32;
v0x87ecf3ac0_33 .array/port v0x87ecf3ac0, 33;
E_0x87ed06880/8 .event anyedge, v0x87ecf3ac0_30, v0x87ecf3ac0_31, v0x87ecf3ac0_32, v0x87ecf3ac0_33;
v0x87ecf3ac0_34 .array/port v0x87ecf3ac0, 34;
v0x87ecf3ac0_35 .array/port v0x87ecf3ac0, 35;
v0x87ecf3ac0_36 .array/port v0x87ecf3ac0, 36;
v0x87ecf3ac0_37 .array/port v0x87ecf3ac0, 37;
E_0x87ed06880/9 .event anyedge, v0x87ecf3ac0_34, v0x87ecf3ac0_35, v0x87ecf3ac0_36, v0x87ecf3ac0_37;
v0x87ecf3ac0_38 .array/port v0x87ecf3ac0, 38;
v0x87ecf3ac0_39 .array/port v0x87ecf3ac0, 39;
v0x87ecf3ac0_40 .array/port v0x87ecf3ac0, 40;
v0x87ecf3ac0_41 .array/port v0x87ecf3ac0, 41;
E_0x87ed06880/10 .event anyedge, v0x87ecf3ac0_38, v0x87ecf3ac0_39, v0x87ecf3ac0_40, v0x87ecf3ac0_41;
v0x87ecf3ac0_42 .array/port v0x87ecf3ac0, 42;
v0x87ecf3ac0_43 .array/port v0x87ecf3ac0, 43;
v0x87ecf3ac0_44 .array/port v0x87ecf3ac0, 44;
v0x87ecf3ac0_45 .array/port v0x87ecf3ac0, 45;
E_0x87ed06880/11 .event anyedge, v0x87ecf3ac0_42, v0x87ecf3ac0_43, v0x87ecf3ac0_44, v0x87ecf3ac0_45;
v0x87ecf3ac0_46 .array/port v0x87ecf3ac0, 46;
v0x87ecf3ac0_47 .array/port v0x87ecf3ac0, 47;
v0x87ecf3ac0_48 .array/port v0x87ecf3ac0, 48;
v0x87ecf3ac0_49 .array/port v0x87ecf3ac0, 49;
E_0x87ed06880/12 .event anyedge, v0x87ecf3ac0_46, v0x87ecf3ac0_47, v0x87ecf3ac0_48, v0x87ecf3ac0_49;
v0x87ecf3ac0_50 .array/port v0x87ecf3ac0, 50;
v0x87ecf3ac0_51 .array/port v0x87ecf3ac0, 51;
v0x87ecf3ac0_52 .array/port v0x87ecf3ac0, 52;
v0x87ecf3ac0_53 .array/port v0x87ecf3ac0, 53;
E_0x87ed06880/13 .event anyedge, v0x87ecf3ac0_50, v0x87ecf3ac0_51, v0x87ecf3ac0_52, v0x87ecf3ac0_53;
v0x87ecf3ac0_54 .array/port v0x87ecf3ac0, 54;
v0x87ecf3ac0_55 .array/port v0x87ecf3ac0, 55;
v0x87ecf3ac0_56 .array/port v0x87ecf3ac0, 56;
v0x87ecf3ac0_57 .array/port v0x87ecf3ac0, 57;
E_0x87ed06880/14 .event anyedge, v0x87ecf3ac0_54, v0x87ecf3ac0_55, v0x87ecf3ac0_56, v0x87ecf3ac0_57;
v0x87ecf3ac0_58 .array/port v0x87ecf3ac0, 58;
v0x87ecf3ac0_59 .array/port v0x87ecf3ac0, 59;
v0x87ecf3ac0_60 .array/port v0x87ecf3ac0, 60;
v0x87ecf3ac0_61 .array/port v0x87ecf3ac0, 61;
E_0x87ed06880/15 .event anyedge, v0x87ecf3ac0_58, v0x87ecf3ac0_59, v0x87ecf3ac0_60, v0x87ecf3ac0_61;
v0x87ecf3ac0_62 .array/port v0x87ecf3ac0, 62;
v0x87ecf3ac0_63 .array/port v0x87ecf3ac0, 63;
v0x87ecf3660_0 .array/port v0x87ecf3660, 0;
v0x87ecf3660_1 .array/port v0x87ecf3660, 1;
E_0x87ed06880/16 .event anyedge, v0x87ecf3ac0_62, v0x87ecf3ac0_63, v0x87ecf3660_0, v0x87ecf3660_1;
v0x87ecf3660_2 .array/port v0x87ecf3660, 2;
v0x87ecf3660_3 .array/port v0x87ecf3660, 3;
v0x87ecf3660_4 .array/port v0x87ecf3660, 4;
v0x87ecf3660_5 .array/port v0x87ecf3660, 5;
E_0x87ed06880/17 .event anyedge, v0x87ecf3660_2, v0x87ecf3660_3, v0x87ecf3660_4, v0x87ecf3660_5;
v0x87ecf3660_6 .array/port v0x87ecf3660, 6;
v0x87ecf3660_7 .array/port v0x87ecf3660, 7;
v0x87ecf3660_8 .array/port v0x87ecf3660, 8;
v0x87ecf3660_9 .array/port v0x87ecf3660, 9;
E_0x87ed06880/18 .event anyedge, v0x87ecf3660_6, v0x87ecf3660_7, v0x87ecf3660_8, v0x87ecf3660_9;
v0x87ecf3660_10 .array/port v0x87ecf3660, 10;
v0x87ecf3660_11 .array/port v0x87ecf3660, 11;
v0x87ecf3660_12 .array/port v0x87ecf3660, 12;
v0x87ecf3660_13 .array/port v0x87ecf3660, 13;
E_0x87ed06880/19 .event anyedge, v0x87ecf3660_10, v0x87ecf3660_11, v0x87ecf3660_12, v0x87ecf3660_13;
v0x87ecf3660_14 .array/port v0x87ecf3660, 14;
v0x87ecf3660_15 .array/port v0x87ecf3660, 15;
v0x87ecf3660_16 .array/port v0x87ecf3660, 16;
v0x87ecf3660_17 .array/port v0x87ecf3660, 17;
E_0x87ed06880/20 .event anyedge, v0x87ecf3660_14, v0x87ecf3660_15, v0x87ecf3660_16, v0x87ecf3660_17;
v0x87ecf3660_18 .array/port v0x87ecf3660, 18;
v0x87ecf3660_19 .array/port v0x87ecf3660, 19;
v0x87ecf3660_20 .array/port v0x87ecf3660, 20;
v0x87ecf3660_21 .array/port v0x87ecf3660, 21;
E_0x87ed06880/21 .event anyedge, v0x87ecf3660_18, v0x87ecf3660_19, v0x87ecf3660_20, v0x87ecf3660_21;
v0x87ecf3660_22 .array/port v0x87ecf3660, 22;
v0x87ecf3660_23 .array/port v0x87ecf3660, 23;
v0x87ecf3660_24 .array/port v0x87ecf3660, 24;
v0x87ecf3660_25 .array/port v0x87ecf3660, 25;
E_0x87ed06880/22 .event anyedge, v0x87ecf3660_22, v0x87ecf3660_23, v0x87ecf3660_24, v0x87ecf3660_25;
v0x87ecf3660_26 .array/port v0x87ecf3660, 26;
v0x87ecf3660_27 .array/port v0x87ecf3660, 27;
v0x87ecf3660_28 .array/port v0x87ecf3660, 28;
v0x87ecf3660_29 .array/port v0x87ecf3660, 29;
E_0x87ed06880/23 .event anyedge, v0x87ecf3660_26, v0x87ecf3660_27, v0x87ecf3660_28, v0x87ecf3660_29;
v0x87ecf3660_30 .array/port v0x87ecf3660, 30;
v0x87ecf3660_31 .array/port v0x87ecf3660, 31;
v0x87ecf3660_32 .array/port v0x87ecf3660, 32;
v0x87ecf3660_33 .array/port v0x87ecf3660, 33;
E_0x87ed06880/24 .event anyedge, v0x87ecf3660_30, v0x87ecf3660_31, v0x87ecf3660_32, v0x87ecf3660_33;
v0x87ecf3660_34 .array/port v0x87ecf3660, 34;
v0x87ecf3660_35 .array/port v0x87ecf3660, 35;
v0x87ecf3660_36 .array/port v0x87ecf3660, 36;
v0x87ecf3660_37 .array/port v0x87ecf3660, 37;
E_0x87ed06880/25 .event anyedge, v0x87ecf3660_34, v0x87ecf3660_35, v0x87ecf3660_36, v0x87ecf3660_37;
v0x87ecf3660_38 .array/port v0x87ecf3660, 38;
v0x87ecf3660_39 .array/port v0x87ecf3660, 39;
v0x87ecf3660_40 .array/port v0x87ecf3660, 40;
v0x87ecf3660_41 .array/port v0x87ecf3660, 41;
E_0x87ed06880/26 .event anyedge, v0x87ecf3660_38, v0x87ecf3660_39, v0x87ecf3660_40, v0x87ecf3660_41;
v0x87ecf3660_42 .array/port v0x87ecf3660, 42;
v0x87ecf3660_43 .array/port v0x87ecf3660, 43;
v0x87ecf3660_44 .array/port v0x87ecf3660, 44;
v0x87ecf3660_45 .array/port v0x87ecf3660, 45;
E_0x87ed06880/27 .event anyedge, v0x87ecf3660_42, v0x87ecf3660_43, v0x87ecf3660_44, v0x87ecf3660_45;
v0x87ecf3660_46 .array/port v0x87ecf3660, 46;
v0x87ecf3660_47 .array/port v0x87ecf3660, 47;
v0x87ecf3660_48 .array/port v0x87ecf3660, 48;
v0x87ecf3660_49 .array/port v0x87ecf3660, 49;
E_0x87ed06880/28 .event anyedge, v0x87ecf3660_46, v0x87ecf3660_47, v0x87ecf3660_48, v0x87ecf3660_49;
v0x87ecf3660_50 .array/port v0x87ecf3660, 50;
v0x87ecf3660_51 .array/port v0x87ecf3660, 51;
v0x87ecf3660_52 .array/port v0x87ecf3660, 52;
v0x87ecf3660_53 .array/port v0x87ecf3660, 53;
E_0x87ed06880/29 .event anyedge, v0x87ecf3660_50, v0x87ecf3660_51, v0x87ecf3660_52, v0x87ecf3660_53;
v0x87ecf3660_54 .array/port v0x87ecf3660, 54;
v0x87ecf3660_55 .array/port v0x87ecf3660, 55;
v0x87ecf3660_56 .array/port v0x87ecf3660, 56;
v0x87ecf3660_57 .array/port v0x87ecf3660, 57;
E_0x87ed06880/30 .event anyedge, v0x87ecf3660_54, v0x87ecf3660_55, v0x87ecf3660_56, v0x87ecf3660_57;
v0x87ecf3660_58 .array/port v0x87ecf3660, 58;
v0x87ecf3660_59 .array/port v0x87ecf3660, 59;
v0x87ecf3660_60 .array/port v0x87ecf3660, 60;
v0x87ecf3660_61 .array/port v0x87ecf3660, 61;
E_0x87ed06880/31 .event anyedge, v0x87ecf3660_58, v0x87ecf3660_59, v0x87ecf3660_60, v0x87ecf3660_61;
v0x87ecf3660_62 .array/port v0x87ecf3660, 62;
v0x87ecf3660_63 .array/port v0x87ecf3660, 63;
v0x87ecf37a0_0 .array/port v0x87ecf37a0, 0;
E_0x87ed06880/32 .event anyedge, v0x87ecf3660_62, v0x87ecf3660_63, v0x87ecf3520_0, v0x87ecf37a0_0;
v0x87ecf37a0_1 .array/port v0x87ecf37a0, 1;
v0x87ecf37a0_2 .array/port v0x87ecf37a0, 2;
v0x87ecf37a0_3 .array/port v0x87ecf37a0, 3;
v0x87ecf37a0_4 .array/port v0x87ecf37a0, 4;
E_0x87ed06880/33 .event anyedge, v0x87ecf37a0_1, v0x87ecf37a0_2, v0x87ecf37a0_3, v0x87ecf37a0_4;
v0x87ecf37a0_5 .array/port v0x87ecf37a0, 5;
v0x87ecf37a0_6 .array/port v0x87ecf37a0, 6;
v0x87ecf37a0_7 .array/port v0x87ecf37a0, 7;
v0x87ecf37a0_8 .array/port v0x87ecf37a0, 8;
E_0x87ed06880/34 .event anyedge, v0x87ecf37a0_5, v0x87ecf37a0_6, v0x87ecf37a0_7, v0x87ecf37a0_8;
v0x87ecf37a0_9 .array/port v0x87ecf37a0, 9;
v0x87ecf37a0_10 .array/port v0x87ecf37a0, 10;
v0x87ecf37a0_11 .array/port v0x87ecf37a0, 11;
v0x87ecf37a0_12 .array/port v0x87ecf37a0, 12;
E_0x87ed06880/35 .event anyedge, v0x87ecf37a0_9, v0x87ecf37a0_10, v0x87ecf37a0_11, v0x87ecf37a0_12;
v0x87ecf37a0_13 .array/port v0x87ecf37a0, 13;
v0x87ecf37a0_14 .array/port v0x87ecf37a0, 14;
v0x87ecf37a0_15 .array/port v0x87ecf37a0, 15;
v0x87ecf37a0_16 .array/port v0x87ecf37a0, 16;
E_0x87ed06880/36 .event anyedge, v0x87ecf37a0_13, v0x87ecf37a0_14, v0x87ecf37a0_15, v0x87ecf37a0_16;
v0x87ecf37a0_17 .array/port v0x87ecf37a0, 17;
v0x87ecf37a0_18 .array/port v0x87ecf37a0, 18;
v0x87ecf37a0_19 .array/port v0x87ecf37a0, 19;
v0x87ecf37a0_20 .array/port v0x87ecf37a0, 20;
E_0x87ed06880/37 .event anyedge, v0x87ecf37a0_17, v0x87ecf37a0_18, v0x87ecf37a0_19, v0x87ecf37a0_20;
v0x87ecf37a0_21 .array/port v0x87ecf37a0, 21;
v0x87ecf37a0_22 .array/port v0x87ecf37a0, 22;
v0x87ecf37a0_23 .array/port v0x87ecf37a0, 23;
v0x87ecf37a0_24 .array/port v0x87ecf37a0, 24;
E_0x87ed06880/38 .event anyedge, v0x87ecf37a0_21, v0x87ecf37a0_22, v0x87ecf37a0_23, v0x87ecf37a0_24;
v0x87ecf37a0_25 .array/port v0x87ecf37a0, 25;
v0x87ecf37a0_26 .array/port v0x87ecf37a0, 26;
v0x87ecf37a0_27 .array/port v0x87ecf37a0, 27;
v0x87ecf37a0_28 .array/port v0x87ecf37a0, 28;
E_0x87ed06880/39 .event anyedge, v0x87ecf37a0_25, v0x87ecf37a0_26, v0x87ecf37a0_27, v0x87ecf37a0_28;
v0x87ecf37a0_29 .array/port v0x87ecf37a0, 29;
v0x87ecf37a0_30 .array/port v0x87ecf37a0, 30;
v0x87ecf37a0_31 .array/port v0x87ecf37a0, 31;
v0x87ecf37a0_32 .array/port v0x87ecf37a0, 32;
E_0x87ed06880/40 .event anyedge, v0x87ecf37a0_29, v0x87ecf37a0_30, v0x87ecf37a0_31, v0x87ecf37a0_32;
v0x87ecf37a0_33 .array/port v0x87ecf37a0, 33;
v0x87ecf37a0_34 .array/port v0x87ecf37a0, 34;
v0x87ecf37a0_35 .array/port v0x87ecf37a0, 35;
v0x87ecf37a0_36 .array/port v0x87ecf37a0, 36;
E_0x87ed06880/41 .event anyedge, v0x87ecf37a0_33, v0x87ecf37a0_34, v0x87ecf37a0_35, v0x87ecf37a0_36;
v0x87ecf37a0_37 .array/port v0x87ecf37a0, 37;
v0x87ecf37a0_38 .array/port v0x87ecf37a0, 38;
v0x87ecf37a0_39 .array/port v0x87ecf37a0, 39;
v0x87ecf37a0_40 .array/port v0x87ecf37a0, 40;
E_0x87ed06880/42 .event anyedge, v0x87ecf37a0_37, v0x87ecf37a0_38, v0x87ecf37a0_39, v0x87ecf37a0_40;
v0x87ecf37a0_41 .array/port v0x87ecf37a0, 41;
v0x87ecf37a0_42 .array/port v0x87ecf37a0, 42;
v0x87ecf37a0_43 .array/port v0x87ecf37a0, 43;
v0x87ecf37a0_44 .array/port v0x87ecf37a0, 44;
E_0x87ed06880/43 .event anyedge, v0x87ecf37a0_41, v0x87ecf37a0_42, v0x87ecf37a0_43, v0x87ecf37a0_44;
v0x87ecf37a0_45 .array/port v0x87ecf37a0, 45;
v0x87ecf37a0_46 .array/port v0x87ecf37a0, 46;
v0x87ecf37a0_47 .array/port v0x87ecf37a0, 47;
v0x87ecf37a0_48 .array/port v0x87ecf37a0, 48;
E_0x87ed06880/44 .event anyedge, v0x87ecf37a0_45, v0x87ecf37a0_46, v0x87ecf37a0_47, v0x87ecf37a0_48;
v0x87ecf37a0_49 .array/port v0x87ecf37a0, 49;
v0x87ecf37a0_50 .array/port v0x87ecf37a0, 50;
v0x87ecf37a0_51 .array/port v0x87ecf37a0, 51;
v0x87ecf37a0_52 .array/port v0x87ecf37a0, 52;
E_0x87ed06880/45 .event anyedge, v0x87ecf37a0_49, v0x87ecf37a0_50, v0x87ecf37a0_51, v0x87ecf37a0_52;
v0x87ecf37a0_53 .array/port v0x87ecf37a0, 53;
v0x87ecf37a0_54 .array/port v0x87ecf37a0, 54;
v0x87ecf37a0_55 .array/port v0x87ecf37a0, 55;
v0x87ecf37a0_56 .array/port v0x87ecf37a0, 56;
E_0x87ed06880/46 .event anyedge, v0x87ecf37a0_53, v0x87ecf37a0_54, v0x87ecf37a0_55, v0x87ecf37a0_56;
v0x87ecf37a0_57 .array/port v0x87ecf37a0, 57;
v0x87ecf37a0_58 .array/port v0x87ecf37a0, 58;
v0x87ecf37a0_59 .array/port v0x87ecf37a0, 59;
v0x87ecf37a0_60 .array/port v0x87ecf37a0, 60;
E_0x87ed06880/47 .event anyedge, v0x87ecf37a0_57, v0x87ecf37a0_58, v0x87ecf37a0_59, v0x87ecf37a0_60;
v0x87ecf37a0_61 .array/port v0x87ecf37a0, 61;
v0x87ecf37a0_62 .array/port v0x87ecf37a0, 62;
v0x87ecf37a0_63 .array/port v0x87ecf37a0, 63;
E_0x87ed06880/48 .event anyedge, v0x87ecf37a0_61, v0x87ecf37a0_62, v0x87ecf37a0_63;
E_0x87ed06880 .event/or E_0x87ed06880/0, E_0x87ed06880/1, E_0x87ed06880/2, E_0x87ed06880/3, E_0x87ed06880/4, E_0x87ed06880/5, E_0x87ed06880/6, E_0x87ed06880/7, E_0x87ed06880/8, E_0x87ed06880/9, E_0x87ed06880/10, E_0x87ed06880/11, E_0x87ed06880/12, E_0x87ed06880/13, E_0x87ed06880/14, E_0x87ed06880/15, E_0x87ed06880/16, E_0x87ed06880/17, E_0x87ed06880/18, E_0x87ed06880/19, E_0x87ed06880/20, E_0x87ed06880/21, E_0x87ed06880/22, E_0x87ed06880/23, E_0x87ed06880/24, E_0x87ed06880/25, E_0x87ed06880/26, E_0x87ed06880/27, E_0x87ed06880/28, E_0x87ed06880/29, E_0x87ed06880/30, E_0x87ed06880/31, E_0x87ed06880/32, E_0x87ed06880/33, E_0x87ed06880/34, E_0x87ed06880/35, E_0x87ed06880/36, E_0x87ed06880/37, E_0x87ed06880/38, E_0x87ed06880/39, E_0x87ed06880/40, E_0x87ed06880/41, E_0x87ed06880/42, E_0x87ed06880/43, E_0x87ed06880/44, E_0x87ed06880/45, E_0x87ed06880/46, E_0x87ed06880/47, E_0x87ed06880/48;
L_0x87eda8460 .part v0x87eda5720_0, 2, 6;
L_0x87eda8500 .part v0x87eda3480_0, 2, 6;
S_0x1023ab770 .scope module, "u_decoder" "decoder" 8 177, 12 11 0, S_0x1023969c0;
 .timescale 0 0;
    .port_info 0 /INPUT 32 "inst";
    .port_info 1 /OUTPUT 7 "opcode";
    .port_info 2 /OUTPUT 5 "rd";
    .port_info 3 /OUTPUT 3 "funct3";
    .port_info 4 /OUTPUT 5 "rs1";
    .port_info 5 /OUTPUT 5 "rs2";
    .port_info 6 /OUTPUT 7 "funct7";
    .port_info 7 /OUTPUT 32 "imm_i";
    .port_info 8 /OUTPUT 32 "imm_s";
    .port_info 9 /OUTPUT 32 "imm_b";
    .port_info 10 /OUTPUT 32 "imm_u";
    .port_info 11 /OUTPUT 32 "imm_j";
    .port_info 12 /OUTPUT 32 "imm";
    .port_info 13 /OUTPUT 1 "is_branch_op";
    .port_info 14 /OUTPUT 1 "is_jal_op";
    .port_info 15 /OUTPUT 1 "is_jalr_op";
    .port_info 16 /OUTPUT 1 "is_load_op";
    .port_info 17 /OUTPUT 1 "is_store_op";
    .port_info 18 /OUTPUT 1 "is_op_imm";
    .port_info 19 /OUTPUT 1 "is_op";
    .port_info 20 /OUTPUT 1 "is_lui";
    .port_info 21 /OUTPUT 1 "is_auipc";
    .port_info 22 /OUTPUT 1 "is_system";
P_0x87ed98e80 .param/l "XLEN" 0 12 12, +C4<00000000000000000000000000100000>;
L_0x87f0f41c0 .functor BUFT 1, C4<1100011>, C4<0>, C4<0>, C4<0>;
v0x87ecf3b60_0 .net/2u *"_ivl_12", 6 0, L_0x87f0f41c0;  1 drivers
L_0x87f0f4208 .functor BUFT 1, C4<1101111>, C4<0>, C4<0>, C4<0>;
v0x87ecf3c00_0 .net/2u *"_ivl_16", 6 0, L_0x87f0f4208;  1 drivers
L_0x87f0f4250 .functor BUFT 1, C4<1100111>, C4<0>, C4<0>, C4<0>;
v0x87ecf3ca0_0 .net/2u *"_ivl_20", 6 0, L_0x87f0f4250;  1 drivers
L_0x87f0f4298 .functor BUFT 1, C4<0000011>, C4<0>, C4<0>, C4<0>;
v0x87ecf3d40_0 .net/2u *"_ivl_24", 6 0, L_0x87f0f4298;  1 drivers
L_0x87f0f42e0 .functor BUFT 1, C4<0100011>, C4<0>, C4<0>, C4<0>;
v0x87ecf3de0_0 .net/2u *"_ivl_28", 6 0, L_0x87f0f42e0;  1 drivers
L_0x87f0f4328 .functor BUFT 1, C4<0010011>, C4<0>, C4<0>, C4<0>;
v0x87ecf3e80_0 .net/2u *"_ivl_32", 6 0, L_0x87f0f4328;  1 drivers
L_0x87f0f4370 .functor BUFT 1, C4<0110011>, C4<0>, C4<0>, C4<0>;
v0x87ecf3f20_0 .net/2u *"_ivl_36", 6 0, L_0x87f0f4370;  1 drivers
L_0x87f0f43b8 .functor BUFT 1, C4<0110111>, C4<0>, C4<0>, C4<0>;
v0x87ed9c000_0 .net/2u *"_ivl_40", 6 0, L_0x87f0f43b8;  1 drivers
L_0x87f0f4400 .functor BUFT 1, C4<0010111>, C4<0>, C4<0>, C4<0>;
v0x87ed9c0a0_0 .net/2u *"_ivl_44", 6 0, L_0x87f0f4400;  1 drivers
L_0x87f0f4448 .functor BUFT 1, C4<1110011>, C4<0>, C4<0>, C4<0>;
v0x87ed9c140_0 .net/2u *"_ivl_48", 6 0, L_0x87f0f4448;  1 drivers
v0x87ed9c1e0_0 .net "funct3", 2 0, L_0x87eda8960;  1 drivers
v0x87ed9c280_0 .net "funct7", 6 0, L_0x87eda8b40;  alias, 1 drivers
v0x87ed9c320_0 .var "imm", 31 0;
v0x87ed9c3c0_0 .var "imm_b", 31 0;
v0x87ed9c460_0 .var "imm_i", 31 0;
v0x87ed9c500_0 .var "imm_j", 31 0;
v0x87ed9c5a0_0 .var "imm_s", 31 0;
v0x87ed9c640_0 .var "imm_u", 31 0;
v0x87ed9c6e0_0 .net "inst", 31 0, v0x87eda4d20_0;  1 drivers
v0x87ed9c780_0 .net "is_auipc", 0 0, L_0x87f47ea80;  alias, 1 drivers
v0x87ed9c820_0 .net "is_branch_op", 0 0, L_0x87f47dfe0;  alias, 1 drivers
v0x87ed9c8c0_0 .net "is_jal_op", 0 0, L_0x87f47e080;  alias, 1 drivers
v0x87ed9c960_0 .net "is_jalr_op", 0 0, L_0x87f47e120;  alias, 1 drivers
v0x87ed9ca00_0 .net "is_load_op", 0 0, L_0x87f47d400;  alias, 1 drivers
v0x87ed9caa0_0 .net "is_lui", 0 0, L_0x87f47e9e0;  alias, 1 drivers
v0x87ed9cb40_0 .net "is_op", 0 0, L_0x87f47e940;  alias, 1 drivers
v0x87ed9cbe0_0 .net "is_op_imm", 0 0, L_0x87f47e8a0;  alias, 1 drivers
v0x87ed9cc80_0 .net "is_store_op", 0 0, L_0x87f47c3c0;  alias, 1 drivers
v0x87ed9cd20_0 .net "is_system", 0 0, L_0x87f47eb20;  1 drivers
v0x87ed9cdc0_0 .net "opcode", 6 0, L_0x87eda8820;  alias, 1 drivers
v0x87ed9ce60_0 .net "rd", 4 0, L_0x87eda88c0;  1 drivers
v0x87ed9cf00_0 .net "rs1", 4 0, L_0x87eda8a00;  1 drivers
v0x87ed9cfa0_0 .net "rs2", 4 0, L_0x87eda8aa0;  1 drivers
E_0x87ed068c0/0 .event anyedge, v0x87ed9cdc0_0, v0x87ed9c460_0, v0x87ed9c5a0_0, v0x87ed9c3c0_0;
E_0x87ed068c0/1 .event anyedge, v0x87ed9c640_0, v0x87ed9c500_0;
E_0x87ed068c0 .event/or E_0x87ed068c0/0, E_0x87ed068c0/1;
E_0x87ed06900 .event anyedge, v0x87ed9c6e0_0;
L_0x87eda8820 .part v0x87eda4d20_0, 0, 7;
L_0x87eda88c0 .part v0x87eda4d20_0, 7, 5;
L_0x87eda8960 .part v0x87eda4d20_0, 12, 3;
L_0x87eda8a00 .part v0x87eda4d20_0, 15, 5;
L_0x87eda8aa0 .part v0x87eda4d20_0, 20, 5;
L_0x87eda8b40 .part v0x87eda4d20_0, 25, 7;
L_0x87f47dfe0 .cmp/eq 7, L_0x87eda8820, L_0x87f0f41c0;
L_0x87f47e080 .cmp/eq 7, L_0x87eda8820, L_0x87f0f4208;
L_0x87f47e120 .cmp/eq 7, L_0x87eda8820, L_0x87f0f4250;
L_0x87f47d400 .cmp/eq 7, L_0x87eda8820, L_0x87f0f4298;
L_0x87f47c3c0 .cmp/eq 7, L_0x87eda8820, L_0x87f0f42e0;
L_0x87f47e8a0 .cmp/eq 7, L_0x87eda8820, L_0x87f0f4328;
L_0x87f47e940 .cmp/eq 7, L_0x87eda8820, L_0x87f0f4370;
L_0x87f47e9e0 .cmp/eq 7, L_0x87eda8820, L_0x87f0f43b8;
L_0x87f47ea80 .cmp/eq 7, L_0x87eda8820, L_0x87f0f4400;
L_0x87f47eb20 .cmp/eq 7, L_0x87eda8820, L_0x87f0f4448;
S_0x1023a99f0 .scope module, "u_fwd" "forwarding_unit" 8 354, 13 6 0, S_0x1023969c0;
 .timescale 0 0;
    .port_info 0 /INPUT 5 "ex_rs1";
    .port_info 1 /INPUT 5 "ex_rs2";
    .port_info 2 /INPUT 1 "mem_reg_write";
    .port_info 3 /INPUT 5 "mem_rd";
    .port_info 4 /INPUT 1 "wb_reg_write";
    .port_info 5 /INPUT 5 "wb_rd";
    .port_info 6 /OUTPUT 2 "forward_a";
    .port_info 7 /OUTPUT 2 "forward_b";
v0x87ed9d040_0 .net "ex_rs1", 4 0, v0x87eda37a0_0;  1 drivers
v0x87ed9d0e0_0 .net "ex_rs2", 4 0, v0x87eda38e0_0;  1 drivers
v0x87ed9d180_0 .var "forward_a", 1 0;
v0x87ed9d220_0 .var "forward_b", 1 0;
v0x87ed9d2c0_0 .net "mem_rd", 4 0, v0x87eda24e0_0;  1 drivers
v0x87ed9d360_0 .net "mem_reg_write", 0 0, v0x87eda2580_0;  1 drivers
v0x87ed9d400_0 .net "wb_rd", 4 0, v0x87eda5360_0;  1 drivers
v0x87ed9d4a0_0 .net "wb_reg_write", 0 0, v0x87eda5400_0;  1 drivers
E_0x87ed06940/0 .event anyedge, v0x87ed9d360_0, v0x87ed9d2c0_0, v0x87ed9d040_0, v0x87ed9d4a0_0;
E_0x87ed06940/1 .event anyedge, v0x87ed9d400_0, v0x87ed9d0e0_0;
E_0x87ed06940 .event/or E_0x87ed06940/0, E_0x87ed06940/1;
S_0x1023ab8f0 .scope module, "u_hazard" "hazard_unit" 8 275, 14 6 0, S_0x1023969c0;
 .timescale 0 0;
    .port_info 0 /INPUT 5 "id_rs1";
    .port_info 1 /INPUT 5 "id_rs2";
    .port_info 2 /INPUT 1 "ex_mem_read";
    .port_info 3 /INPUT 5 "ex_rd";
    .port_info 4 /OUTPUT 1 "stall";
    .port_info 5 /OUTPUT 1 "flush_id_ex";
v0x87ed9d540_0 .net "ex_mem_read", 0 0, v0x87eda3200_0;  1 drivers
v0x87ed9d5e0_0 .net "ex_rd", 4 0, v0x87eda3660_0;  1 drivers
v0x87ed9d680_0 .var "flush_id_ex", 0 0;
v0x87ed9d720_0 .net "id_rs1", 4 0, L_0x87eda85a0;  alias, 1 drivers
v0x87ed9d7c0_0 .net "id_rs2", 4 0, L_0x87eda8640;  alias, 1 drivers
v0x87ed9d860_0 .var "stall", 0 0;
E_0x87ed06980 .event anyedge, v0x87ed9d540_0, v0x87ed9d5e0_0, v0x87ed9d720_0, v0x87ed9d7c0_0;
S_0x1023ac870 .scope module, "u_muldiv" "muldiv" 8 394, 15 10 0, S_0x1023969c0;
 .timescale 0 0;
    .port_info 0 /INPUT 32 "a";
    .port_info 1 /INPUT 32 "b";
    .port_info 2 /INPUT 5 "op";
    .port_info 3 /OUTPUT 32 "result";
P_0x87ed98ec0 .param/l "XLEN" 0 15 11, +C4<00000000000000000000000000100000>;
v0x87ed9d900_0 .net/s *"_ivl_0", 63 0, L_0x87f47eda0;  1 drivers
v0x87ed9d9a0_0 .net *"_ivl_10", 63 0, L_0x87ec49d60;  1 drivers
L_0x87f0f46d0 .functor BUFT 1, C4<00000000000000000000000000000000>, C4<0>, C4<0>, C4<0>;
v0x87ed9da40_0 .net *"_ivl_13", 31 0, L_0x87f0f46d0;  1 drivers
v0x87ed9dae0_0 .net/s *"_ivl_16", 63 0, L_0x87f47eee0;  1 drivers
L_0x87f0f4718 .functor BUFT 1, C4<0>, C4<0>, C4<0>, C4<0>;
v0x87ed9db80_0 .net/2u *"_ivl_18", 0 0, L_0x87f0f4718;  1 drivers
v0x87ed9dc20_0 .net/s *"_ivl_2", 63 0, L_0x87f47ee40;  1 drivers
v0x87ed9dcc0_0 .net *"_ivl_20", 32 0, L_0x87ec4aee0;  1 drivers
v0x87ed9dd60_0 .net/s *"_ivl_22", 63 0, L_0x87f47ef80;  1 drivers
v0x87ed9de00_0 .net *"_ivl_6", 63 0, L_0x87ec4a440;  1 drivers
L_0x87f0f4688 .functor BUFT 1, C4<00000000000000000000000000000000>, C4<0>, C4<0>, C4<0>;
v0x87ed9dea0_0 .net *"_ivl_9", 31 0, L_0x87f0f4688;  1 drivers
v0x87ed9df40_0 .net "a", 31 0, v0x87eda15e0_0;  alias, 1 drivers
v0x87ed9dfe0_0 .net "b", 31 0, v0x87eda1720_0;  alias, 1 drivers
v0x87ed9e080_0 .net "op", 4 0, v0x87eda2d00_0;  alias, 1 drivers
v0x87ed9e120_0 .net/s "prod_ss", 63 0, L_0x87eda8d20;  1 drivers
v0x87ed9e1c0_0 .net/s "prod_su", 63 0, L_0x87eda8e60;  1 drivers
v0x87ed9e260_0 .net "prod_uu", 63 0, L_0x87eda8dc0;  1 drivers
v0x87ed9e300_0 .var "result", 31 0;
E_0x87ed069c0/0 .event anyedge, v0x87ecf2940_0, v0x87ed9e120_0, v0x87ed9e1c0_0, v0x87ed9e260_0;
E_0x87ed069c0/1 .event anyedge, v0x87ecf3020_0, v0x87ecf2800_0;
E_0x87ed069c0 .event/or E_0x87ed069c0/0, E_0x87ed069c0/1;
L_0x87f47eda0 .extend/s 64, v0x87eda15e0_0;
L_0x87f47ee40 .extend/s 64, v0x87eda1720_0;
L_0x87eda8d20 .arith/mult 64, L_0x87f47eda0, L_0x87f47ee40;
L_0x87ec4a440 .concat [ 32 32 0 0], v0x87eda15e0_0, L_0x87f0f4688;
L_0x87ec49d60 .concat [ 32 32 0 0], v0x87eda1720_0, L_0x87f0f46d0;
L_0x87eda8dc0 .arith/mult 64, L_0x87ec4a440, L_0x87ec49d60;
L_0x87f47eee0 .extend/s 64, v0x87eda15e0_0;
L_0x87ec4aee0 .concat [ 32 1 0 0], v0x87eda1720_0, L_0x87f0f4718;
L_0x87f47ef80 .extend/s 64, L_0x87ec4aee0;
L_0x87eda8e60 .arith/mult 64, L_0x87f47eee0, L_0x87f47ef80;
S_0x87f554000 .scope module, "u_predictor" "branch_predictor" 8 98, 16 14 0, S_0x1023969c0;
 .timescale 0 0;
    .port_info 0 /INPUT 1 "clk";
    .port_info 1 /INPUT 1 "rst_n";
    .port_info 2 /INPUT 32 "pc";
    .port_info 3 /INPUT 1 "predict_req";
    .port_info 4 /OUTPUT 1 "pred_taken";
    .port_info 5 /OUTPUT 1 "pred_valid";
    .port_info 6 /INPUT 1 "update_en";
    .port_info 7 /INPUT 32 "update_pc";
    .port_info 8 /INPUT 1 "actual_taken";
P_0x102398640 .param/l "ENTRIES" 0 16 15, +C4<00000000000000000000000001000000>;
P_0x102398680 .param/l "IDX_BITS" 1 16 35, +C4<00000000000000000000000000000110>;
P_0x1023986c0 .param/l "XLEN" 0 16 16, +C4<00000000000000000000000000100000>;
v0x87ed9e3a0_0 .net "actual_taken", 0 0, v0x87ecf30c0_0;  alias, 1 drivers
v0x87ed9e440 .array "bht", 63 0, 1 0;
v0x87ed9e4e0_0 .net "clk", 0 0, v0x87eda7d40_0;  alias, 1 drivers
v0x87ed9e580_0 .var/i "i", 31 0;
v0x87ed9e620_0 .net "pc", 31 0, v0x87eda5720_0;  alias, 1 drivers
v0x87ed9e6c0_0 .net "pred_idx", 5 0, L_0x87eda8320;  1 drivers
v0x87ed9e760_0 .var "pred_taken", 0 0;
v0x87ed9e800_0 .var "pred_valid", 0 0;
L_0x87f0f4130 .functor BUFT 1, C4<1>, C4<0>, C4<0>, C4<0>;
v0x87ed9e8a0_0 .net "predict_req", 0 0, L_0x87f0f4130;  1 drivers
v0x87ed9e940_0 .net "rst_n", 0 0, v0x87eda7f20_0;  alias, 1 drivers
v0x87ed9e9e0_0 .net "update_en", 0 0, L_0x87ec312d0;  1 drivers
v0x87ed9ea80_0 .net "update_idx", 5 0, L_0x87eda83c0;  1 drivers
v0x87ed9eb20_0 .net "update_pc", 31 0, v0x87eda3480_0;  alias, 1 drivers
v0x87ed9e440_0 .array/port v0x87ed9e440, 0;
v0x87ed9e440_1 .array/port v0x87ed9e440, 1;
E_0x87ed06a00/0 .event anyedge, v0x87ed9e8a0_0, v0x87ed9e6c0_0, v0x87ed9e440_0, v0x87ed9e440_1;
v0x87ed9e440_2 .array/port v0x87ed9e440, 2;
v0x87ed9e440_3 .array/port v0x87ed9e440, 3;
v0x87ed9e440_4 .array/port v0x87ed9e440, 4;
v0x87ed9e440_5 .array/port v0x87ed9e440, 5;
E_0x87ed06a00/1 .event anyedge, v0x87ed9e440_2, v0x87ed9e440_3, v0x87ed9e440_4, v0x87ed9e440_5;
v0x87ed9e440_6 .array/port v0x87ed9e440, 6;
v0x87ed9e440_7 .array/port v0x87ed9e440, 7;
v0x87ed9e440_8 .array/port v0x87ed9e440, 8;
v0x87ed9e440_9 .array/port v0x87ed9e440, 9;
E_0x87ed06a00/2 .event anyedge, v0x87ed9e440_6, v0x87ed9e440_7, v0x87ed9e440_8, v0x87ed9e440_9;
v0x87ed9e440_10 .array/port v0x87ed9e440, 10;
v0x87ed9e440_11 .array/port v0x87ed9e440, 11;
v0x87ed9e440_12 .array/port v0x87ed9e440, 12;
v0x87ed9e440_13 .array/port v0x87ed9e440, 13;
E_0x87ed06a00/3 .event anyedge, v0x87ed9e440_10, v0x87ed9e440_11, v0x87ed9e440_12, v0x87ed9e440_13;
v0x87ed9e440_14 .array/port v0x87ed9e440, 14;
v0x87ed9e440_15 .array/port v0x87ed9e440, 15;
v0x87ed9e440_16 .array/port v0x87ed9e440, 16;
v0x87ed9e440_17 .array/port v0x87ed9e440, 17;
E_0x87ed06a00/4 .event anyedge, v0x87ed9e440_14, v0x87ed9e440_15, v0x87ed9e440_16, v0x87ed9e440_17;
v0x87ed9e440_18 .array/port v0x87ed9e440, 18;
v0x87ed9e440_19 .array/port v0x87ed9e440, 19;
v0x87ed9e440_20 .array/port v0x87ed9e440, 20;
v0x87ed9e440_21 .array/port v0x87ed9e440, 21;
E_0x87ed06a00/5 .event anyedge, v0x87ed9e440_18, v0x87ed9e440_19, v0x87ed9e440_20, v0x87ed9e440_21;
v0x87ed9e440_22 .array/port v0x87ed9e440, 22;
v0x87ed9e440_23 .array/port v0x87ed9e440, 23;
v0x87ed9e440_24 .array/port v0x87ed9e440, 24;
v0x87ed9e440_25 .array/port v0x87ed9e440, 25;
E_0x87ed06a00/6 .event anyedge, v0x87ed9e440_22, v0x87ed9e440_23, v0x87ed9e440_24, v0x87ed9e440_25;
v0x87ed9e440_26 .array/port v0x87ed9e440, 26;
v0x87ed9e440_27 .array/port v0x87ed9e440, 27;
v0x87ed9e440_28 .array/port v0x87ed9e440, 28;
v0x87ed9e440_29 .array/port v0x87ed9e440, 29;
E_0x87ed06a00/7 .event anyedge, v0x87ed9e440_26, v0x87ed9e440_27, v0x87ed9e440_28, v0x87ed9e440_29;
v0x87ed9e440_30 .array/port v0x87ed9e440, 30;
v0x87ed9e440_31 .array/port v0x87ed9e440, 31;
v0x87ed9e440_32 .array/port v0x87ed9e440, 32;
v0x87ed9e440_33 .array/port v0x87ed9e440, 33;
E_0x87ed06a00/8 .event anyedge, v0x87ed9e440_30, v0x87ed9e440_31, v0x87ed9e440_32, v0x87ed9e440_33;
v0x87ed9e440_34 .array/port v0x87ed9e440, 34;
v0x87ed9e440_35 .array/port v0x87ed9e440, 35;
v0x87ed9e440_36 .array/port v0x87ed9e440, 36;
v0x87ed9e440_37 .array/port v0x87ed9e440, 37;
E_0x87ed06a00/9 .event anyedge, v0x87ed9e440_34, v0x87ed9e440_35, v0x87ed9e440_36, v0x87ed9e440_37;
v0x87ed9e440_38 .array/port v0x87ed9e440, 38;
v0x87ed9e440_39 .array/port v0x87ed9e440, 39;
v0x87ed9e440_40 .array/port v0x87ed9e440, 40;
v0x87ed9e440_41 .array/port v0x87ed9e440, 41;
E_0x87ed06a00/10 .event anyedge, v0x87ed9e440_38, v0x87ed9e440_39, v0x87ed9e440_40, v0x87ed9e440_41;
v0x87ed9e440_42 .array/port v0x87ed9e440, 42;
v0x87ed9e440_43 .array/port v0x87ed9e440, 43;
v0x87ed9e440_44 .array/port v0x87ed9e440, 44;
v0x87ed9e440_45 .array/port v0x87ed9e440, 45;
E_0x87ed06a00/11 .event anyedge, v0x87ed9e440_42, v0x87ed9e440_43, v0x87ed9e440_44, v0x87ed9e440_45;
v0x87ed9e440_46 .array/port v0x87ed9e440, 46;
v0x87ed9e440_47 .array/port v0x87ed9e440, 47;
v0x87ed9e440_48 .array/port v0x87ed9e440, 48;
v0x87ed9e440_49 .array/port v0x87ed9e440, 49;
E_0x87ed06a00/12 .event anyedge, v0x87ed9e440_46, v0x87ed9e440_47, v0x87ed9e440_48, v0x87ed9e440_49;
v0x87ed9e440_50 .array/port v0x87ed9e440, 50;
v0x87ed9e440_51 .array/port v0x87ed9e440, 51;
v0x87ed9e440_52 .array/port v0x87ed9e440, 52;
v0x87ed9e440_53 .array/port v0x87ed9e440, 53;
E_0x87ed06a00/13 .event anyedge, v0x87ed9e440_50, v0x87ed9e440_51, v0x87ed9e440_52, v0x87ed9e440_53;
v0x87ed9e440_54 .array/port v0x87ed9e440, 54;
v0x87ed9e440_55 .array/port v0x87ed9e440, 55;
v0x87ed9e440_56 .array/port v0x87ed9e440, 56;
v0x87ed9e440_57 .array/port v0x87ed9e440, 57;
E_0x87ed06a00/14 .event anyedge, v0x87ed9e440_54, v0x87ed9e440_55, v0x87ed9e440_56, v0x87ed9e440_57;
v0x87ed9e440_58 .array/port v0x87ed9e440, 58;
v0x87ed9e440_59 .array/port v0x87ed9e440, 59;
v0x87ed9e440_60 .array/port v0x87ed9e440, 60;
v0x87ed9e440_61 .array/port v0x87ed9e440, 61;
E_0x87ed06a00/15 .event anyedge, v0x87ed9e440_58, v0x87ed9e440_59, v0x87ed9e440_60, v0x87ed9e440_61;
v0x87ed9e440_62 .array/port v0x87ed9e440, 62;
v0x87ed9e440_63 .array/port v0x87ed9e440, 63;
E_0x87ed06a00/16 .event anyedge, v0x87ed9e440_62, v0x87ed9e440_63;
E_0x87ed06a00 .event/or E_0x87ed06a00/0, E_0x87ed06a00/1, E_0x87ed06a00/2, E_0x87ed06a00/3, E_0x87ed06a00/4, E_0x87ed06a00/5, E_0x87ed06a00/6, E_0x87ed06a00/7, E_0x87ed06a00/8, E_0x87ed06a00/9, E_0x87ed06a00/10, E_0x87ed06a00/11, E_0x87ed06a00/12, E_0x87ed06a00/13, E_0x87ed06a00/14, E_0x87ed06a00/15, E_0x87ed06a00/16;
L_0x87eda8320 .part v0x87eda5720_0, 2, 6;
L_0x87eda83c0 .part v0x87eda3480_0, 2, 6;
S_0x87f554180 .scope module, "u_regfile" "regfile" 8 262, 17 8 0, S_0x1023969c0;
 .timescale 0 0;
    .port_info 0 /INPUT 1 "clk";
    .port_info 1 /INPUT 1 "rst_n";
    .port_info 2 /INPUT 1 "we";
    .port_info 3 /INPUT 5 "waddr";
    .port_info 4 /INPUT 32 "wdata";
    .port_info 5 /INPUT 5 "raddr1";
    .port_info 6 /INPUT 5 "raddr2";
    .port_info 7 /OUTPUT 32 "rdata1";
    .port_info 8 /OUTPUT 32 "rdata2";
P_0x87ed98f00 .param/l "XLEN" 0 17 9, +C4<00000000000000000000000000100000>;
L_0x87f0f4490 .functor BUFT 1, C4<00000>, C4<0>, C4<0>, C4<0>;
v0x87ed9ebc0_0 .net/2u *"_ivl_0", 4 0, L_0x87f0f4490;  1 drivers
L_0x87f0f4520 .functor BUFT 1, C4<00>, C4<0>, C4<0>, C4<0>;
v0x87ed9ec60_0 .net *"_ivl_11", 1 0, L_0x87f0f4520;  1 drivers
L_0x87f0f4568 .functor BUFT 1, C4<00000>, C4<0>, C4<0>, C4<0>;
v0x87ed9ed00_0 .net/2u *"_ivl_14", 4 0, L_0x87f0f4568;  1 drivers
v0x87ed9eda0_0 .net *"_ivl_16", 0 0, L_0x87f47ec60;  1 drivers
L_0x87f0f45b0 .functor BUFT 1, C4<00000000000000000000000000000000>, C4<0>, C4<0>, C4<0>;
v0x87ed9ee40_0 .net/2u *"_ivl_18", 31 0, L_0x87f0f45b0;  1 drivers
v0x87ed9eee0_0 .net *"_ivl_2", 0 0, L_0x87f47ebc0;  1 drivers
v0x87ed9ef80_0 .net *"_ivl_20", 31 0, L_0x87eda8c80;  1 drivers
v0x87ed9f020_0 .net *"_ivl_22", 6 0, L_0x87ec4ab20;  1 drivers
L_0x87f0f45f8 .functor BUFT 1, C4<00>, C4<0>, C4<0>, C4<0>;
v0x87ed9f0c0_0 .net *"_ivl_25", 1 0, L_0x87f0f45f8;  1 drivers
L_0x87f0f44d8 .functor BUFT 1, C4<00000000000000000000000000000000>, C4<0>, C4<0>, C4<0>;
v0x87ed9f160_0 .net/2u *"_ivl_4", 31 0, L_0x87f0f44d8;  1 drivers
v0x87ed9f200_0 .net *"_ivl_6", 31 0, L_0x87eda8be0;  1 drivers
v0x87ed9f2a0_0 .net *"_ivl_8", 6 0, L_0x87ec4aa80;  1 drivers
v0x87ed9f340_0 .net "clk", 0 0, v0x87eda7d40_0;  alias, 1 drivers
v0x87ed9f3e0_0 .var/i "i", 31 0;
v0x87ed9f480_0 .net "raddr1", 4 0, L_0x87eda85a0;  alias, 1 drivers
v0x87ed9f520_0 .net "raddr2", 4 0, L_0x87eda8640;  alias, 1 drivers
v0x87ed9f5c0_0 .net "rdata1", 31 0, L_0x87ecb6260;  alias, 1 drivers
v0x87ed9f660_0 .net "rdata2", 31 0, L_0x87ecb6300;  alias, 1 drivers
v0x87ed9f700 .array "regs", 31 0, 31 0;
v0x87ed9f7a0_0 .net "rst_n", 0 0, v0x87eda7f20_0;  alias, 1 drivers
v0x87ed9f840_0 .net "waddr", 4 0, v0x87eda5360_0;  alias, 1 drivers
v0x87ed9f8e0_0 .net "wdata", 31 0, L_0x87ecb6760;  alias, 1 drivers
v0x87ed9f980_0 .net "we", 0 0, v0x87eda5400_0;  alias, 1 drivers
L_0x87f47ebc0 .cmp/eq 5, L_0x87eda85a0, L_0x87f0f4490;
L_0x87eda8be0 .array/port v0x87ed9f700, L_0x87ec4aa80;
L_0x87ec4aa80 .concat [ 5 2 0 0], L_0x87eda85a0, L_0x87f0f4520;
L_0x87ecb6260 .functor MUXZ 32, L_0x87eda8be0, L_0x87f0f44d8, L_0x87f47ebc0, C4<>;
L_0x87f47ec60 .cmp/eq 5, L_0x87eda8640, L_0x87f0f4568;
L_0x87eda8c80 .array/port v0x87ed9f700, L_0x87ec4ab20;
L_0x87ec4ab20 .concat [ 5 2 0 0], L_0x87eda8640, L_0x87f0f45f8;
L_0x87ecb6300 .functor MUXZ 32, L_0x87eda8c80, L_0x87f0f45b0, L_0x87f47ec60, C4<>;
S_0x87f554300 .scope module, "u_rv32i" "rv32i" 8 210, 18 11 0, S_0x1023969c0;
 .timescale 0 0;
    .port_info 0 /INPUT 7 "opcode";
    .port_info 1 /INPUT 3 "funct3";
    .port_info 2 /INPUT 7 "funct7";
    .port_info 3 /INPUT 1 "is_branch_op";
    .port_info 4 /INPUT 1 "is_jal_op";
    .port_info 5 /INPUT 1 "is_jalr_op";
    .port_info 6 /INPUT 1 "is_load_op";
    .port_info 7 /INPUT 1 "is_store_op";
    .port_info 8 /INPUT 1 "is_op_imm";
    .port_info 9 /INPUT 1 "is_op";
    .port_info 10 /INPUT 1 "is_lui";
    .port_info 11 /INPUT 1 "is_auipc";
    .port_info 12 /OUTPUT 1 "reg_write";
    .port_info 13 /OUTPUT 1 "mem_read";
    .port_info 14 /OUTPUT 1 "mem_write";
    .port_info 15 /OUTPUT 1 "mem_to_reg";
    .port_info 16 /OUTPUT 1 "alu_src";
    .port_info 17 /OUTPUT 1 "is_branch";
    .port_info 18 /OUTPUT 1 "is_jal";
    .port_info 19 /OUTPUT 1 "is_jalr";
    .port_info 20 /OUTPUT 1 "is_muldiv";
    .port_info 21 /OUTPUT 5 "alu_op";
    .port_info 22 /OUTPUT 2 "mem_size";
    .port_info 23 /OUTPUT 1 "valid_inst";
P_0x87ed98f40 .param/l "XLEN" 0 18 12, +C4<00000000000000000000000000100000>;
v0x87ed9fa20_0 .var "alu_op", 4 0;
v0x87ed9fac0_0 .var "alu_src", 0 0;
v0x87ed9fb60_0 .net "funct3", 2 0, L_0x87eda8780;  alias, 1 drivers
v0x87ed9fc00_0 .net "funct7", 6 0, L_0x87eda8b40;  alias, 1 drivers
v0x87ed9fca0_0 .net "is_auipc", 0 0, L_0x87f47ea80;  alias, 1 drivers
v0x87ed9fd40_0 .var "is_branch", 0 0;
v0x87ed9fde0_0 .net "is_branch_op", 0 0, L_0x87f47dfe0;  alias, 1 drivers
v0x87ed9fe80_0 .var "is_jal", 0 0;
v0x87ed9ff20_0 .net "is_jal_op", 0 0, L_0x87f47e080;  alias, 1 drivers
v0x87eda0000_0 .var "is_jalr", 0 0;
v0x87eda00a0_0 .net "is_jalr_op", 0 0, L_0x87f47e120;  alias, 1 drivers
v0x87eda0140_0 .net "is_load_op", 0 0, L_0x87f47d400;  alias, 1 drivers
v0x87eda01e0_0 .net "is_lui", 0 0, L_0x87f47e9e0;  alias, 1 drivers
v0x87eda0280_0 .var "is_muldiv", 0 0;
v0x87eda0320_0 .net "is_op", 0 0, L_0x87f47e940;  alias, 1 drivers
v0x87eda03c0_0 .net "is_op_imm", 0 0, L_0x87f47e8a0;  alias, 1 drivers
v0x87eda0460_0 .net "is_store_op", 0 0, L_0x87f47c3c0;  alias, 1 drivers
v0x87eda0500_0 .var "mem_read", 0 0;
v0x87eda05a0_0 .var "mem_size", 1 0;
v0x87eda0640_0 .var "mem_to_reg", 0 0;
v0x87eda06e0_0 .var "mem_write", 0 0;
v0x87eda0780_0 .net "opcode", 6 0, L_0x87eda8820;  alias, 1 drivers
v0x87eda0820_0 .var "reg_write", 0 0;
v0x87eda08c0_0 .var "valid_inst", 0 0;
E_0x87ed06a40/0 .event anyedge, v0x87ed9caa0_0, v0x87ed9c780_0, v0x87ed9c8c0_0, v0x87ed9c960_0;
E_0x87ed06a40/1 .event anyedge, v0x87ed9c820_0, v0x87ed9ca00_0, v0x87ed9fb60_0, v0x87ed9cc80_0;
E_0x87ed06a40/2 .event anyedge, v0x87ed9cbe0_0, v0x87ed9c280_0, v0x87ed9cb40_0;
E_0x87ed06a40 .event/or E_0x87ed06a40/0, E_0x87ed06a40/1, E_0x87ed06a40/2;
S_0x87f554480 .scope module, "u_rv64m" "rv64m" 8 242, 19 10 0, S_0x1023969c0;
 .timescale 0 0;
    .port_info 0 /INPUT 7 "opcode";
    .port_info 1 /INPUT 3 "funct3";
    .port_info 2 /INPUT 7 "funct7";
    .port_info 3 /INPUT 1 "is_op";
    .port_info 4 /OUTPUT 1 "reg_write";
    .port_info 5 /OUTPUT 1 "is_muldiv";
    .port_info 6 /OUTPUT 5 "alu_op";
    .port_info 7 /OUTPUT 1 "valid_inst";
v0x87eda0960_0 .var "alu_op", 4 0;
v0x87eda0a00_0 .net "funct3", 2 0, L_0x87eda8780;  alias, 1 drivers
v0x87eda0aa0_0 .net "funct7", 6 0, L_0x87eda8b40;  alias, 1 drivers
v0x87eda0b40_0 .var "is_muldiv", 0 0;
v0x87eda0be0_0 .net "is_op", 0 0, L_0x87f47e940;  alias, 1 drivers
v0x87eda0c80_0 .net "opcode", 6 0, L_0x87eda8820;  alias, 1 drivers
v0x87eda0d20_0 .var "reg_write", 0 0;
v0x87eda0dc0_0 .var "valid_inst", 0 0;
E_0x87ed06a80 .event anyedge, v0x87ed9cb40_0, v0x87ed9c280_0, v0x87ed9fb60_0;
S_0x87f554600 .scope module, "u_memory" "main_memory" 6 58, 20 8 0, S_0x10239a8a0;
 .timescale 0 0;
    .port_info 0 /INPUT 1 "clk";
    .port_info 1 /INPUT 32 "addr";
    .port_info 2 /INPUT 1 "re";
    .port_info 3 /OUTPUT 32 "rdata";
    .port_info 4 /INPUT 1 "we";
    .port_info 5 /INPUT 2 "size";
    .port_info 6 /INPUT 32 "wdata";
P_0x87f470700 .param/l "DEPTH" 0 20 9, +C4<00000000000000000001000000000000>;
P_0x87f470740 .param/l "XLEN" 0 20 10, +C4<00000000000000000000000000100000>;
v0x87eda6760_0 .net "addr", 31 0, L_0x87ecb6800;  1 drivers
v0x87eda6800_0 .net "clk", 0 0, v0x87eda7d40_0;  alias, 1 drivers
v0x87eda68a0_0 .var/i "i", 31 0;
v0x87eda6940 .array "mem", 4095 0, 7 0;
v0x87eda69e0_0 .var "rdata", 31 0;
L_0x87f0f47a8 .functor BUFT 1, C4<1>, C4<0>, C4<0>, C4<0>;
v0x87eda6a80_0 .net "re", 0 0, L_0x87f0f47a8;  1 drivers
v0x87eda6b20_0 .net "size", 1 0, L_0x87ec33640;  alias, 1 drivers
v0x87eda6bc0_0 .net "wdata", 31 0, L_0x87ec334f0;  alias, 1 drivers
v0x87eda6c60_0 .net "we", 0 0, v0x87eda2440_0;  alias, 1 drivers
E_0x87ed06ac0 .event posedge, v0x87ecf3200_0;
v0x87eda6940_0 .array/port v0x87eda6940, 0;
E_0x87ed06b00/0 .event anyedge, v0x87eda6a80_0, v0x87eda1f40_0, v0x87eda6760_0, v0x87eda6940_0;
v0x87eda6940_1 .array/port v0x87eda6940, 1;
v0x87eda6940_2 .array/port v0x87eda6940, 2;
v0x87eda6940_3 .array/port v0x87eda6940, 3;
v0x87eda6940_4 .array/port v0x87eda6940, 4;
E_0x87ed06b00/1 .event anyedge, v0x87eda6940_1, v0x87eda6940_2, v0x87eda6940_3, v0x87eda6940_4;
v0x87eda6940_5 .array/port v0x87eda6940, 5;
v0x87eda6940_6 .array/port v0x87eda6940, 6;
v0x87eda6940_7 .array/port v0x87eda6940, 7;
v0x87eda6940_8 .array/port v0x87eda6940, 8;
E_0x87ed06b00/2 .event anyedge, v0x87eda6940_5, v0x87eda6940_6, v0x87eda6940_7, v0x87eda6940_8;
v0x87eda6940_9 .array/port v0x87eda6940, 9;
v0x87eda6940_10 .array/port v0x87eda6940, 10;
v0x87eda6940_11 .array/port v0x87eda6940, 11;
v0x87eda6940_12 .array/port v0x87eda6940, 12;
E_0x87ed06b00/3 .event anyedge, v0x87eda6940_9, v0x87eda6940_10, v0x87eda6940_11, v0x87eda6940_12;
v0x87eda6940_13 .array/port v0x87eda6940, 13;
v0x87eda6940_14 .array/port v0x87eda6940, 14;
v0x87eda6940_15 .array/port v0x87eda6940, 15;
v0x87eda6940_16 .array/port v0x87eda6940, 16;
E_0x87ed06b00/4 .event anyedge, v0x87eda6940_13, v0x87eda6940_14, v0x87eda6940_15, v0x87eda6940_16;
v0x87eda6940_17 .array/port v0x87eda6940, 17;
v0x87eda6940_18 .array/port v0x87eda6940, 18;
v0x87eda6940_19 .array/port v0x87eda6940, 19;
v0x87eda6940_20 .array/port v0x87eda6940, 20;
E_0x87ed06b00/5 .event anyedge, v0x87eda6940_17, v0x87eda6940_18, v0x87eda6940_19, v0x87eda6940_20;
v0x87eda6940_21 .array/port v0x87eda6940, 21;
v0x87eda6940_22 .array/port v0x87eda6940, 22;
v0x87eda6940_23 .array/port v0x87eda6940, 23;
v0x87eda6940_24 .array/port v0x87eda6940, 24;
E_0x87ed06b00/6 .event anyedge, v0x87eda6940_21, v0x87eda6940_22, v0x87eda6940_23, v0x87eda6940_24;
v0x87eda6940_25 .array/port v0x87eda6940, 25;
v0x87eda6940_26 .array/port v0x87eda6940, 26;
v0x87eda6940_27 .array/port v0x87eda6940, 27;
v0x87eda6940_28 .array/port v0x87eda6940, 28;
E_0x87ed06b00/7 .event anyedge, v0x87eda6940_25, v0x87eda6940_26, v0x87eda6940_27, v0x87eda6940_28;
v0x87eda6940_29 .array/port v0x87eda6940, 29;
v0x87eda6940_30 .array/port v0x87eda6940, 30;
v0x87eda6940_31 .array/port v0x87eda6940, 31;
v0x87eda6940_32 .array/port v0x87eda6940, 32;
E_0x87ed06b00/8 .event anyedge, v0x87eda6940_29, v0x87eda6940_30, v0x87eda6940_31, v0x87eda6940_32;
v0x87eda6940_33 .array/port v0x87eda6940, 33;
v0x87eda6940_34 .array/port v0x87eda6940, 34;
v0x87eda6940_35 .array/port v0x87eda6940, 35;
v0x87eda6940_36 .array/port v0x87eda6940, 36;
E_0x87ed06b00/9 .event anyedge, v0x87eda6940_33, v0x87eda6940_34, v0x87eda6940_35, v0x87eda6940_36;
v0x87eda6940_37 .array/port v0x87eda6940, 37;
v0x87eda6940_38 .array/port v0x87eda6940, 38;
v0x87eda6940_39 .array/port v0x87eda6940, 39;
v0x87eda6940_40 .array/port v0x87eda6940, 40;
E_0x87ed06b00/10 .event anyedge, v0x87eda6940_37, v0x87eda6940_38, v0x87eda6940_39, v0x87eda6940_40;
v0x87eda6940_41 .array/port v0x87eda6940, 41;
v0x87eda6940_42 .array/port v0x87eda6940, 42;
v0x87eda6940_43 .array/port v0x87eda6940, 43;
v0x87eda6940_44 .array/port v0x87eda6940, 44;
E_0x87ed06b00/11 .event anyedge, v0x87eda6940_41, v0x87eda6940_42, v0x87eda6940_43, v0x87eda6940_44;
v0x87eda6940_45 .array/port v0x87eda6940, 45;
v0x87eda6940_46 .array/port v0x87eda6940, 46;
v0x87eda6940_47 .array/port v0x87eda6940, 47;
v0x87eda6940_48 .array/port v0x87eda6940, 48;
E_0x87ed06b00/12 .event anyedge, v0x87eda6940_45, v0x87eda6940_46, v0x87eda6940_47, v0x87eda6940_48;
v0x87eda6940_49 .array/port v0x87eda6940, 49;
v0x87eda6940_50 .array/port v0x87eda6940, 50;
v0x87eda6940_51 .array/port v0x87eda6940, 51;
v0x87eda6940_52 .array/port v0x87eda6940, 52;
E_0x87ed06b00/13 .event anyedge, v0x87eda6940_49, v0x87eda6940_50, v0x87eda6940_51, v0x87eda6940_52;
v0x87eda6940_53 .array/port v0x87eda6940, 53;
v0x87eda6940_54 .array/port v0x87eda6940, 54;
v0x87eda6940_55 .array/port v0x87eda6940, 55;
v0x87eda6940_56 .array/port v0x87eda6940, 56;
E_0x87ed06b00/14 .event anyedge, v0x87eda6940_53, v0x87eda6940_54, v0x87eda6940_55, v0x87eda6940_56;
v0x87eda6940_57 .array/port v0x87eda6940, 57;
v0x87eda6940_58 .array/port v0x87eda6940, 58;
v0x87eda6940_59 .array/port v0x87eda6940, 59;
v0x87eda6940_60 .array/port v0x87eda6940, 60;
E_0x87ed06b00/15 .event anyedge, v0x87eda6940_57, v0x87eda6940_58, v0x87eda6940_59, v0x87eda6940_60;
v0x87eda6940_61 .array/port v0x87eda6940, 61;
v0x87eda6940_62 .array/port v0x87eda6940, 62;
v0x87eda6940_63 .array/port v0x87eda6940, 63;
v0x87eda6940_64 .array/port v0x87eda6940, 64;
E_0x87ed06b00/16 .event anyedge, v0x87eda6940_61, v0x87eda6940_62, v0x87eda6940_63, v0x87eda6940_64;
v0x87eda6940_65 .array/port v0x87eda6940, 65;
v0x87eda6940_66 .array/port v0x87eda6940, 66;
v0x87eda6940_67 .array/port v0x87eda6940, 67;
v0x87eda6940_68 .array/port v0x87eda6940, 68;
E_0x87ed06b00/17 .event anyedge, v0x87eda6940_65, v0x87eda6940_66, v0x87eda6940_67, v0x87eda6940_68;
v0x87eda6940_69 .array/port v0x87eda6940, 69;
v0x87eda6940_70 .array/port v0x87eda6940, 70;
v0x87eda6940_71 .array/port v0x87eda6940, 71;
v0x87eda6940_72 .array/port v0x87eda6940, 72;
E_0x87ed06b00/18 .event anyedge, v0x87eda6940_69, v0x87eda6940_70, v0x87eda6940_71, v0x87eda6940_72;
v0x87eda6940_73 .array/port v0x87eda6940, 73;
v0x87eda6940_74 .array/port v0x87eda6940, 74;
v0x87eda6940_75 .array/port v0x87eda6940, 75;
v0x87eda6940_76 .array/port v0x87eda6940, 76;
E_0x87ed06b00/19 .event anyedge, v0x87eda6940_73, v0x87eda6940_74, v0x87eda6940_75, v0x87eda6940_76;
v0x87eda6940_77 .array/port v0x87eda6940, 77;
v0x87eda6940_78 .array/port v0x87eda6940, 78;
v0x87eda6940_79 .array/port v0x87eda6940, 79;
v0x87eda6940_80 .array/port v0x87eda6940, 80;
E_0x87ed06b00/20 .event anyedge, v0x87eda6940_77, v0x87eda6940_78, v0x87eda6940_79, v0x87eda6940_80;
v0x87eda6940_81 .array/port v0x87eda6940, 81;
v0x87eda6940_82 .array/port v0x87eda6940, 82;
v0x87eda6940_83 .array/port v0x87eda6940, 83;
v0x87eda6940_84 .array/port v0x87eda6940, 84;
E_0x87ed06b00/21 .event anyedge, v0x87eda6940_81, v0x87eda6940_82, v0x87eda6940_83, v0x87eda6940_84;
v0x87eda6940_85 .array/port v0x87eda6940, 85;
v0x87eda6940_86 .array/port v0x87eda6940, 86;
v0x87eda6940_87 .array/port v0x87eda6940, 87;
v0x87eda6940_88 .array/port v0x87eda6940, 88;
E_0x87ed06b00/22 .event anyedge, v0x87eda6940_85, v0x87eda6940_86, v0x87eda6940_87, v0x87eda6940_88;
v0x87eda6940_89 .array/port v0x87eda6940, 89;
v0x87eda6940_90 .array/port v0x87eda6940, 90;
v0x87eda6940_91 .array/port v0x87eda6940, 91;
v0x87eda6940_92 .array/port v0x87eda6940, 92;
E_0x87ed06b00/23 .event anyedge, v0x87eda6940_89, v0x87eda6940_90, v0x87eda6940_91, v0x87eda6940_92;
v0x87eda6940_93 .array/port v0x87eda6940, 93;
v0x87eda6940_94 .array/port v0x87eda6940, 94;
v0x87eda6940_95 .array/port v0x87eda6940, 95;
v0x87eda6940_96 .array/port v0x87eda6940, 96;
E_0x87ed06b00/24 .event anyedge, v0x87eda6940_93, v0x87eda6940_94, v0x87eda6940_95, v0x87eda6940_96;
v0x87eda6940_97 .array/port v0x87eda6940, 97;
v0x87eda6940_98 .array/port v0x87eda6940, 98;
v0x87eda6940_99 .array/port v0x87eda6940, 99;
v0x87eda6940_100 .array/port v0x87eda6940, 100;
E_0x87ed06b00/25 .event anyedge, v0x87eda6940_97, v0x87eda6940_98, v0x87eda6940_99, v0x87eda6940_100;
v0x87eda6940_101 .array/port v0x87eda6940, 101;
v0x87eda6940_102 .array/port v0x87eda6940, 102;
v0x87eda6940_103 .array/port v0x87eda6940, 103;
v0x87eda6940_104 .array/port v0x87eda6940, 104;
E_0x87ed06b00/26 .event anyedge, v0x87eda6940_101, v0x87eda6940_102, v0x87eda6940_103, v0x87eda6940_104;
v0x87eda6940_105 .array/port v0x87eda6940, 105;
v0x87eda6940_106 .array/port v0x87eda6940, 106;
v0x87eda6940_107 .array/port v0x87eda6940, 107;
v0x87eda6940_108 .array/port v0x87eda6940, 108;
E_0x87ed06b00/27 .event anyedge, v0x87eda6940_105, v0x87eda6940_106, v0x87eda6940_107, v0x87eda6940_108;
v0x87eda6940_109 .array/port v0x87eda6940, 109;
v0x87eda6940_110 .array/port v0x87eda6940, 110;
v0x87eda6940_111 .array/port v0x87eda6940, 111;
v0x87eda6940_112 .array/port v0x87eda6940, 112;
E_0x87ed06b00/28 .event anyedge, v0x87eda6940_109, v0x87eda6940_110, v0x87eda6940_111, v0x87eda6940_112;
v0x87eda6940_113 .array/port v0x87eda6940, 113;
v0x87eda6940_114 .array/port v0x87eda6940, 114;
v0x87eda6940_115 .array/port v0x87eda6940, 115;
v0x87eda6940_116 .array/port v0x87eda6940, 116;
E_0x87ed06b00/29 .event anyedge, v0x87eda6940_113, v0x87eda6940_114, v0x87eda6940_115, v0x87eda6940_116;
v0x87eda6940_117 .array/port v0x87eda6940, 117;
v0x87eda6940_118 .array/port v0x87eda6940, 118;
v0x87eda6940_119 .array/port v0x87eda6940, 119;
v0x87eda6940_120 .array/port v0x87eda6940, 120;
E_0x87ed06b00/30 .event anyedge, v0x87eda6940_117, v0x87eda6940_118, v0x87eda6940_119, v0x87eda6940_120;
v0x87eda6940_121 .array/port v0x87eda6940, 121;
v0x87eda6940_122 .array/port v0x87eda6940, 122;
v0x87eda6940_123 .array/port v0x87eda6940, 123;
v0x87eda6940_124 .array/port v0x87eda6940, 124;
E_0x87ed06b00/31 .event anyedge, v0x87eda6940_121, v0x87eda6940_122, v0x87eda6940_123, v0x87eda6940_124;
v0x87eda6940_125 .array/port v0x87eda6940, 125;
v0x87eda6940_126 .array/port v0x87eda6940, 126;
v0x87eda6940_127 .array/port v0x87eda6940, 127;
v0x87eda6940_128 .array/port v0x87eda6940, 128;
E_0x87ed06b00/32 .event anyedge, v0x87eda6940_125, v0x87eda6940_126, v0x87eda6940_127, v0x87eda6940_128;
v0x87eda6940_129 .array/port v0x87eda6940, 129;
v0x87eda6940_130 .array/port v0x87eda6940, 130;
v0x87eda6940_131 .array/port v0x87eda6940, 131;
v0x87eda6940_132 .array/port v0x87eda6940, 132;
E_0x87ed06b00/33 .event anyedge, v0x87eda6940_129, v0x87eda6940_130, v0x87eda6940_131, v0x87eda6940_132;
v0x87eda6940_133 .array/port v0x87eda6940, 133;
v0x87eda6940_134 .array/port v0x87eda6940, 134;
v0x87eda6940_135 .array/port v0x87eda6940, 135;
v0x87eda6940_136 .array/port v0x87eda6940, 136;
E_0x87ed06b00/34 .event anyedge, v0x87eda6940_133, v0x87eda6940_134, v0x87eda6940_135, v0x87eda6940_136;
v0x87eda6940_137 .array/port v0x87eda6940, 137;
v0x87eda6940_138 .array/port v0x87eda6940, 138;
v0x87eda6940_139 .array/port v0x87eda6940, 139;
v0x87eda6940_140 .array/port v0x87eda6940, 140;
E_0x87ed06b00/35 .event anyedge, v0x87eda6940_137, v0x87eda6940_138, v0x87eda6940_139, v0x87eda6940_140;
v0x87eda6940_141 .array/port v0x87eda6940, 141;
v0x87eda6940_142 .array/port v0x87eda6940, 142;
v0x87eda6940_143 .array/port v0x87eda6940, 143;
v0x87eda6940_144 .array/port v0x87eda6940, 144;
E_0x87ed06b00/36 .event anyedge, v0x87eda6940_141, v0x87eda6940_142, v0x87eda6940_143, v0x87eda6940_144;
v0x87eda6940_145 .array/port v0x87eda6940, 145;
v0x87eda6940_146 .array/port v0x87eda6940, 146;
v0x87eda6940_147 .array/port v0x87eda6940, 147;
v0x87eda6940_148 .array/port v0x87eda6940, 148;
E_0x87ed06b00/37 .event anyedge, v0x87eda6940_145, v0x87eda6940_146, v0x87eda6940_147, v0x87eda6940_148;
v0x87eda6940_149 .array/port v0x87eda6940, 149;
v0x87eda6940_150 .array/port v0x87eda6940, 150;
v0x87eda6940_151 .array/port v0x87eda6940, 151;
v0x87eda6940_152 .array/port v0x87eda6940, 152;
E_0x87ed06b00/38 .event anyedge, v0x87eda6940_149, v0x87eda6940_150, v0x87eda6940_151, v0x87eda6940_152;
v0x87eda6940_153 .array/port v0x87eda6940, 153;
v0x87eda6940_154 .array/port v0x87eda6940, 154;
v0x87eda6940_155 .array/port v0x87eda6940, 155;
v0x87eda6940_156 .array/port v0x87eda6940, 156;
E_0x87ed06b00/39 .event anyedge, v0x87eda6940_153, v0x87eda6940_154, v0x87eda6940_155, v0x87eda6940_156;
v0x87eda6940_157 .array/port v0x87eda6940, 157;
v0x87eda6940_158 .array/port v0x87eda6940, 158;
v0x87eda6940_159 .array/port v0x87eda6940, 159;
v0x87eda6940_160 .array/port v0x87eda6940, 160;
E_0x87ed06b00/40 .event anyedge, v0x87eda6940_157, v0x87eda6940_158, v0x87eda6940_159, v0x87eda6940_160;
v0x87eda6940_161 .array/port v0x87eda6940, 161;
v0x87eda6940_162 .array/port v0x87eda6940, 162;
v0x87eda6940_163 .array/port v0x87eda6940, 163;
v0x87eda6940_164 .array/port v0x87eda6940, 164;
E_0x87ed06b00/41 .event anyedge, v0x87eda6940_161, v0x87eda6940_162, v0x87eda6940_163, v0x87eda6940_164;
v0x87eda6940_165 .array/port v0x87eda6940, 165;
v0x87eda6940_166 .array/port v0x87eda6940, 166;
v0x87eda6940_167 .array/port v0x87eda6940, 167;
v0x87eda6940_168 .array/port v0x87eda6940, 168;
E_0x87ed06b00/42 .event anyedge, v0x87eda6940_165, v0x87eda6940_166, v0x87eda6940_167, v0x87eda6940_168;
v0x87eda6940_169 .array/port v0x87eda6940, 169;
v0x87eda6940_170 .array/port v0x87eda6940, 170;
v0x87eda6940_171 .array/port v0x87eda6940, 171;
v0x87eda6940_172 .array/port v0x87eda6940, 172;
E_0x87ed06b00/43 .event anyedge, v0x87eda6940_169, v0x87eda6940_170, v0x87eda6940_171, v0x87eda6940_172;
v0x87eda6940_173 .array/port v0x87eda6940, 173;
v0x87eda6940_174 .array/port v0x87eda6940, 174;
v0x87eda6940_175 .array/port v0x87eda6940, 175;
v0x87eda6940_176 .array/port v0x87eda6940, 176;
E_0x87ed06b00/44 .event anyedge, v0x87eda6940_173, v0x87eda6940_174, v0x87eda6940_175, v0x87eda6940_176;
v0x87eda6940_177 .array/port v0x87eda6940, 177;
v0x87eda6940_178 .array/port v0x87eda6940, 178;
v0x87eda6940_179 .array/port v0x87eda6940, 179;
v0x87eda6940_180 .array/port v0x87eda6940, 180;
E_0x87ed06b00/45 .event anyedge, v0x87eda6940_177, v0x87eda6940_178, v0x87eda6940_179, v0x87eda6940_180;
v0x87eda6940_181 .array/port v0x87eda6940, 181;
v0x87eda6940_182 .array/port v0x87eda6940, 182;
v0x87eda6940_183 .array/port v0x87eda6940, 183;
v0x87eda6940_184 .array/port v0x87eda6940, 184;
E_0x87ed06b00/46 .event anyedge, v0x87eda6940_181, v0x87eda6940_182, v0x87eda6940_183, v0x87eda6940_184;
v0x87eda6940_185 .array/port v0x87eda6940, 185;
v0x87eda6940_186 .array/port v0x87eda6940, 186;
v0x87eda6940_187 .array/port v0x87eda6940, 187;
v0x87eda6940_188 .array/port v0x87eda6940, 188;
E_0x87ed06b00/47 .event anyedge, v0x87eda6940_185, v0x87eda6940_186, v0x87eda6940_187, v0x87eda6940_188;
v0x87eda6940_189 .array/port v0x87eda6940, 189;
v0x87eda6940_190 .array/port v0x87eda6940, 190;
v0x87eda6940_191 .array/port v0x87eda6940, 191;
v0x87eda6940_192 .array/port v0x87eda6940, 192;
E_0x87ed06b00/48 .event anyedge, v0x87eda6940_189, v0x87eda6940_190, v0x87eda6940_191, v0x87eda6940_192;
v0x87eda6940_193 .array/port v0x87eda6940, 193;
v0x87eda6940_194 .array/port v0x87eda6940, 194;
v0x87eda6940_195 .array/port v0x87eda6940, 195;
v0x87eda6940_196 .array/port v0x87eda6940, 196;
E_0x87ed06b00/49 .event anyedge, v0x87eda6940_193, v0x87eda6940_194, v0x87eda6940_195, v0x87eda6940_196;
v0x87eda6940_197 .array/port v0x87eda6940, 197;
v0x87eda6940_198 .array/port v0x87eda6940, 198;
v0x87eda6940_199 .array/port v0x87eda6940, 199;
v0x87eda6940_200 .array/port v0x87eda6940, 200;
E_0x87ed06b00/50 .event anyedge, v0x87eda6940_197, v0x87eda6940_198, v0x87eda6940_199, v0x87eda6940_200;
v0x87eda6940_201 .array/port v0x87eda6940, 201;
v0x87eda6940_202 .array/port v0x87eda6940, 202;
v0x87eda6940_203 .array/port v0x87eda6940, 203;
v0x87eda6940_204 .array/port v0x87eda6940, 204;
E_0x87ed06b00/51 .event anyedge, v0x87eda6940_201, v0x87eda6940_202, v0x87eda6940_203, v0x87eda6940_204;
v0x87eda6940_205 .array/port v0x87eda6940, 205;
v0x87eda6940_206 .array/port v0x87eda6940, 206;
v0x87eda6940_207 .array/port v0x87eda6940, 207;
v0x87eda6940_208 .array/port v0x87eda6940, 208;
E_0x87ed06b00/52 .event anyedge, v0x87eda6940_205, v0x87eda6940_206, v0x87eda6940_207, v0x87eda6940_208;
v0x87eda6940_209 .array/port v0x87eda6940, 209;
v0x87eda6940_210 .array/port v0x87eda6940, 210;
v0x87eda6940_211 .array/port v0x87eda6940, 211;
v0x87eda6940_212 .array/port v0x87eda6940, 212;
E_0x87ed06b00/53 .event anyedge, v0x87eda6940_209, v0x87eda6940_210, v0x87eda6940_211, v0x87eda6940_212;
v0x87eda6940_213 .array/port v0x87eda6940, 213;
v0x87eda6940_214 .array/port v0x87eda6940, 214;
v0x87eda6940_215 .array/port v0x87eda6940, 215;
v0x87eda6940_216 .array/port v0x87eda6940, 216;
E_0x87ed06b00/54 .event anyedge, v0x87eda6940_213, v0x87eda6940_214, v0x87eda6940_215, v0x87eda6940_216;
v0x87eda6940_217 .array/port v0x87eda6940, 217;
v0x87eda6940_218 .array/port v0x87eda6940, 218;
v0x87eda6940_219 .array/port v0x87eda6940, 219;
v0x87eda6940_220 .array/port v0x87eda6940, 220;
E_0x87ed06b00/55 .event anyedge, v0x87eda6940_217, v0x87eda6940_218, v0x87eda6940_219, v0x87eda6940_220;
v0x87eda6940_221 .array/port v0x87eda6940, 221;
v0x87eda6940_222 .array/port v0x87eda6940, 222;
v0x87eda6940_223 .array/port v0x87eda6940, 223;
v0x87eda6940_224 .array/port v0x87eda6940, 224;
E_0x87ed06b00/56 .event anyedge, v0x87eda6940_221, v0x87eda6940_222, v0x87eda6940_223, v0x87eda6940_224;
v0x87eda6940_225 .array/port v0x87eda6940, 225;
v0x87eda6940_226 .array/port v0x87eda6940, 226;
v0x87eda6940_227 .array/port v0x87eda6940, 227;
v0x87eda6940_228 .array/port v0x87eda6940, 228;
E_0x87ed06b00/57 .event anyedge, v0x87eda6940_225, v0x87eda6940_226, v0x87eda6940_227, v0x87eda6940_228;
v0x87eda6940_229 .array/port v0x87eda6940, 229;
v0x87eda6940_230 .array/port v0x87eda6940, 230;
v0x87eda6940_231 .array/port v0x87eda6940, 231;
v0x87eda6940_232 .array/port v0x87eda6940, 232;
E_0x87ed06b00/58 .event anyedge, v0x87eda6940_229, v0x87eda6940_230, v0x87eda6940_231, v0x87eda6940_232;
v0x87eda6940_233 .array/port v0x87eda6940, 233;
v0x87eda6940_234 .array/port v0x87eda6940, 234;
v0x87eda6940_235 .array/port v0x87eda6940, 235;
v0x87eda6940_236 .array/port v0x87eda6940, 236;
E_0x87ed06b00/59 .event anyedge, v0x87eda6940_233, v0x87eda6940_234, v0x87eda6940_235, v0x87eda6940_236;
v0x87eda6940_237 .array/port v0x87eda6940, 237;
v0x87eda6940_238 .array/port v0x87eda6940, 238;
v0x87eda6940_239 .array/port v0x87eda6940, 239;
v0x87eda6940_240 .array/port v0x87eda6940, 240;
E_0x87ed06b00/60 .event anyedge, v0x87eda6940_237, v0x87eda6940_238, v0x87eda6940_239, v0x87eda6940_240;
v0x87eda6940_241 .array/port v0x87eda6940, 241;
v0x87eda6940_242 .array/port v0x87eda6940, 242;
v0x87eda6940_243 .array/port v0x87eda6940, 243;
v0x87eda6940_244 .array/port v0x87eda6940, 244;
E_0x87ed06b00/61 .event anyedge, v0x87eda6940_241, v0x87eda6940_242, v0x87eda6940_243, v0x87eda6940_244;
v0x87eda6940_245 .array/port v0x87eda6940, 245;
v0x87eda6940_246 .array/port v0x87eda6940, 246;
v0x87eda6940_247 .array/port v0x87eda6940, 247;
v0x87eda6940_248 .array/port v0x87eda6940, 248;
E_0x87ed06b00/62 .event anyedge, v0x87eda6940_245, v0x87eda6940_246, v0x87eda6940_247, v0x87eda6940_248;
v0x87eda6940_249 .array/port v0x87eda6940, 249;
v0x87eda6940_250 .array/port v0x87eda6940, 250;
v0x87eda6940_251 .array/port v0x87eda6940, 251;
v0x87eda6940_252 .array/port v0x87eda6940, 252;
E_0x87ed06b00/63 .event anyedge, v0x87eda6940_249, v0x87eda6940_250, v0x87eda6940_251, v0x87eda6940_252;
v0x87eda6940_253 .array/port v0x87eda6940, 253;
v0x87eda6940_254 .array/port v0x87eda6940, 254;
v0x87eda6940_255 .array/port v0x87eda6940, 255;
v0x87eda6940_256 .array/port v0x87eda6940, 256;
E_0x87ed06b00/64 .event anyedge, v0x87eda6940_253, v0x87eda6940_254, v0x87eda6940_255, v0x87eda6940_256;
v0x87eda6940_257 .array/port v0x87eda6940, 257;
v0x87eda6940_258 .array/port v0x87eda6940, 258;
v0x87eda6940_259 .array/port v0x87eda6940, 259;
v0x87eda6940_260 .array/port v0x87eda6940, 260;
E_0x87ed06b00/65 .event anyedge, v0x87eda6940_257, v0x87eda6940_258, v0x87eda6940_259, v0x87eda6940_260;
v0x87eda6940_261 .array/port v0x87eda6940, 261;
v0x87eda6940_262 .array/port v0x87eda6940, 262;
v0x87eda6940_263 .array/port v0x87eda6940, 263;
v0x87eda6940_264 .array/port v0x87eda6940, 264;
E_0x87ed06b00/66 .event anyedge, v0x87eda6940_261, v0x87eda6940_262, v0x87eda6940_263, v0x87eda6940_264;
v0x87eda6940_265 .array/port v0x87eda6940, 265;
v0x87eda6940_266 .array/port v0x87eda6940, 266;
v0x87eda6940_267 .array/port v0x87eda6940, 267;
v0x87eda6940_268 .array/port v0x87eda6940, 268;
E_0x87ed06b00/67 .event anyedge, v0x87eda6940_265, v0x87eda6940_266, v0x87eda6940_267, v0x87eda6940_268;
v0x87eda6940_269 .array/port v0x87eda6940, 269;
v0x87eda6940_270 .array/port v0x87eda6940, 270;
v0x87eda6940_271 .array/port v0x87eda6940, 271;
v0x87eda6940_272 .array/port v0x87eda6940, 272;
E_0x87ed06b00/68 .event anyedge, v0x87eda6940_269, v0x87eda6940_270, v0x87eda6940_271, v0x87eda6940_272;
v0x87eda6940_273 .array/port v0x87eda6940, 273;
v0x87eda6940_274 .array/port v0x87eda6940, 274;
v0x87eda6940_275 .array/port v0x87eda6940, 275;
v0x87eda6940_276 .array/port v0x87eda6940, 276;
E_0x87ed06b00/69 .event anyedge, v0x87eda6940_273, v0x87eda6940_274, v0x87eda6940_275, v0x87eda6940_276;
v0x87eda6940_277 .array/port v0x87eda6940, 277;
v0x87eda6940_278 .array/port v0x87eda6940, 278;
v0x87eda6940_279 .array/port v0x87eda6940, 279;
v0x87eda6940_280 .array/port v0x87eda6940, 280;
E_0x87ed06b00/70 .event anyedge, v0x87eda6940_277, v0x87eda6940_278, v0x87eda6940_279, v0x87eda6940_280;
v0x87eda6940_281 .array/port v0x87eda6940, 281;
v0x87eda6940_282 .array/port v0x87eda6940, 282;
v0x87eda6940_283 .array/port v0x87eda6940, 283;
v0x87eda6940_284 .array/port v0x87eda6940, 284;
E_0x87ed06b00/71 .event anyedge, v0x87eda6940_281, v0x87eda6940_282, v0x87eda6940_283, v0x87eda6940_284;
v0x87eda6940_285 .array/port v0x87eda6940, 285;
v0x87eda6940_286 .array/port v0x87eda6940, 286;
v0x87eda6940_287 .array/port v0x87eda6940, 287;
v0x87eda6940_288 .array/port v0x87eda6940, 288;
E_0x87ed06b00/72 .event anyedge, v0x87eda6940_285, v0x87eda6940_286, v0x87eda6940_287, v0x87eda6940_288;
v0x87eda6940_289 .array/port v0x87eda6940, 289;
v0x87eda6940_290 .array/port v0x87eda6940, 290;
v0x87eda6940_291 .array/port v0x87eda6940, 291;
v0x87eda6940_292 .array/port v0x87eda6940, 292;
E_0x87ed06b00/73 .event anyedge, v0x87eda6940_289, v0x87eda6940_290, v0x87eda6940_291, v0x87eda6940_292;
v0x87eda6940_293 .array/port v0x87eda6940, 293;
v0x87eda6940_294 .array/port v0x87eda6940, 294;
v0x87eda6940_295 .array/port v0x87eda6940, 295;
v0x87eda6940_296 .array/port v0x87eda6940, 296;
E_0x87ed06b00/74 .event anyedge, v0x87eda6940_293, v0x87eda6940_294, v0x87eda6940_295, v0x87eda6940_296;
v0x87eda6940_297 .array/port v0x87eda6940, 297;
v0x87eda6940_298 .array/port v0x87eda6940, 298;
v0x87eda6940_299 .array/port v0x87eda6940, 299;
v0x87eda6940_300 .array/port v0x87eda6940, 300;
E_0x87ed06b00/75 .event anyedge, v0x87eda6940_297, v0x87eda6940_298, v0x87eda6940_299, v0x87eda6940_300;
v0x87eda6940_301 .array/port v0x87eda6940, 301;
v0x87eda6940_302 .array/port v0x87eda6940, 302;
v0x87eda6940_303 .array/port v0x87eda6940, 303;
v0x87eda6940_304 .array/port v0x87eda6940, 304;
E_0x87ed06b00/76 .event anyedge, v0x87eda6940_301, v0x87eda6940_302, v0x87eda6940_303, v0x87eda6940_304;
v0x87eda6940_305 .array/port v0x87eda6940, 305;
v0x87eda6940_306 .array/port v0x87eda6940, 306;
v0x87eda6940_307 .array/port v0x87eda6940, 307;
v0x87eda6940_308 .array/port v0x87eda6940, 308;
E_0x87ed06b00/77 .event anyedge, v0x87eda6940_305, v0x87eda6940_306, v0x87eda6940_307, v0x87eda6940_308;
v0x87eda6940_309 .array/port v0x87eda6940, 309;
v0x87eda6940_310 .array/port v0x87eda6940, 310;
v0x87eda6940_311 .array/port v0x87eda6940, 311;
v0x87eda6940_312 .array/port v0x87eda6940, 312;
E_0x87ed06b00/78 .event anyedge, v0x87eda6940_309, v0x87eda6940_310, v0x87eda6940_311, v0x87eda6940_312;
v0x87eda6940_313 .array/port v0x87eda6940, 313;
v0x87eda6940_314 .array/port v0x87eda6940, 314;
v0x87eda6940_315 .array/port v0x87eda6940, 315;
v0x87eda6940_316 .array/port v0x87eda6940, 316;
E_0x87ed06b00/79 .event anyedge, v0x87eda6940_313, v0x87eda6940_314, v0x87eda6940_315, v0x87eda6940_316;
v0x87eda6940_317 .array/port v0x87eda6940, 317;
v0x87eda6940_318 .array/port v0x87eda6940, 318;
v0x87eda6940_319 .array/port v0x87eda6940, 319;
v0x87eda6940_320 .array/port v0x87eda6940, 320;
E_0x87ed06b00/80 .event anyedge, v0x87eda6940_317, v0x87eda6940_318, v0x87eda6940_319, v0x87eda6940_320;
v0x87eda6940_321 .array/port v0x87eda6940, 321;
v0x87eda6940_322 .array/port v0x87eda6940, 322;
v0x87eda6940_323 .array/port v0x87eda6940, 323;
v0x87eda6940_324 .array/port v0x87eda6940, 324;
E_0x87ed06b00/81 .event anyedge, v0x87eda6940_321, v0x87eda6940_322, v0x87eda6940_323, v0x87eda6940_324;
v0x87eda6940_325 .array/port v0x87eda6940, 325;
v0x87eda6940_326 .array/port v0x87eda6940, 326;
v0x87eda6940_327 .array/port v0x87eda6940, 327;
v0x87eda6940_328 .array/port v0x87eda6940, 328;
E_0x87ed06b00/82 .event anyedge, v0x87eda6940_325, v0x87eda6940_326, v0x87eda6940_327, v0x87eda6940_328;
v0x87eda6940_329 .array/port v0x87eda6940, 329;
v0x87eda6940_330 .array/port v0x87eda6940, 330;
v0x87eda6940_331 .array/port v0x87eda6940, 331;
v0x87eda6940_332 .array/port v0x87eda6940, 332;
E_0x87ed06b00/83 .event anyedge, v0x87eda6940_329, v0x87eda6940_330, v0x87eda6940_331, v0x87eda6940_332;
v0x87eda6940_333 .array/port v0x87eda6940, 333;
v0x87eda6940_334 .array/port v0x87eda6940, 334;
v0x87eda6940_335 .array/port v0x87eda6940, 335;
v0x87eda6940_336 .array/port v0x87eda6940, 336;
E_0x87ed06b00/84 .event anyedge, v0x87eda6940_333, v0x87eda6940_334, v0x87eda6940_335, v0x87eda6940_336;
v0x87eda6940_337 .array/port v0x87eda6940, 337;
v0x87eda6940_338 .array/port v0x87eda6940, 338;
v0x87eda6940_339 .array/port v0x87eda6940, 339;
v0x87eda6940_340 .array/port v0x87eda6940, 340;
E_0x87ed06b00/85 .event anyedge, v0x87eda6940_337, v0x87eda6940_338, v0x87eda6940_339, v0x87eda6940_340;
v0x87eda6940_341 .array/port v0x87eda6940, 341;
v0x87eda6940_342 .array/port v0x87eda6940, 342;
v0x87eda6940_343 .array/port v0x87eda6940, 343;
v0x87eda6940_344 .array/port v0x87eda6940, 344;
E_0x87ed06b00/86 .event anyedge, v0x87eda6940_341, v0x87eda6940_342, v0x87eda6940_343, v0x87eda6940_344;
v0x87eda6940_345 .array/port v0x87eda6940, 345;
v0x87eda6940_346 .array/port v0x87eda6940, 346;
v0x87eda6940_347 .array/port v0x87eda6940, 347;
v0x87eda6940_348 .array/port v0x87eda6940, 348;
E_0x87ed06b00/87 .event anyedge, v0x87eda6940_345, v0x87eda6940_346, v0x87eda6940_347, v0x87eda6940_348;
v0x87eda6940_349 .array/port v0x87eda6940, 349;
v0x87eda6940_350 .array/port v0x87eda6940, 350;
v0x87eda6940_351 .array/port v0x87eda6940, 351;
v0x87eda6940_352 .array/port v0x87eda6940, 352;
E_0x87ed06b00/88 .event anyedge, v0x87eda6940_349, v0x87eda6940_350, v0x87eda6940_351, v0x87eda6940_352;
v0x87eda6940_353 .array/port v0x87eda6940, 353;
v0x87eda6940_354 .array/port v0x87eda6940, 354;
v0x87eda6940_355 .array/port v0x87eda6940, 355;
v0x87eda6940_356 .array/port v0x87eda6940, 356;
E_0x87ed06b00/89 .event anyedge, v0x87eda6940_353, v0x87eda6940_354, v0x87eda6940_355, v0x87eda6940_356;
v0x87eda6940_357 .array/port v0x87eda6940, 357;
v0x87eda6940_358 .array/port v0x87eda6940, 358;
v0x87eda6940_359 .array/port v0x87eda6940, 359;
v0x87eda6940_360 .array/port v0x87eda6940, 360;
E_0x87ed06b00/90 .event anyedge, v0x87eda6940_357, v0x87eda6940_358, v0x87eda6940_359, v0x87eda6940_360;
v0x87eda6940_361 .array/port v0x87eda6940, 361;
v0x87eda6940_362 .array/port v0x87eda6940, 362;
v0x87eda6940_363 .array/port v0x87eda6940, 363;
v0x87eda6940_364 .array/port v0x87eda6940, 364;
E_0x87ed06b00/91 .event anyedge, v0x87eda6940_361, v0x87eda6940_362, v0x87eda6940_363, v0x87eda6940_364;
v0x87eda6940_365 .array/port v0x87eda6940, 365;
v0x87eda6940_366 .array/port v0x87eda6940, 366;
v0x87eda6940_367 .array/port v0x87eda6940, 367;
v0x87eda6940_368 .array/port v0x87eda6940, 368;
E_0x87ed06b00/92 .event anyedge, v0x87eda6940_365, v0x87eda6940_366, v0x87eda6940_367, v0x87eda6940_368;
v0x87eda6940_369 .array/port v0x87eda6940, 369;
v0x87eda6940_370 .array/port v0x87eda6940, 370;
v0x87eda6940_371 .array/port v0x87eda6940, 371;
v0x87eda6940_372 .array/port v0x87eda6940, 372;
E_0x87ed06b00/93 .event anyedge, v0x87eda6940_369, v0x87eda6940_370, v0x87eda6940_371, v0x87eda6940_372;
v0x87eda6940_373 .array/port v0x87eda6940, 373;
v0x87eda6940_374 .array/port v0x87eda6940, 374;
v0x87eda6940_375 .array/port v0x87eda6940, 375;
v0x87eda6940_376 .array/port v0x87eda6940, 376;
E_0x87ed06b00/94 .event anyedge, v0x87eda6940_373, v0x87eda6940_374, v0x87eda6940_375, v0x87eda6940_376;
v0x87eda6940_377 .array/port v0x87eda6940, 377;
v0x87eda6940_378 .array/port v0x87eda6940, 378;
v0x87eda6940_379 .array/port v0x87eda6940, 379;
v0x87eda6940_380 .array/port v0x87eda6940, 380;
E_0x87ed06b00/95 .event anyedge, v0x87eda6940_377, v0x87eda6940_378, v0x87eda6940_379, v0x87eda6940_380;
v0x87eda6940_381 .array/port v0x87eda6940, 381;
v0x87eda6940_382 .array/port v0x87eda6940, 382;
v0x87eda6940_383 .array/port v0x87eda6940, 383;
v0x87eda6940_384 .array/port v0x87eda6940, 384;
E_0x87ed06b00/96 .event anyedge, v0x87eda6940_381, v0x87eda6940_382, v0x87eda6940_383, v0x87eda6940_384;
v0x87eda6940_385 .array/port v0x87eda6940, 385;
v0x87eda6940_386 .array/port v0x87eda6940, 386;
v0x87eda6940_387 .array/port v0x87eda6940, 387;
v0x87eda6940_388 .array/port v0x87eda6940, 388;
E_0x87ed06b00/97 .event anyedge, v0x87eda6940_385, v0x87eda6940_386, v0x87eda6940_387, v0x87eda6940_388;
v0x87eda6940_389 .array/port v0x87eda6940, 389;
v0x87eda6940_390 .array/port v0x87eda6940, 390;
v0x87eda6940_391 .array/port v0x87eda6940, 391;
v0x87eda6940_392 .array/port v0x87eda6940, 392;
E_0x87ed06b00/98 .event anyedge, v0x87eda6940_389, v0x87eda6940_390, v0x87eda6940_391, v0x87eda6940_392;
v0x87eda6940_393 .array/port v0x87eda6940, 393;
v0x87eda6940_394 .array/port v0x87eda6940, 394;
v0x87eda6940_395 .array/port v0x87eda6940, 395;
v0x87eda6940_396 .array/port v0x87eda6940, 396;
E_0x87ed06b00/99 .event anyedge, v0x87eda6940_393, v0x87eda6940_394, v0x87eda6940_395, v0x87eda6940_396;
v0x87eda6940_397 .array/port v0x87eda6940, 397;
v0x87eda6940_398 .array/port v0x87eda6940, 398;
v0x87eda6940_399 .array/port v0x87eda6940, 399;
v0x87eda6940_400 .array/port v0x87eda6940, 400;
E_0x87ed06b00/100 .event anyedge, v0x87eda6940_397, v0x87eda6940_398, v0x87eda6940_399, v0x87eda6940_400;
v0x87eda6940_401 .array/port v0x87eda6940, 401;
v0x87eda6940_402 .array/port v0x87eda6940, 402;
v0x87eda6940_403 .array/port v0x87eda6940, 403;
v0x87eda6940_404 .array/port v0x87eda6940, 404;
E_0x87ed06b00/101 .event anyedge, v0x87eda6940_401, v0x87eda6940_402, v0x87eda6940_403, v0x87eda6940_404;
v0x87eda6940_405 .array/port v0x87eda6940, 405;
v0x87eda6940_406 .array/port v0x87eda6940, 406;
v0x87eda6940_407 .array/port v0x87eda6940, 407;
v0x87eda6940_408 .array/port v0x87eda6940, 408;
E_0x87ed06b00/102 .event anyedge, v0x87eda6940_405, v0x87eda6940_406, v0x87eda6940_407, v0x87eda6940_408;
v0x87eda6940_409 .array/port v0x87eda6940, 409;
v0x87eda6940_410 .array/port v0x87eda6940, 410;
v0x87eda6940_411 .array/port v0x87eda6940, 411;
v0x87eda6940_412 .array/port v0x87eda6940, 412;
E_0x87ed06b00/103 .event anyedge, v0x87eda6940_409, v0x87eda6940_410, v0x87eda6940_411, v0x87eda6940_412;
v0x87eda6940_413 .array/port v0x87eda6940, 413;
v0x87eda6940_414 .array/port v0x87eda6940, 414;
v0x87eda6940_415 .array/port v0x87eda6940, 415;
v0x87eda6940_416 .array/port v0x87eda6940, 416;
E_0x87ed06b00/104 .event anyedge, v0x87eda6940_413, v0x87eda6940_414, v0x87eda6940_415, v0x87eda6940_416;
v0x87eda6940_417 .array/port v0x87eda6940, 417;
v0x87eda6940_418 .array/port v0x87eda6940, 418;
v0x87eda6940_419 .array/port v0x87eda6940, 419;
v0x87eda6940_420 .array/port v0x87eda6940, 420;
E_0x87ed06b00/105 .event anyedge, v0x87eda6940_417, v0x87eda6940_418, v0x87eda6940_419, v0x87eda6940_420;
v0x87eda6940_421 .array/port v0x87eda6940, 421;
v0x87eda6940_422 .array/port v0x87eda6940, 422;
v0x87eda6940_423 .array/port v0x87eda6940, 423;
v0x87eda6940_424 .array/port v0x87eda6940, 424;
E_0x87ed06b00/106 .event anyedge, v0x87eda6940_421, v0x87eda6940_422, v0x87eda6940_423, v0x87eda6940_424;
v0x87eda6940_425 .array/port v0x87eda6940, 425;
v0x87eda6940_426 .array/port v0x87eda6940, 426;
v0x87eda6940_427 .array/port v0x87eda6940, 427;
v0x87eda6940_428 .array/port v0x87eda6940, 428;
E_0x87ed06b00/107 .event anyedge, v0x87eda6940_425, v0x87eda6940_426, v0x87eda6940_427, v0x87eda6940_428;
v0x87eda6940_429 .array/port v0x87eda6940, 429;
v0x87eda6940_430 .array/port v0x87eda6940, 430;
v0x87eda6940_431 .array/port v0x87eda6940, 431;
v0x87eda6940_432 .array/port v0x87eda6940, 432;
E_0x87ed06b00/108 .event anyedge, v0x87eda6940_429, v0x87eda6940_430, v0x87eda6940_431, v0x87eda6940_432;
v0x87eda6940_433 .array/port v0x87eda6940, 433;
v0x87eda6940_434 .array/port v0x87eda6940, 434;
v0x87eda6940_435 .array/port v0x87eda6940, 435;
v0x87eda6940_436 .array/port v0x87eda6940, 436;
E_0x87ed06b00/109 .event anyedge, v0x87eda6940_433, v0x87eda6940_434, v0x87eda6940_435, v0x87eda6940_436;
v0x87eda6940_437 .array/port v0x87eda6940, 437;
v0x87eda6940_438 .array/port v0x87eda6940, 438;
v0x87eda6940_439 .array/port v0x87eda6940, 439;
v0x87eda6940_440 .array/port v0x87eda6940, 440;
E_0x87ed06b00/110 .event anyedge, v0x87eda6940_437, v0x87eda6940_438, v0x87eda6940_439, v0x87eda6940_440;
v0x87eda6940_441 .array/port v0x87eda6940, 441;
v0x87eda6940_442 .array/port v0x87eda6940, 442;
v0x87eda6940_443 .array/port v0x87eda6940, 443;
v0x87eda6940_444 .array/port v0x87eda6940, 444;
E_0x87ed06b00/111 .event anyedge, v0x87eda6940_441, v0x87eda6940_442, v0x87eda6940_443, v0x87eda6940_444;
v0x87eda6940_445 .array/port v0x87eda6940, 445;
v0x87eda6940_446 .array/port v0x87eda6940, 446;
v0x87eda6940_447 .array/port v0x87eda6940, 447;
v0x87eda6940_448 .array/port v0x87eda6940, 448;
E_0x87ed06b00/112 .event anyedge, v0x87eda6940_445, v0x87eda6940_446, v0x87eda6940_447, v0x87eda6940_448;
v0x87eda6940_449 .array/port v0x87eda6940, 449;
v0x87eda6940_450 .array/port v0x87eda6940, 450;
v0x87eda6940_451 .array/port v0x87eda6940, 451;
v0x87eda6940_452 .array/port v0x87eda6940, 452;
E_0x87ed06b00/113 .event anyedge, v0x87eda6940_449, v0x87eda6940_450, v0x87eda6940_451, v0x87eda6940_452;
v0x87eda6940_453 .array/port v0x87eda6940, 453;
v0x87eda6940_454 .array/port v0x87eda6940, 454;
v0x87eda6940_455 .array/port v0x87eda6940, 455;
v0x87eda6940_456 .array/port v0x87eda6940, 456;
E_0x87ed06b00/114 .event anyedge, v0x87eda6940_453, v0x87eda6940_454, v0x87eda6940_455, v0x87eda6940_456;
v0x87eda6940_457 .array/port v0x87eda6940, 457;
v0x87eda6940_458 .array/port v0x87eda6940, 458;
v0x87eda6940_459 .array/port v0x87eda6940, 459;
v0x87eda6940_460 .array/port v0x87eda6940, 460;
E_0x87ed06b00/115 .event anyedge, v0x87eda6940_457, v0x87eda6940_458, v0x87eda6940_459, v0x87eda6940_460;
v0x87eda6940_461 .array/port v0x87eda6940, 461;
v0x87eda6940_462 .array/port v0x87eda6940, 462;
v0x87eda6940_463 .array/port v0x87eda6940, 463;
v0x87eda6940_464 .array/port v0x87eda6940, 464;
E_0x87ed06b00/116 .event anyedge, v0x87eda6940_461, v0x87eda6940_462, v0x87eda6940_463, v0x87eda6940_464;
v0x87eda6940_465 .array/port v0x87eda6940, 465;
v0x87eda6940_466 .array/port v0x87eda6940, 466;
v0x87eda6940_467 .array/port v0x87eda6940, 467;
v0x87eda6940_468 .array/port v0x87eda6940, 468;
E_0x87ed06b00/117 .event anyedge, v0x87eda6940_465, v0x87eda6940_466, v0x87eda6940_467, v0x87eda6940_468;
v0x87eda6940_469 .array/port v0x87eda6940, 469;
v0x87eda6940_470 .array/port v0x87eda6940, 470;
v0x87eda6940_471 .array/port v0x87eda6940, 471;
v0x87eda6940_472 .array/port v0x87eda6940, 472;
E_0x87ed06b00/118 .event anyedge, v0x87eda6940_469, v0x87eda6940_470, v0x87eda6940_471, v0x87eda6940_472;
v0x87eda6940_473 .array/port v0x87eda6940, 473;
v0x87eda6940_474 .array/port v0x87eda6940, 474;
v0x87eda6940_475 .array/port v0x87eda6940, 475;
v0x87eda6940_476 .array/port v0x87eda6940, 476;
E_0x87ed06b00/119 .event anyedge, v0x87eda6940_473, v0x87eda6940_474, v0x87eda6940_475, v0x87eda6940_476;
v0x87eda6940_477 .array/port v0x87eda6940, 477;
v0x87eda6940_478 .array/port v0x87eda6940, 478;
v0x87eda6940_479 .array/port v0x87eda6940, 479;
v0x87eda6940_480 .array/port v0x87eda6940, 480;
E_0x87ed06b00/120 .event anyedge, v0x87eda6940_477, v0x87eda6940_478, v0x87eda6940_479, v0x87eda6940_480;
v0x87eda6940_481 .array/port v0x87eda6940, 481;
v0x87eda6940_482 .array/port v0x87eda6940, 482;
v0x87eda6940_483 .array/port v0x87eda6940, 483;
v0x87eda6940_484 .array/port v0x87eda6940, 484;
E_0x87ed06b00/121 .event anyedge, v0x87eda6940_481, v0x87eda6940_482, v0x87eda6940_483, v0x87eda6940_484;
v0x87eda6940_485 .array/port v0x87eda6940, 485;
v0x87eda6940_486 .array/port v0x87eda6940, 486;
v0x87eda6940_487 .array/port v0x87eda6940, 487;
v0x87eda6940_488 .array/port v0x87eda6940, 488;
E_0x87ed06b00/122 .event anyedge, v0x87eda6940_485, v0x87eda6940_486, v0x87eda6940_487, v0x87eda6940_488;
v0x87eda6940_489 .array/port v0x87eda6940, 489;
v0x87eda6940_490 .array/port v0x87eda6940, 490;
v0x87eda6940_491 .array/port v0x87eda6940, 491;
v0x87eda6940_492 .array/port v0x87eda6940, 492;
E_0x87ed06b00/123 .event anyedge, v0x87eda6940_489, v0x87eda6940_490, v0x87eda6940_491, v0x87eda6940_492;
v0x87eda6940_493 .array/port v0x87eda6940, 493;
v0x87eda6940_494 .array/port v0x87eda6940, 494;
v0x87eda6940_495 .array/port v0x87eda6940, 495;
v0x87eda6940_496 .array/port v0x87eda6940, 496;
E_0x87ed06b00/124 .event anyedge, v0x87eda6940_493, v0x87eda6940_494, v0x87eda6940_495, v0x87eda6940_496;
v0x87eda6940_497 .array/port v0x87eda6940, 497;
v0x87eda6940_498 .array/port v0x87eda6940, 498;
v0x87eda6940_499 .array/port v0x87eda6940, 499;
v0x87eda6940_500 .array/port v0x87eda6940, 500;
E_0x87ed06b00/125 .event anyedge, v0x87eda6940_497, v0x87eda6940_498, v0x87eda6940_499, v0x87eda6940_500;
v0x87eda6940_501 .array/port v0x87eda6940, 501;
v0x87eda6940_502 .array/port v0x87eda6940, 502;
v0x87eda6940_503 .array/port v0x87eda6940, 503;
v0x87eda6940_504 .array/port v0x87eda6940, 504;
E_0x87ed06b00/126 .event anyedge, v0x87eda6940_501, v0x87eda6940_502, v0x87eda6940_503, v0x87eda6940_504;
v0x87eda6940_505 .array/port v0x87eda6940, 505;
v0x87eda6940_506 .array/port v0x87eda6940, 506;
v0x87eda6940_507 .array/port v0x87eda6940, 507;
v0x87eda6940_508 .array/port v0x87eda6940, 508;
E_0x87ed06b00/127 .event anyedge, v0x87eda6940_505, v0x87eda6940_506, v0x87eda6940_507, v0x87eda6940_508;
v0x87eda6940_509 .array/port v0x87eda6940, 509;
v0x87eda6940_510 .array/port v0x87eda6940, 510;
v0x87eda6940_511 .array/port v0x87eda6940, 511;
v0x87eda6940_512 .array/port v0x87eda6940, 512;
E_0x87ed06b00/128 .event anyedge, v0x87eda6940_509, v0x87eda6940_510, v0x87eda6940_511, v0x87eda6940_512;
v0x87eda6940_513 .array/port v0x87eda6940, 513;
v0x87eda6940_514 .array/port v0x87eda6940, 514;
v0x87eda6940_515 .array/port v0x87eda6940, 515;
v0x87eda6940_516 .array/port v0x87eda6940, 516;
E_0x87ed06b00/129 .event anyedge, v0x87eda6940_513, v0x87eda6940_514, v0x87eda6940_515, v0x87eda6940_516;
v0x87eda6940_517 .array/port v0x87eda6940, 517;
v0x87eda6940_518 .array/port v0x87eda6940, 518;
v0x87eda6940_519 .array/port v0x87eda6940, 519;
v0x87eda6940_520 .array/port v0x87eda6940, 520;
E_0x87ed06b00/130 .event anyedge, v0x87eda6940_517, v0x87eda6940_518, v0x87eda6940_519, v0x87eda6940_520;
v0x87eda6940_521 .array/port v0x87eda6940, 521;
v0x87eda6940_522 .array/port v0x87eda6940, 522;
v0x87eda6940_523 .array/port v0x87eda6940, 523;
v0x87eda6940_524 .array/port v0x87eda6940, 524;
E_0x87ed06b00/131 .event anyedge, v0x87eda6940_521, v0x87eda6940_522, v0x87eda6940_523, v0x87eda6940_524;
v0x87eda6940_525 .array/port v0x87eda6940, 525;
v0x87eda6940_526 .array/port v0x87eda6940, 526;
v0x87eda6940_527 .array/port v0x87eda6940, 527;
v0x87eda6940_528 .array/port v0x87eda6940, 528;
E_0x87ed06b00/132 .event anyedge, v0x87eda6940_525, v0x87eda6940_526, v0x87eda6940_527, v0x87eda6940_528;
v0x87eda6940_529 .array/port v0x87eda6940, 529;
v0x87eda6940_530 .array/port v0x87eda6940, 530;
v0x87eda6940_531 .array/port v0x87eda6940, 531;
v0x87eda6940_532 .array/port v0x87eda6940, 532;
E_0x87ed06b00/133 .event anyedge, v0x87eda6940_529, v0x87eda6940_530, v0x87eda6940_531, v0x87eda6940_532;
v0x87eda6940_533 .array/port v0x87eda6940, 533;
v0x87eda6940_534 .array/port v0x87eda6940, 534;
v0x87eda6940_535 .array/port v0x87eda6940, 535;
v0x87eda6940_536 .array/port v0x87eda6940, 536;
E_0x87ed06b00/134 .event anyedge, v0x87eda6940_533, v0x87eda6940_534, v0x87eda6940_535, v0x87eda6940_536;
v0x87eda6940_537 .array/port v0x87eda6940, 537;
v0x87eda6940_538 .array/port v0x87eda6940, 538;
v0x87eda6940_539 .array/port v0x87eda6940, 539;
v0x87eda6940_540 .array/port v0x87eda6940, 540;
E_0x87ed06b00/135 .event anyedge, v0x87eda6940_537, v0x87eda6940_538, v0x87eda6940_539, v0x87eda6940_540;
v0x87eda6940_541 .array/port v0x87eda6940, 541;
v0x87eda6940_542 .array/port v0x87eda6940, 542;
v0x87eda6940_543 .array/port v0x87eda6940, 543;
v0x87eda6940_544 .array/port v0x87eda6940, 544;
E_0x87ed06b00/136 .event anyedge, v0x87eda6940_541, v0x87eda6940_542, v0x87eda6940_543, v0x87eda6940_544;
v0x87eda6940_545 .array/port v0x87eda6940, 545;
v0x87eda6940_546 .array/port v0x87eda6940, 546;
v0x87eda6940_547 .array/port v0x87eda6940, 547;
v0x87eda6940_548 .array/port v0x87eda6940, 548;
E_0x87ed06b00/137 .event anyedge, v0x87eda6940_545, v0x87eda6940_546, v0x87eda6940_547, v0x87eda6940_548;
v0x87eda6940_549 .array/port v0x87eda6940, 549;
v0x87eda6940_550 .array/port v0x87eda6940, 550;
v0x87eda6940_551 .array/port v0x87eda6940, 551;
v0x87eda6940_552 .array/port v0x87eda6940, 552;
E_0x87ed06b00/138 .event anyedge, v0x87eda6940_549, v0x87eda6940_550, v0x87eda6940_551, v0x87eda6940_552;
v0x87eda6940_553 .array/port v0x87eda6940, 553;
v0x87eda6940_554 .array/port v0x87eda6940, 554;
v0x87eda6940_555 .array/port v0x87eda6940, 555;
v0x87eda6940_556 .array/port v0x87eda6940, 556;
E_0x87ed06b00/139 .event anyedge, v0x87eda6940_553, v0x87eda6940_554, v0x87eda6940_555, v0x87eda6940_556;
v0x87eda6940_557 .array/port v0x87eda6940, 557;
v0x87eda6940_558 .array/port v0x87eda6940, 558;
v0x87eda6940_559 .array/port v0x87eda6940, 559;
v0x87eda6940_560 .array/port v0x87eda6940, 560;
E_0x87ed06b00/140 .event anyedge, v0x87eda6940_557, v0x87eda6940_558, v0x87eda6940_559, v0x87eda6940_560;
v0x87eda6940_561 .array/port v0x87eda6940, 561;
v0x87eda6940_562 .array/port v0x87eda6940, 562;
v0x87eda6940_563 .array/port v0x87eda6940, 563;
v0x87eda6940_564 .array/port v0x87eda6940, 564;
E_0x87ed06b00/141 .event anyedge, v0x87eda6940_561, v0x87eda6940_562, v0x87eda6940_563, v0x87eda6940_564;
v0x87eda6940_565 .array/port v0x87eda6940, 565;
v0x87eda6940_566 .array/port v0x87eda6940, 566;
v0x87eda6940_567 .array/port v0x87eda6940, 567;
v0x87eda6940_568 .array/port v0x87eda6940, 568;
E_0x87ed06b00/142 .event anyedge, v0x87eda6940_565, v0x87eda6940_566, v0x87eda6940_567, v0x87eda6940_568;
v0x87eda6940_569 .array/port v0x87eda6940, 569;
v0x87eda6940_570 .array/port v0x87eda6940, 570;
v0x87eda6940_571 .array/port v0x87eda6940, 571;
v0x87eda6940_572 .array/port v0x87eda6940, 572;
E_0x87ed06b00/143 .event anyedge, v0x87eda6940_569, v0x87eda6940_570, v0x87eda6940_571, v0x87eda6940_572;
v0x87eda6940_573 .array/port v0x87eda6940, 573;
v0x87eda6940_574 .array/port v0x87eda6940, 574;
v0x87eda6940_575 .array/port v0x87eda6940, 575;
v0x87eda6940_576 .array/port v0x87eda6940, 576;
E_0x87ed06b00/144 .event anyedge, v0x87eda6940_573, v0x87eda6940_574, v0x87eda6940_575, v0x87eda6940_576;
v0x87eda6940_577 .array/port v0x87eda6940, 577;
v0x87eda6940_578 .array/port v0x87eda6940, 578;
v0x87eda6940_579 .array/port v0x87eda6940, 579;
v0x87eda6940_580 .array/port v0x87eda6940, 580;
E_0x87ed06b00/145 .event anyedge, v0x87eda6940_577, v0x87eda6940_578, v0x87eda6940_579, v0x87eda6940_580;
v0x87eda6940_581 .array/port v0x87eda6940, 581;
v0x87eda6940_582 .array/port v0x87eda6940, 582;
v0x87eda6940_583 .array/port v0x87eda6940, 583;
v0x87eda6940_584 .array/port v0x87eda6940, 584;
E_0x87ed06b00/146 .event anyedge, v0x87eda6940_581, v0x87eda6940_582, v0x87eda6940_583, v0x87eda6940_584;
v0x87eda6940_585 .array/port v0x87eda6940, 585;
v0x87eda6940_586 .array/port v0x87eda6940, 586;
v0x87eda6940_587 .array/port v0x87eda6940, 587;
v0x87eda6940_588 .array/port v0x87eda6940, 588;
E_0x87ed06b00/147 .event anyedge, v0x87eda6940_585, v0x87eda6940_586, v0x87eda6940_587, v0x87eda6940_588;
v0x87eda6940_589 .array/port v0x87eda6940, 589;
v0x87eda6940_590 .array/port v0x87eda6940, 590;
v0x87eda6940_591 .array/port v0x87eda6940, 591;
v0x87eda6940_592 .array/port v0x87eda6940, 592;
E_0x87ed06b00/148 .event anyedge, v0x87eda6940_589, v0x87eda6940_590, v0x87eda6940_591, v0x87eda6940_592;
v0x87eda6940_593 .array/port v0x87eda6940, 593;
v0x87eda6940_594 .array/port v0x87eda6940, 594;
v0x87eda6940_595 .array/port v0x87eda6940, 595;
v0x87eda6940_596 .array/port v0x87eda6940, 596;
E_0x87ed06b00/149 .event anyedge, v0x87eda6940_593, v0x87eda6940_594, v0x87eda6940_595, v0x87eda6940_596;
v0x87eda6940_597 .array/port v0x87eda6940, 597;
v0x87eda6940_598 .array/port v0x87eda6940, 598;
v0x87eda6940_599 .array/port v0x87eda6940, 599;
v0x87eda6940_600 .array/port v0x87eda6940, 600;
E_0x87ed06b00/150 .event anyedge, v0x87eda6940_597, v0x87eda6940_598, v0x87eda6940_599, v0x87eda6940_600;
v0x87eda6940_601 .array/port v0x87eda6940, 601;
v0x87eda6940_602 .array/port v0x87eda6940, 602;
v0x87eda6940_603 .array/port v0x87eda6940, 603;
v0x87eda6940_604 .array/port v0x87eda6940, 604;
E_0x87ed06b00/151 .event anyedge, v0x87eda6940_601, v0x87eda6940_602, v0x87eda6940_603, v0x87eda6940_604;
v0x87eda6940_605 .array/port v0x87eda6940, 605;
v0x87eda6940_606 .array/port v0x87eda6940, 606;
v0x87eda6940_607 .array/port v0x87eda6940, 607;
v0x87eda6940_608 .array/port v0x87eda6940, 608;
E_0x87ed06b00/152 .event anyedge, v0x87eda6940_605, v0x87eda6940_606, v0x87eda6940_607, v0x87eda6940_608;
v0x87eda6940_609 .array/port v0x87eda6940, 609;
v0x87eda6940_610 .array/port v0x87eda6940, 610;
v0x87eda6940_611 .array/port v0x87eda6940, 611;
v0x87eda6940_612 .array/port v0x87eda6940, 612;
E_0x87ed06b00/153 .event anyedge, v0x87eda6940_609, v0x87eda6940_610, v0x87eda6940_611, v0x87eda6940_612;
v0x87eda6940_613 .array/port v0x87eda6940, 613;
v0x87eda6940_614 .array/port v0x87eda6940, 614;
v0x87eda6940_615 .array/port v0x87eda6940, 615;
v0x87eda6940_616 .array/port v0x87eda6940, 616;
E_0x87ed06b00/154 .event anyedge, v0x87eda6940_613, v0x87eda6940_614, v0x87eda6940_615, v0x87eda6940_616;
v0x87eda6940_617 .array/port v0x87eda6940, 617;
v0x87eda6940_618 .array/port v0x87eda6940, 618;
v0x87eda6940_619 .array/port v0x87eda6940, 619;
v0x87eda6940_620 .array/port v0x87eda6940, 620;
E_0x87ed06b00/155 .event anyedge, v0x87eda6940_617, v0x87eda6940_618, v0x87eda6940_619, v0x87eda6940_620;
v0x87eda6940_621 .array/port v0x87eda6940, 621;
v0x87eda6940_622 .array/port v0x87eda6940, 622;
v0x87eda6940_623 .array/port v0x87eda6940, 623;
v0x87eda6940_624 .array/port v0x87eda6940, 624;
E_0x87ed06b00/156 .event anyedge, v0x87eda6940_621, v0x87eda6940_622, v0x87eda6940_623, v0x87eda6940_624;
v0x87eda6940_625 .array/port v0x87eda6940, 625;
v0x87eda6940_626 .array/port v0x87eda6940, 626;
v0x87eda6940_627 .array/port v0x87eda6940, 627;
v0x87eda6940_628 .array/port v0x87eda6940, 628;
E_0x87ed06b00/157 .event anyedge, v0x87eda6940_625, v0x87eda6940_626, v0x87eda6940_627, v0x87eda6940_628;
v0x87eda6940_629 .array/port v0x87eda6940, 629;
v0x87eda6940_630 .array/port v0x87eda6940, 630;
v0x87eda6940_631 .array/port v0x87eda6940, 631;
v0x87eda6940_632 .array/port v0x87eda6940, 632;
E_0x87ed06b00/158 .event anyedge, v0x87eda6940_629, v0x87eda6940_630, v0x87eda6940_631, v0x87eda6940_632;
v0x87eda6940_633 .array/port v0x87eda6940, 633;
v0x87eda6940_634 .array/port v0x87eda6940, 634;
v0x87eda6940_635 .array/port v0x87eda6940, 635;
v0x87eda6940_636 .array/port v0x87eda6940, 636;
E_0x87ed06b00/159 .event anyedge, v0x87eda6940_633, v0x87eda6940_634, v0x87eda6940_635, v0x87eda6940_636;
v0x87eda6940_637 .array/port v0x87eda6940, 637;
v0x87eda6940_638 .array/port v0x87eda6940, 638;
v0x87eda6940_639 .array/port v0x87eda6940, 639;
v0x87eda6940_640 .array/port v0x87eda6940, 640;
E_0x87ed06b00/160 .event anyedge, v0x87eda6940_637, v0x87eda6940_638, v0x87eda6940_639, v0x87eda6940_640;
v0x87eda6940_641 .array/port v0x87eda6940, 641;
v0x87eda6940_642 .array/port v0x87eda6940, 642;
v0x87eda6940_643 .array/port v0x87eda6940, 643;
v0x87eda6940_644 .array/port v0x87eda6940, 644;
E_0x87ed06b00/161 .event anyedge, v0x87eda6940_641, v0x87eda6940_642, v0x87eda6940_643, v0x87eda6940_644;
v0x87eda6940_645 .array/port v0x87eda6940, 645;
v0x87eda6940_646 .array/port v0x87eda6940, 646;
v0x87eda6940_647 .array/port v0x87eda6940, 647;
v0x87eda6940_648 .array/port v0x87eda6940, 648;
E_0x87ed06b00/162 .event anyedge, v0x87eda6940_645, v0x87eda6940_646, v0x87eda6940_647, v0x87eda6940_648;
v0x87eda6940_649 .array/port v0x87eda6940, 649;
v0x87eda6940_650 .array/port v0x87eda6940, 650;
v0x87eda6940_651 .array/port v0x87eda6940, 651;
v0x87eda6940_652 .array/port v0x87eda6940, 652;
E_0x87ed06b00/163 .event anyedge, v0x87eda6940_649, v0x87eda6940_650, v0x87eda6940_651, v0x87eda6940_652;
v0x87eda6940_653 .array/port v0x87eda6940, 653;
v0x87eda6940_654 .array/port v0x87eda6940, 654;
v0x87eda6940_655 .array/port v0x87eda6940, 655;
v0x87eda6940_656 .array/port v0x87eda6940, 656;
E_0x87ed06b00/164 .event anyedge, v0x87eda6940_653, v0x87eda6940_654, v0x87eda6940_655, v0x87eda6940_656;
v0x87eda6940_657 .array/port v0x87eda6940, 657;
v0x87eda6940_658 .array/port v0x87eda6940, 658;
v0x87eda6940_659 .array/port v0x87eda6940, 659;
v0x87eda6940_660 .array/port v0x87eda6940, 660;
E_0x87ed06b00/165 .event anyedge, v0x87eda6940_657, v0x87eda6940_658, v0x87eda6940_659, v0x87eda6940_660;
v0x87eda6940_661 .array/port v0x87eda6940, 661;
v0x87eda6940_662 .array/port v0x87eda6940, 662;
v0x87eda6940_663 .array/port v0x87eda6940, 663;
v0x87eda6940_664 .array/port v0x87eda6940, 664;
E_0x87ed06b00/166 .event anyedge, v0x87eda6940_661, v0x87eda6940_662, v0x87eda6940_663, v0x87eda6940_664;
v0x87eda6940_665 .array/port v0x87eda6940, 665;
v0x87eda6940_666 .array/port v0x87eda6940, 666;
v0x87eda6940_667 .array/port v0x87eda6940, 667;
v0x87eda6940_668 .array/port v0x87eda6940, 668;
E_0x87ed06b00/167 .event anyedge, v0x87eda6940_665, v0x87eda6940_666, v0x87eda6940_667, v0x87eda6940_668;
v0x87eda6940_669 .array/port v0x87eda6940, 669;
v0x87eda6940_670 .array/port v0x87eda6940, 670;
v0x87eda6940_671 .array/port v0x87eda6940, 671;
v0x87eda6940_672 .array/port v0x87eda6940, 672;
E_0x87ed06b00/168 .event anyedge, v0x87eda6940_669, v0x87eda6940_670, v0x87eda6940_671, v0x87eda6940_672;
v0x87eda6940_673 .array/port v0x87eda6940, 673;
v0x87eda6940_674 .array/port v0x87eda6940, 674;
v0x87eda6940_675 .array/port v0x87eda6940, 675;
v0x87eda6940_676 .array/port v0x87eda6940, 676;
E_0x87ed06b00/169 .event anyedge, v0x87eda6940_673, v0x87eda6940_674, v0x87eda6940_675, v0x87eda6940_676;
v0x87eda6940_677 .array/port v0x87eda6940, 677;
v0x87eda6940_678 .array/port v0x87eda6940, 678;
v0x87eda6940_679 .array/port v0x87eda6940, 679;
v0x87eda6940_680 .array/port v0x87eda6940, 680;
E_0x87ed06b00/170 .event anyedge, v0x87eda6940_677, v0x87eda6940_678, v0x87eda6940_679, v0x87eda6940_680;
v0x87eda6940_681 .array/port v0x87eda6940, 681;
v0x87eda6940_682 .array/port v0x87eda6940, 682;
v0x87eda6940_683 .array/port v0x87eda6940, 683;
v0x87eda6940_684 .array/port v0x87eda6940, 684;
E_0x87ed06b00/171 .event anyedge, v0x87eda6940_681, v0x87eda6940_682, v0x87eda6940_683, v0x87eda6940_684;
v0x87eda6940_685 .array/port v0x87eda6940, 685;
v0x87eda6940_686 .array/port v0x87eda6940, 686;
v0x87eda6940_687 .array/port v0x87eda6940, 687;
v0x87eda6940_688 .array/port v0x87eda6940, 688;
E_0x87ed06b00/172 .event anyedge, v0x87eda6940_685, v0x87eda6940_686, v0x87eda6940_687, v0x87eda6940_688;
v0x87eda6940_689 .array/port v0x87eda6940, 689;
v0x87eda6940_690 .array/port v0x87eda6940, 690;
v0x87eda6940_691 .array/port v0x87eda6940, 691;
v0x87eda6940_692 .array/port v0x87eda6940, 692;
E_0x87ed06b00/173 .event anyedge, v0x87eda6940_689, v0x87eda6940_690, v0x87eda6940_691, v0x87eda6940_692;
v0x87eda6940_693 .array/port v0x87eda6940, 693;
v0x87eda6940_694 .array/port v0x87eda6940, 694;
v0x87eda6940_695 .array/port v0x87eda6940, 695;
v0x87eda6940_696 .array/port v0x87eda6940, 696;
E_0x87ed06b00/174 .event anyedge, v0x87eda6940_693, v0x87eda6940_694, v0x87eda6940_695, v0x87eda6940_696;
v0x87eda6940_697 .array/port v0x87eda6940, 697;
v0x87eda6940_698 .array/port v0x87eda6940, 698;
v0x87eda6940_699 .array/port v0x87eda6940, 699;
v0x87eda6940_700 .array/port v0x87eda6940, 700;
E_0x87ed06b00/175 .event anyedge, v0x87eda6940_697, v0x87eda6940_698, v0x87eda6940_699, v0x87eda6940_700;
v0x87eda6940_701 .array/port v0x87eda6940, 701;
v0x87eda6940_702 .array/port v0x87eda6940, 702;
v0x87eda6940_703 .array/port v0x87eda6940, 703;
v0x87eda6940_704 .array/port v0x87eda6940, 704;
E_0x87ed06b00/176 .event anyedge, v0x87eda6940_701, v0x87eda6940_702, v0x87eda6940_703, v0x87eda6940_704;
v0x87eda6940_705 .array/port v0x87eda6940, 705;
v0x87eda6940_706 .array/port v0x87eda6940, 706;
v0x87eda6940_707 .array/port v0x87eda6940, 707;
v0x87eda6940_708 .array/port v0x87eda6940, 708;
E_0x87ed06b00/177 .event anyedge, v0x87eda6940_705, v0x87eda6940_706, v0x87eda6940_707, v0x87eda6940_708;
v0x87eda6940_709 .array/port v0x87eda6940, 709;
v0x87eda6940_710 .array/port v0x87eda6940, 710;
v0x87eda6940_711 .array/port v0x87eda6940, 711;
v0x87eda6940_712 .array/port v0x87eda6940, 712;
E_0x87ed06b00/178 .event anyedge, v0x87eda6940_709, v0x87eda6940_710, v0x87eda6940_711, v0x87eda6940_712;
v0x87eda6940_713 .array/port v0x87eda6940, 713;
v0x87eda6940_714 .array/port v0x87eda6940, 714;
v0x87eda6940_715 .array/port v0x87eda6940, 715;
v0x87eda6940_716 .array/port v0x87eda6940, 716;
E_0x87ed06b00/179 .event anyedge, v0x87eda6940_713, v0x87eda6940_714, v0x87eda6940_715, v0x87eda6940_716;
v0x87eda6940_717 .array/port v0x87eda6940, 717;
v0x87eda6940_718 .array/port v0x87eda6940, 718;
v0x87eda6940_719 .array/port v0x87eda6940, 719;
v0x87eda6940_720 .array/port v0x87eda6940, 720;
E_0x87ed06b00/180 .event anyedge, v0x87eda6940_717, v0x87eda6940_718, v0x87eda6940_719, v0x87eda6940_720;
v0x87eda6940_721 .array/port v0x87eda6940, 721;
v0x87eda6940_722 .array/port v0x87eda6940, 722;
v0x87eda6940_723 .array/port v0x87eda6940, 723;
v0x87eda6940_724 .array/port v0x87eda6940, 724;
E_0x87ed06b00/181 .event anyedge, v0x87eda6940_721, v0x87eda6940_722, v0x87eda6940_723, v0x87eda6940_724;
v0x87eda6940_725 .array/port v0x87eda6940, 725;
v0x87eda6940_726 .array/port v0x87eda6940, 726;
v0x87eda6940_727 .array/port v0x87eda6940, 727;
v0x87eda6940_728 .array/port v0x87eda6940, 728;
E_0x87ed06b00/182 .event anyedge, v0x87eda6940_725, v0x87eda6940_726, v0x87eda6940_727, v0x87eda6940_728;
v0x87eda6940_729 .array/port v0x87eda6940, 729;
v0x87eda6940_730 .array/port v0x87eda6940, 730;
v0x87eda6940_731 .array/port v0x87eda6940, 731;
v0x87eda6940_732 .array/port v0x87eda6940, 732;
E_0x87ed06b00/183 .event anyedge, v0x87eda6940_729, v0x87eda6940_730, v0x87eda6940_731, v0x87eda6940_732;
v0x87eda6940_733 .array/port v0x87eda6940, 733;
v0x87eda6940_734 .array/port v0x87eda6940, 734;
v0x87eda6940_735 .array/port v0x87eda6940, 735;
v0x87eda6940_736 .array/port v0x87eda6940, 736;
E_0x87ed06b00/184 .event anyedge, v0x87eda6940_733, v0x87eda6940_734, v0x87eda6940_735, v0x87eda6940_736;
v0x87eda6940_737 .array/port v0x87eda6940, 737;
v0x87eda6940_738 .array/port v0x87eda6940, 738;
v0x87eda6940_739 .array/port v0x87eda6940, 739;
v0x87eda6940_740 .array/port v0x87eda6940, 740;
E_0x87ed06b00/185 .event anyedge, v0x87eda6940_737, v0x87eda6940_738, v0x87eda6940_739, v0x87eda6940_740;
v0x87eda6940_741 .array/port v0x87eda6940, 741;
v0x87eda6940_742 .array/port v0x87eda6940, 742;
v0x87eda6940_743 .array/port v0x87eda6940, 743;
v0x87eda6940_744 .array/port v0x87eda6940, 744;
E_0x87ed06b00/186 .event anyedge, v0x87eda6940_741, v0x87eda6940_742, v0x87eda6940_743, v0x87eda6940_744;
v0x87eda6940_745 .array/port v0x87eda6940, 745;
v0x87eda6940_746 .array/port v0x87eda6940, 746;
v0x87eda6940_747 .array/port v0x87eda6940, 747;
v0x87eda6940_748 .array/port v0x87eda6940, 748;
E_0x87ed06b00/187 .event anyedge, v0x87eda6940_745, v0x87eda6940_746, v0x87eda6940_747, v0x87eda6940_748;
v0x87eda6940_749 .array/port v0x87eda6940, 749;
v0x87eda6940_750 .array/port v0x87eda6940, 750;
v0x87eda6940_751 .array/port v0x87eda6940, 751;
v0x87eda6940_752 .array/port v0x87eda6940, 752;
E_0x87ed06b00/188 .event anyedge, v0x87eda6940_749, v0x87eda6940_750, v0x87eda6940_751, v0x87eda6940_752;
v0x87eda6940_753 .array/port v0x87eda6940, 753;
v0x87eda6940_754 .array/port v0x87eda6940, 754;
v0x87eda6940_755 .array/port v0x87eda6940, 755;
v0x87eda6940_756 .array/port v0x87eda6940, 756;
E_0x87ed06b00/189 .event anyedge, v0x87eda6940_753, v0x87eda6940_754, v0x87eda6940_755, v0x87eda6940_756;
v0x87eda6940_757 .array/port v0x87eda6940, 757;
v0x87eda6940_758 .array/port v0x87eda6940, 758;
v0x87eda6940_759 .array/port v0x87eda6940, 759;
v0x87eda6940_760 .array/port v0x87eda6940, 760;
E_0x87ed06b00/190 .event anyedge, v0x87eda6940_757, v0x87eda6940_758, v0x87eda6940_759, v0x87eda6940_760;
v0x87eda6940_761 .array/port v0x87eda6940, 761;
v0x87eda6940_762 .array/port v0x87eda6940, 762;
v0x87eda6940_763 .array/port v0x87eda6940, 763;
v0x87eda6940_764 .array/port v0x87eda6940, 764;
E_0x87ed06b00/191 .event anyedge, v0x87eda6940_761, v0x87eda6940_762, v0x87eda6940_763, v0x87eda6940_764;
v0x87eda6940_765 .array/port v0x87eda6940, 765;
v0x87eda6940_766 .array/port v0x87eda6940, 766;
v0x87eda6940_767 .array/port v0x87eda6940, 767;
v0x87eda6940_768 .array/port v0x87eda6940, 768;
E_0x87ed06b00/192 .event anyedge, v0x87eda6940_765, v0x87eda6940_766, v0x87eda6940_767, v0x87eda6940_768;
v0x87eda6940_769 .array/port v0x87eda6940, 769;
v0x87eda6940_770 .array/port v0x87eda6940, 770;
v0x87eda6940_771 .array/port v0x87eda6940, 771;
v0x87eda6940_772 .array/port v0x87eda6940, 772;
E_0x87ed06b00/193 .event anyedge, v0x87eda6940_769, v0x87eda6940_770, v0x87eda6940_771, v0x87eda6940_772;
v0x87eda6940_773 .array/port v0x87eda6940, 773;
v0x87eda6940_774 .array/port v0x87eda6940, 774;
v0x87eda6940_775 .array/port v0x87eda6940, 775;
v0x87eda6940_776 .array/port v0x87eda6940, 776;
E_0x87ed06b00/194 .event anyedge, v0x87eda6940_773, v0x87eda6940_774, v0x87eda6940_775, v0x87eda6940_776;
v0x87eda6940_777 .array/port v0x87eda6940, 777;
v0x87eda6940_778 .array/port v0x87eda6940, 778;
v0x87eda6940_779 .array/port v0x87eda6940, 779;
v0x87eda6940_780 .array/port v0x87eda6940, 780;
E_0x87ed06b00/195 .event anyedge, v0x87eda6940_777, v0x87eda6940_778, v0x87eda6940_779, v0x87eda6940_780;
v0x87eda6940_781 .array/port v0x87eda6940, 781;
v0x87eda6940_782 .array/port v0x87eda6940, 782;
v0x87eda6940_783 .array/port v0x87eda6940, 783;
v0x87eda6940_784 .array/port v0x87eda6940, 784;
E_0x87ed06b00/196 .event anyedge, v0x87eda6940_781, v0x87eda6940_782, v0x87eda6940_783, v0x87eda6940_784;
v0x87eda6940_785 .array/port v0x87eda6940, 785;
v0x87eda6940_786 .array/port v0x87eda6940, 786;
v0x87eda6940_787 .array/port v0x87eda6940, 787;
v0x87eda6940_788 .array/port v0x87eda6940, 788;
E_0x87ed06b00/197 .event anyedge, v0x87eda6940_785, v0x87eda6940_786, v0x87eda6940_787, v0x87eda6940_788;
v0x87eda6940_789 .array/port v0x87eda6940, 789;
v0x87eda6940_790 .array/port v0x87eda6940, 790;
v0x87eda6940_791 .array/port v0x87eda6940, 791;
v0x87eda6940_792 .array/port v0x87eda6940, 792;
E_0x87ed06b00/198 .event anyedge, v0x87eda6940_789, v0x87eda6940_790, v0x87eda6940_791, v0x87eda6940_792;
v0x87eda6940_793 .array/port v0x87eda6940, 793;
v0x87eda6940_794 .array/port v0x87eda6940, 794;
v0x87eda6940_795 .array/port v0x87eda6940, 795;
v0x87eda6940_796 .array/port v0x87eda6940, 796;
E_0x87ed06b00/199 .event anyedge, v0x87eda6940_793, v0x87eda6940_794, v0x87eda6940_795, v0x87eda6940_796;
v0x87eda6940_797 .array/port v0x87eda6940, 797;
v0x87eda6940_798 .array/port v0x87eda6940, 798;
v0x87eda6940_799 .array/port v0x87eda6940, 799;
v0x87eda6940_800 .array/port v0x87eda6940, 800;
E_0x87ed06b00/200 .event anyedge, v0x87eda6940_797, v0x87eda6940_798, v0x87eda6940_799, v0x87eda6940_800;
v0x87eda6940_801 .array/port v0x87eda6940, 801;
v0x87eda6940_802 .array/port v0x87eda6940, 802;
v0x87eda6940_803 .array/port v0x87eda6940, 803;
v0x87eda6940_804 .array/port v0x87eda6940, 804;
E_0x87ed06b00/201 .event anyedge, v0x87eda6940_801, v0x87eda6940_802, v0x87eda6940_803, v0x87eda6940_804;
v0x87eda6940_805 .array/port v0x87eda6940, 805;
v0x87eda6940_806 .array/port v0x87eda6940, 806;
v0x87eda6940_807 .array/port v0x87eda6940, 807;
v0x87eda6940_808 .array/port v0x87eda6940, 808;
E_0x87ed06b00/202 .event anyedge, v0x87eda6940_805, v0x87eda6940_806, v0x87eda6940_807, v0x87eda6940_808;
v0x87eda6940_809 .array/port v0x87eda6940, 809;
v0x87eda6940_810 .array/port v0x87eda6940, 810;
v0x87eda6940_811 .array/port v0x87eda6940, 811;
v0x87eda6940_812 .array/port v0x87eda6940, 812;
E_0x87ed06b00/203 .event anyedge, v0x87eda6940_809, v0x87eda6940_810, v0x87eda6940_811, v0x87eda6940_812;
v0x87eda6940_813 .array/port v0x87eda6940, 813;
v0x87eda6940_814 .array/port v0x87eda6940, 814;
v0x87eda6940_815 .array/port v0x87eda6940, 815;
v0x87eda6940_816 .array/port v0x87eda6940, 816;
E_0x87ed06b00/204 .event anyedge, v0x87eda6940_813, v0x87eda6940_814, v0x87eda6940_815, v0x87eda6940_816;
v0x87eda6940_817 .array/port v0x87eda6940, 817;
v0x87eda6940_818 .array/port v0x87eda6940, 818;
v0x87eda6940_819 .array/port v0x87eda6940, 819;
v0x87eda6940_820 .array/port v0x87eda6940, 820;
E_0x87ed06b00/205 .event anyedge, v0x87eda6940_817, v0x87eda6940_818, v0x87eda6940_819, v0x87eda6940_820;
v0x87eda6940_821 .array/port v0x87eda6940, 821;
v0x87eda6940_822 .array/port v0x87eda6940, 822;
v0x87eda6940_823 .array/port v0x87eda6940, 823;
v0x87eda6940_824 .array/port v0x87eda6940, 824;
E_0x87ed06b00/206 .event anyedge, v0x87eda6940_821, v0x87eda6940_822, v0x87eda6940_823, v0x87eda6940_824;
v0x87eda6940_825 .array/port v0x87eda6940, 825;
v0x87eda6940_826 .array/port v0x87eda6940, 826;
v0x87eda6940_827 .array/port v0x87eda6940, 827;
v0x87eda6940_828 .array/port v0x87eda6940, 828;
E_0x87ed06b00/207 .event anyedge, v0x87eda6940_825, v0x87eda6940_826, v0x87eda6940_827, v0x87eda6940_828;
v0x87eda6940_829 .array/port v0x87eda6940, 829;
v0x87eda6940_830 .array/port v0x87eda6940, 830;
v0x87eda6940_831 .array/port v0x87eda6940, 831;
v0x87eda6940_832 .array/port v0x87eda6940, 832;
E_0x87ed06b00/208 .event anyedge, v0x87eda6940_829, v0x87eda6940_830, v0x87eda6940_831, v0x87eda6940_832;
v0x87eda6940_833 .array/port v0x87eda6940, 833;
v0x87eda6940_834 .array/port v0x87eda6940, 834;
v0x87eda6940_835 .array/port v0x87eda6940, 835;
v0x87eda6940_836 .array/port v0x87eda6940, 836;
E_0x87ed06b00/209 .event anyedge, v0x87eda6940_833, v0x87eda6940_834, v0x87eda6940_835, v0x87eda6940_836;
v0x87eda6940_837 .array/port v0x87eda6940, 837;
v0x87eda6940_838 .array/port v0x87eda6940, 838;
v0x87eda6940_839 .array/port v0x87eda6940, 839;
v0x87eda6940_840 .array/port v0x87eda6940, 840;
E_0x87ed06b00/210 .event anyedge, v0x87eda6940_837, v0x87eda6940_838, v0x87eda6940_839, v0x87eda6940_840;
v0x87eda6940_841 .array/port v0x87eda6940, 841;
v0x87eda6940_842 .array/port v0x87eda6940, 842;
v0x87eda6940_843 .array/port v0x87eda6940, 843;
v0x87eda6940_844 .array/port v0x87eda6940, 844;
E_0x87ed06b00/211 .event anyedge, v0x87eda6940_841, v0x87eda6940_842, v0x87eda6940_843, v0x87eda6940_844;
v0x87eda6940_845 .array/port v0x87eda6940, 845;
v0x87eda6940_846 .array/port v0x87eda6940, 846;
v0x87eda6940_847 .array/port v0x87eda6940, 847;
v0x87eda6940_848 .array/port v0x87eda6940, 848;
E_0x87ed06b00/212 .event anyedge, v0x87eda6940_845, v0x87eda6940_846, v0x87eda6940_847, v0x87eda6940_848;
v0x87eda6940_849 .array/port v0x87eda6940, 849;
v0x87eda6940_850 .array/port v0x87eda6940, 850;
v0x87eda6940_851 .array/port v0x87eda6940, 851;
v0x87eda6940_852 .array/port v0x87eda6940, 852;
E_0x87ed06b00/213 .event anyedge, v0x87eda6940_849, v0x87eda6940_850, v0x87eda6940_851, v0x87eda6940_852;
v0x87eda6940_853 .array/port v0x87eda6940, 853;
v0x87eda6940_854 .array/port v0x87eda6940, 854;
v0x87eda6940_855 .array/port v0x87eda6940, 855;
v0x87eda6940_856 .array/port v0x87eda6940, 856;
E_0x87ed06b00/214 .event anyedge, v0x87eda6940_853, v0x87eda6940_854, v0x87eda6940_855, v0x87eda6940_856;
v0x87eda6940_857 .array/port v0x87eda6940, 857;
v0x87eda6940_858 .array/port v0x87eda6940, 858;
v0x87eda6940_859 .array/port v0x87eda6940, 859;
v0x87eda6940_860 .array/port v0x87eda6940, 860;
E_0x87ed06b00/215 .event anyedge, v0x87eda6940_857, v0x87eda6940_858, v0x87eda6940_859, v0x87eda6940_860;
v0x87eda6940_861 .array/port v0x87eda6940, 861;
v0x87eda6940_862 .array/port v0x87eda6940, 862;
v0x87eda6940_863 .array/port v0x87eda6940, 863;
v0x87eda6940_864 .array/port v0x87eda6940, 864;
E_0x87ed06b00/216 .event anyedge, v0x87eda6940_861, v0x87eda6940_862, v0x87eda6940_863, v0x87eda6940_864;
v0x87eda6940_865 .array/port v0x87eda6940, 865;
v0x87eda6940_866 .array/port v0x87eda6940, 866;
v0x87eda6940_867 .array/port v0x87eda6940, 867;
v0x87eda6940_868 .array/port v0x87eda6940, 868;
E_0x87ed06b00/217 .event anyedge, v0x87eda6940_865, v0x87eda6940_866, v0x87eda6940_867, v0x87eda6940_868;
v0x87eda6940_869 .array/port v0x87eda6940, 869;
v0x87eda6940_870 .array/port v0x87eda6940, 870;
v0x87eda6940_871 .array/port v0x87eda6940, 871;
v0x87eda6940_872 .array/port v0x87eda6940, 872;
E_0x87ed06b00/218 .event anyedge, v0x87eda6940_869, v0x87eda6940_870, v0x87eda6940_871, v0x87eda6940_872;
v0x87eda6940_873 .array/port v0x87eda6940, 873;
v0x87eda6940_874 .array/port v0x87eda6940, 874;
v0x87eda6940_875 .array/port v0x87eda6940, 875;
v0x87eda6940_876 .array/port v0x87eda6940, 876;
E_0x87ed06b00/219 .event anyedge, v0x87eda6940_873, v0x87eda6940_874, v0x87eda6940_875, v0x87eda6940_876;
v0x87eda6940_877 .array/port v0x87eda6940, 877;
v0x87eda6940_878 .array/port v0x87eda6940, 878;
v0x87eda6940_879 .array/port v0x87eda6940, 879;
v0x87eda6940_880 .array/port v0x87eda6940, 880;
E_0x87ed06b00/220 .event anyedge, v0x87eda6940_877, v0x87eda6940_878, v0x87eda6940_879, v0x87eda6940_880;
v0x87eda6940_881 .array/port v0x87eda6940, 881;
v0x87eda6940_882 .array/port v0x87eda6940, 882;
v0x87eda6940_883 .array/port v0x87eda6940, 883;
v0x87eda6940_884 .array/port v0x87eda6940, 884;
E_0x87ed06b00/221 .event anyedge, v0x87eda6940_881, v0x87eda6940_882, v0x87eda6940_883, v0x87eda6940_884;
v0x87eda6940_885 .array/port v0x87eda6940, 885;
v0x87eda6940_886 .array/port v0x87eda6940, 886;
v0x87eda6940_887 .array/port v0x87eda6940, 887;
v0x87eda6940_888 .array/port v0x87eda6940, 888;
E_0x87ed06b00/222 .event anyedge, v0x87eda6940_885, v0x87eda6940_886, v0x87eda6940_887, v0x87eda6940_888;
v0x87eda6940_889 .array/port v0x87eda6940, 889;
v0x87eda6940_890 .array/port v0x87eda6940, 890;
v0x87eda6940_891 .array/port v0x87eda6940, 891;
v0x87eda6940_892 .array/port v0x87eda6940, 892;
E_0x87ed06b00/223 .event anyedge, v0x87eda6940_889, v0x87eda6940_890, v0x87eda6940_891, v0x87eda6940_892;
v0x87eda6940_893 .array/port v0x87eda6940, 893;
v0x87eda6940_894 .array/port v0x87eda6940, 894;
v0x87eda6940_895 .array/port v0x87eda6940, 895;
v0x87eda6940_896 .array/port v0x87eda6940, 896;
E_0x87ed06b00/224 .event anyedge, v0x87eda6940_893, v0x87eda6940_894, v0x87eda6940_895, v0x87eda6940_896;
v0x87eda6940_897 .array/port v0x87eda6940, 897;
v0x87eda6940_898 .array/port v0x87eda6940, 898;
v0x87eda6940_899 .array/port v0x87eda6940, 899;
v0x87eda6940_900 .array/port v0x87eda6940, 900;
E_0x87ed06b00/225 .event anyedge, v0x87eda6940_897, v0x87eda6940_898, v0x87eda6940_899, v0x87eda6940_900;
v0x87eda6940_901 .array/port v0x87eda6940, 901;
v0x87eda6940_902 .array/port v0x87eda6940, 902;
v0x87eda6940_903 .array/port v0x87eda6940, 903;
v0x87eda6940_904 .array/port v0x87eda6940, 904;
E_0x87ed06b00/226 .event anyedge, v0x87eda6940_901, v0x87eda6940_902, v0x87eda6940_903, v0x87eda6940_904;
v0x87eda6940_905 .array/port v0x87eda6940, 905;
v0x87eda6940_906 .array/port v0x87eda6940, 906;
v0x87eda6940_907 .array/port v0x87eda6940, 907;
v0x87eda6940_908 .array/port v0x87eda6940, 908;
E_0x87ed06b00/227 .event anyedge, v0x87eda6940_905, v0x87eda6940_906, v0x87eda6940_907, v0x87eda6940_908;
v0x87eda6940_909 .array/port v0x87eda6940, 909;
v0x87eda6940_910 .array/port v0x87eda6940, 910;
v0x87eda6940_911 .array/port v0x87eda6940, 911;
v0x87eda6940_912 .array/port v0x87eda6940, 912;
E_0x87ed06b00/228 .event anyedge, v0x87eda6940_909, v0x87eda6940_910, v0x87eda6940_911, v0x87eda6940_912;
v0x87eda6940_913 .array/port v0x87eda6940, 913;
v0x87eda6940_914 .array/port v0x87eda6940, 914;
v0x87eda6940_915 .array/port v0x87eda6940, 915;
v0x87eda6940_916 .array/port v0x87eda6940, 916;
E_0x87ed06b00/229 .event anyedge, v0x87eda6940_913, v0x87eda6940_914, v0x87eda6940_915, v0x87eda6940_916;
v0x87eda6940_917 .array/port v0x87eda6940, 917;
v0x87eda6940_918 .array/port v0x87eda6940, 918;
v0x87eda6940_919 .array/port v0x87eda6940, 919;
v0x87eda6940_920 .array/port v0x87eda6940, 920;
E_0x87ed06b00/230 .event anyedge, v0x87eda6940_917, v0x87eda6940_918, v0x87eda6940_919, v0x87eda6940_920;
v0x87eda6940_921 .array/port v0x87eda6940, 921;
v0x87eda6940_922 .array/port v0x87eda6940, 922;
v0x87eda6940_923 .array/port v0x87eda6940, 923;
v0x87eda6940_924 .array/port v0x87eda6940, 924;
E_0x87ed06b00/231 .event anyedge, v0x87eda6940_921, v0x87eda6940_922, v0x87eda6940_923, v0x87eda6940_924;
v0x87eda6940_925 .array/port v0x87eda6940, 925;
v0x87eda6940_926 .array/port v0x87eda6940, 926;
v0x87eda6940_927 .array/port v0x87eda6940, 927;
v0x87eda6940_928 .array/port v0x87eda6940, 928;
E_0x87ed06b00/232 .event anyedge, v0x87eda6940_925, v0x87eda6940_926, v0x87eda6940_927, v0x87eda6940_928;
v0x87eda6940_929 .array/port v0x87eda6940, 929;
v0x87eda6940_930 .array/port v0x87eda6940, 930;
v0x87eda6940_931 .array/port v0x87eda6940, 931;
v0x87eda6940_932 .array/port v0x87eda6940, 932;
E_0x87ed06b00/233 .event anyedge, v0x87eda6940_929, v0x87eda6940_930, v0x87eda6940_931, v0x87eda6940_932;
v0x87eda6940_933 .array/port v0x87eda6940, 933;
v0x87eda6940_934 .array/port v0x87eda6940, 934;
v0x87eda6940_935 .array/port v0x87eda6940, 935;
v0x87eda6940_936 .array/port v0x87eda6940, 936;
E_0x87ed06b00/234 .event anyedge, v0x87eda6940_933, v0x87eda6940_934, v0x87eda6940_935, v0x87eda6940_936;
v0x87eda6940_937 .array/port v0x87eda6940, 937;
v0x87eda6940_938 .array/port v0x87eda6940, 938;
v0x87eda6940_939 .array/port v0x87eda6940, 939;
v0x87eda6940_940 .array/port v0x87eda6940, 940;
E_0x87ed06b00/235 .event anyedge, v0x87eda6940_937, v0x87eda6940_938, v0x87eda6940_939, v0x87eda6940_940;
v0x87eda6940_941 .array/port v0x87eda6940, 941;
v0x87eda6940_942 .array/port v0x87eda6940, 942;
v0x87eda6940_943 .array/port v0x87eda6940, 943;
v0x87eda6940_944 .array/port v0x87eda6940, 944;
E_0x87ed06b00/236 .event anyedge, v0x87eda6940_941, v0x87eda6940_942, v0x87eda6940_943, v0x87eda6940_944;
v0x87eda6940_945 .array/port v0x87eda6940, 945;
v0x87eda6940_946 .array/port v0x87eda6940, 946;
v0x87eda6940_947 .array/port v0x87eda6940, 947;
v0x87eda6940_948 .array/port v0x87eda6940, 948;
E_0x87ed06b00/237 .event anyedge, v0x87eda6940_945, v0x87eda6940_946, v0x87eda6940_947, v0x87eda6940_948;
v0x87eda6940_949 .array/port v0x87eda6940, 949;
v0x87eda6940_950 .array/port v0x87eda6940, 950;
v0x87eda6940_951 .array/port v0x87eda6940, 951;
v0x87eda6940_952 .array/port v0x87eda6940, 952;
E_0x87ed06b00/238 .event anyedge, v0x87eda6940_949, v0x87eda6940_950, v0x87eda6940_951, v0x87eda6940_952;
v0x87eda6940_953 .array/port v0x87eda6940, 953;
v0x87eda6940_954 .array/port v0x87eda6940, 954;
v0x87eda6940_955 .array/port v0x87eda6940, 955;
v0x87eda6940_956 .array/port v0x87eda6940, 956;
E_0x87ed06b00/239 .event anyedge, v0x87eda6940_953, v0x87eda6940_954, v0x87eda6940_955, v0x87eda6940_956;
v0x87eda6940_957 .array/port v0x87eda6940, 957;
v0x87eda6940_958 .array/port v0x87eda6940, 958;
v0x87eda6940_959 .array/port v0x87eda6940, 959;
v0x87eda6940_960 .array/port v0x87eda6940, 960;
E_0x87ed06b00/240 .event anyedge, v0x87eda6940_957, v0x87eda6940_958, v0x87eda6940_959, v0x87eda6940_960;
v0x87eda6940_961 .array/port v0x87eda6940, 961;
v0x87eda6940_962 .array/port v0x87eda6940, 962;
v0x87eda6940_963 .array/port v0x87eda6940, 963;
v0x87eda6940_964 .array/port v0x87eda6940, 964;
E_0x87ed06b00/241 .event anyedge, v0x87eda6940_961, v0x87eda6940_962, v0x87eda6940_963, v0x87eda6940_964;
v0x87eda6940_965 .array/port v0x87eda6940, 965;
v0x87eda6940_966 .array/port v0x87eda6940, 966;
v0x87eda6940_967 .array/port v0x87eda6940, 967;
v0x87eda6940_968 .array/port v0x87eda6940, 968;
E_0x87ed06b00/242 .event anyedge, v0x87eda6940_965, v0x87eda6940_966, v0x87eda6940_967, v0x87eda6940_968;
v0x87eda6940_969 .array/port v0x87eda6940, 969;
v0x87eda6940_970 .array/port v0x87eda6940, 970;
v0x87eda6940_971 .array/port v0x87eda6940, 971;
v0x87eda6940_972 .array/port v0x87eda6940, 972;
E_0x87ed06b00/243 .event anyedge, v0x87eda6940_969, v0x87eda6940_970, v0x87eda6940_971, v0x87eda6940_972;
v0x87eda6940_973 .array/port v0x87eda6940, 973;
v0x87eda6940_974 .array/port v0x87eda6940, 974;
v0x87eda6940_975 .array/port v0x87eda6940, 975;
v0x87eda6940_976 .array/port v0x87eda6940, 976;
E_0x87ed06b00/244 .event anyedge, v0x87eda6940_973, v0x87eda6940_974, v0x87eda6940_975, v0x87eda6940_976;
v0x87eda6940_977 .array/port v0x87eda6940, 977;
v0x87eda6940_978 .array/port v0x87eda6940, 978;
v0x87eda6940_979 .array/port v0x87eda6940, 979;
v0x87eda6940_980 .array/port v0x87eda6940, 980;
E_0x87ed06b00/245 .event anyedge, v0x87eda6940_977, v0x87eda6940_978, v0x87eda6940_979, v0x87eda6940_980;
v0x87eda6940_981 .array/port v0x87eda6940, 981;
v0x87eda6940_982 .array/port v0x87eda6940, 982;
v0x87eda6940_983 .array/port v0x87eda6940, 983;
v0x87eda6940_984 .array/port v0x87eda6940, 984;
E_0x87ed06b00/246 .event anyedge, v0x87eda6940_981, v0x87eda6940_982, v0x87eda6940_983, v0x87eda6940_984;
v0x87eda6940_985 .array/port v0x87eda6940, 985;
v0x87eda6940_986 .array/port v0x87eda6940, 986;
v0x87eda6940_987 .array/port v0x87eda6940, 987;
v0x87eda6940_988 .array/port v0x87eda6940, 988;
E_0x87ed06b00/247 .event anyedge, v0x87eda6940_985, v0x87eda6940_986, v0x87eda6940_987, v0x87eda6940_988;
v0x87eda6940_989 .array/port v0x87eda6940, 989;
v0x87eda6940_990 .array/port v0x87eda6940, 990;
v0x87eda6940_991 .array/port v0x87eda6940, 991;
v0x87eda6940_992 .array/port v0x87eda6940, 992;
E_0x87ed06b00/248 .event anyedge, v0x87eda6940_989, v0x87eda6940_990, v0x87eda6940_991, v0x87eda6940_992;
v0x87eda6940_993 .array/port v0x87eda6940, 993;
v0x87eda6940_994 .array/port v0x87eda6940, 994;
v0x87eda6940_995 .array/port v0x87eda6940, 995;
v0x87eda6940_996 .array/port v0x87eda6940, 996;
E_0x87ed06b00/249 .event anyedge, v0x87eda6940_993, v0x87eda6940_994, v0x87eda6940_995, v0x87eda6940_996;
v0x87eda6940_997 .array/port v0x87eda6940, 997;
v0x87eda6940_998 .array/port v0x87eda6940, 998;
v0x87eda6940_999 .array/port v0x87eda6940, 999;
v0x87eda6940_1000 .array/port v0x87eda6940, 1000;
E_0x87ed06b00/250 .event anyedge, v0x87eda6940_997, v0x87eda6940_998, v0x87eda6940_999, v0x87eda6940_1000;
v0x87eda6940_1001 .array/port v0x87eda6940, 1001;
v0x87eda6940_1002 .array/port v0x87eda6940, 1002;
v0x87eda6940_1003 .array/port v0x87eda6940, 1003;
v0x87eda6940_1004 .array/port v0x87eda6940, 1004;
E_0x87ed06b00/251 .event anyedge, v0x87eda6940_1001, v0x87eda6940_1002, v0x87eda6940_1003, v0x87eda6940_1004;
v0x87eda6940_1005 .array/port v0x87eda6940, 1005;
v0x87eda6940_1006 .array/port v0x87eda6940, 1006;
v0x87eda6940_1007 .array/port v0x87eda6940, 1007;
v0x87eda6940_1008 .array/port v0x87eda6940, 1008;
E_0x87ed06b00/252 .event anyedge, v0x87eda6940_1005, v0x87eda6940_1006, v0x87eda6940_1007, v0x87eda6940_1008;
v0x87eda6940_1009 .array/port v0x87eda6940, 1009;
v0x87eda6940_1010 .array/port v0x87eda6940, 1010;
v0x87eda6940_1011 .array/port v0x87eda6940, 1011;
v0x87eda6940_1012 .array/port v0x87eda6940, 1012;
E_0x87ed06b00/253 .event anyedge, v0x87eda6940_1009, v0x87eda6940_1010, v0x87eda6940_1011, v0x87eda6940_1012;
v0x87eda6940_1013 .array/port v0x87eda6940, 1013;
v0x87eda6940_1014 .array/port v0x87eda6940, 1014;
v0x87eda6940_1015 .array/port v0x87eda6940, 1015;
v0x87eda6940_1016 .array/port v0x87eda6940, 1016;
E_0x87ed06b00/254 .event anyedge, v0x87eda6940_1013, v0x87eda6940_1014, v0x87eda6940_1015, v0x87eda6940_1016;
v0x87eda6940_1017 .array/port v0x87eda6940, 1017;
v0x87eda6940_1018 .array/port v0x87eda6940, 1018;
v0x87eda6940_1019 .array/port v0x87eda6940, 1019;
v0x87eda6940_1020 .array/port v0x87eda6940, 1020;
E_0x87ed06b00/255 .event anyedge, v0x87eda6940_1017, v0x87eda6940_1018, v0x87eda6940_1019, v0x87eda6940_1020;
v0x87eda6940_1021 .array/port v0x87eda6940, 1021;
v0x87eda6940_1022 .array/port v0x87eda6940, 1022;
v0x87eda6940_1023 .array/port v0x87eda6940, 1023;
v0x87eda6940_1024 .array/port v0x87eda6940, 1024;
E_0x87ed06b00/256 .event anyedge, v0x87eda6940_1021, v0x87eda6940_1022, v0x87eda6940_1023, v0x87eda6940_1024;
v0x87eda6940_1025 .array/port v0x87eda6940, 1025;
v0x87eda6940_1026 .array/port v0x87eda6940, 1026;
v0x87eda6940_1027 .array/port v0x87eda6940, 1027;
v0x87eda6940_1028 .array/port v0x87eda6940, 1028;
E_0x87ed06b00/257 .event anyedge, v0x87eda6940_1025, v0x87eda6940_1026, v0x87eda6940_1027, v0x87eda6940_1028;
v0x87eda6940_1029 .array/port v0x87eda6940, 1029;
v0x87eda6940_1030 .array/port v0x87eda6940, 1030;
v0x87eda6940_1031 .array/port v0x87eda6940, 1031;
v0x87eda6940_1032 .array/port v0x87eda6940, 1032;
E_0x87ed06b00/258 .event anyedge, v0x87eda6940_1029, v0x87eda6940_1030, v0x87eda6940_1031, v0x87eda6940_1032;
v0x87eda6940_1033 .array/port v0x87eda6940, 1033;
v0x87eda6940_1034 .array/port v0x87eda6940, 1034;
v0x87eda6940_1035 .array/port v0x87eda6940, 1035;
v0x87eda6940_1036 .array/port v0x87eda6940, 1036;
E_0x87ed06b00/259 .event anyedge, v0x87eda6940_1033, v0x87eda6940_1034, v0x87eda6940_1035, v0x87eda6940_1036;
v0x87eda6940_1037 .array/port v0x87eda6940, 1037;
v0x87eda6940_1038 .array/port v0x87eda6940, 1038;
v0x87eda6940_1039 .array/port v0x87eda6940, 1039;
v0x87eda6940_1040 .array/port v0x87eda6940, 1040;
E_0x87ed06b00/260 .event anyedge, v0x87eda6940_1037, v0x87eda6940_1038, v0x87eda6940_1039, v0x87eda6940_1040;
v0x87eda6940_1041 .array/port v0x87eda6940, 1041;
v0x87eda6940_1042 .array/port v0x87eda6940, 1042;
v0x87eda6940_1043 .array/port v0x87eda6940, 1043;
v0x87eda6940_1044 .array/port v0x87eda6940, 1044;
E_0x87ed06b00/261 .event anyedge, v0x87eda6940_1041, v0x87eda6940_1042, v0x87eda6940_1043, v0x87eda6940_1044;
v0x87eda6940_1045 .array/port v0x87eda6940, 1045;
v0x87eda6940_1046 .array/port v0x87eda6940, 1046;
v0x87eda6940_1047 .array/port v0x87eda6940, 1047;
v0x87eda6940_1048 .array/port v0x87eda6940, 1048;
E_0x87ed06b00/262 .event anyedge, v0x87eda6940_1045, v0x87eda6940_1046, v0x87eda6940_1047, v0x87eda6940_1048;
v0x87eda6940_1049 .array/port v0x87eda6940, 1049;
v0x87eda6940_1050 .array/port v0x87eda6940, 1050;
v0x87eda6940_1051 .array/port v0x87eda6940, 1051;
v0x87eda6940_1052 .array/port v0x87eda6940, 1052;
E_0x87ed06b00/263 .event anyedge, v0x87eda6940_1049, v0x87eda6940_1050, v0x87eda6940_1051, v0x87eda6940_1052;
v0x87eda6940_1053 .array/port v0x87eda6940, 1053;
v0x87eda6940_1054 .array/port v0x87eda6940, 1054;
v0x87eda6940_1055 .array/port v0x87eda6940, 1055;
v0x87eda6940_1056 .array/port v0x87eda6940, 1056;
E_0x87ed06b00/264 .event anyedge, v0x87eda6940_1053, v0x87eda6940_1054, v0x87eda6940_1055, v0x87eda6940_1056;
v0x87eda6940_1057 .array/port v0x87eda6940, 1057;
v0x87eda6940_1058 .array/port v0x87eda6940, 1058;
v0x87eda6940_1059 .array/port v0x87eda6940, 1059;
v0x87eda6940_1060 .array/port v0x87eda6940, 1060;
E_0x87ed06b00/265 .event anyedge, v0x87eda6940_1057, v0x87eda6940_1058, v0x87eda6940_1059, v0x87eda6940_1060;
v0x87eda6940_1061 .array/port v0x87eda6940, 1061;
v0x87eda6940_1062 .array/port v0x87eda6940, 1062;
v0x87eda6940_1063 .array/port v0x87eda6940, 1063;
v0x87eda6940_1064 .array/port v0x87eda6940, 1064;
E_0x87ed06b00/266 .event anyedge, v0x87eda6940_1061, v0x87eda6940_1062, v0x87eda6940_1063, v0x87eda6940_1064;
v0x87eda6940_1065 .array/port v0x87eda6940, 1065;
v0x87eda6940_1066 .array/port v0x87eda6940, 1066;
v0x87eda6940_1067 .array/port v0x87eda6940, 1067;
v0x87eda6940_1068 .array/port v0x87eda6940, 1068;
E_0x87ed06b00/267 .event anyedge, v0x87eda6940_1065, v0x87eda6940_1066, v0x87eda6940_1067, v0x87eda6940_1068;
v0x87eda6940_1069 .array/port v0x87eda6940, 1069;
v0x87eda6940_1070 .array/port v0x87eda6940, 1070;
v0x87eda6940_1071 .array/port v0x87eda6940, 1071;
v0x87eda6940_1072 .array/port v0x87eda6940, 1072;
E_0x87ed06b00/268 .event anyedge, v0x87eda6940_1069, v0x87eda6940_1070, v0x87eda6940_1071, v0x87eda6940_1072;
v0x87eda6940_1073 .array/port v0x87eda6940, 1073;
v0x87eda6940_1074 .array/port v0x87eda6940, 1074;
v0x87eda6940_1075 .array/port v0x87eda6940, 1075;
v0x87eda6940_1076 .array/port v0x87eda6940, 1076;
E_0x87ed06b00/269 .event anyedge, v0x87eda6940_1073, v0x87eda6940_1074, v0x87eda6940_1075, v0x87eda6940_1076;
v0x87eda6940_1077 .array/port v0x87eda6940, 1077;
v0x87eda6940_1078 .array/port v0x87eda6940, 1078;
v0x87eda6940_1079 .array/port v0x87eda6940, 1079;
v0x87eda6940_1080 .array/port v0x87eda6940, 1080;
E_0x87ed06b00/270 .event anyedge, v0x87eda6940_1077, v0x87eda6940_1078, v0x87eda6940_1079, v0x87eda6940_1080;
v0x87eda6940_1081 .array/port v0x87eda6940, 1081;
v0x87eda6940_1082 .array/port v0x87eda6940, 1082;
v0x87eda6940_1083 .array/port v0x87eda6940, 1083;
v0x87eda6940_1084 .array/port v0x87eda6940, 1084;
E_0x87ed06b00/271 .event anyedge, v0x87eda6940_1081, v0x87eda6940_1082, v0x87eda6940_1083, v0x87eda6940_1084;
v0x87eda6940_1085 .array/port v0x87eda6940, 1085;
v0x87eda6940_1086 .array/port v0x87eda6940, 1086;
v0x87eda6940_1087 .array/port v0x87eda6940, 1087;
v0x87eda6940_1088 .array/port v0x87eda6940, 1088;
E_0x87ed06b00/272 .event anyedge, v0x87eda6940_1085, v0x87eda6940_1086, v0x87eda6940_1087, v0x87eda6940_1088;
v0x87eda6940_1089 .array/port v0x87eda6940, 1089;
v0x87eda6940_1090 .array/port v0x87eda6940, 1090;
v0x87eda6940_1091 .array/port v0x87eda6940, 1091;
v0x87eda6940_1092 .array/port v0x87eda6940, 1092;
E_0x87ed06b00/273 .event anyedge, v0x87eda6940_1089, v0x87eda6940_1090, v0x87eda6940_1091, v0x87eda6940_1092;
v0x87eda6940_1093 .array/port v0x87eda6940, 1093;
v0x87eda6940_1094 .array/port v0x87eda6940, 1094;
v0x87eda6940_1095 .array/port v0x87eda6940, 1095;
v0x87eda6940_1096 .array/port v0x87eda6940, 1096;
E_0x87ed06b00/274 .event anyedge, v0x87eda6940_1093, v0x87eda6940_1094, v0x87eda6940_1095, v0x87eda6940_1096;
v0x87eda6940_1097 .array/port v0x87eda6940, 1097;
v0x87eda6940_1098 .array/port v0x87eda6940, 1098;
v0x87eda6940_1099 .array/port v0x87eda6940, 1099;
v0x87eda6940_1100 .array/port v0x87eda6940, 1100;
E_0x87ed06b00/275 .event anyedge, v0x87eda6940_1097, v0x87eda6940_1098, v0x87eda6940_1099, v0x87eda6940_1100;
v0x87eda6940_1101 .array/port v0x87eda6940, 1101;
v0x87eda6940_1102 .array/port v0x87eda6940, 1102;
v0x87eda6940_1103 .array/port v0x87eda6940, 1103;
v0x87eda6940_1104 .array/port v0x87eda6940, 1104;
E_0x87ed06b00/276 .event anyedge, v0x87eda6940_1101, v0x87eda6940_1102, v0x87eda6940_1103, v0x87eda6940_1104;
v0x87eda6940_1105 .array/port v0x87eda6940, 1105;
v0x87eda6940_1106 .array/port v0x87eda6940, 1106;
v0x87eda6940_1107 .array/port v0x87eda6940, 1107;
v0x87eda6940_1108 .array/port v0x87eda6940, 1108;
E_0x87ed06b00/277 .event anyedge, v0x87eda6940_1105, v0x87eda6940_1106, v0x87eda6940_1107, v0x87eda6940_1108;
v0x87eda6940_1109 .array/port v0x87eda6940, 1109;
v0x87eda6940_1110 .array/port v0x87eda6940, 1110;
v0x87eda6940_1111 .array/port v0x87eda6940, 1111;
v0x87eda6940_1112 .array/port v0x87eda6940, 1112;
E_0x87ed06b00/278 .event anyedge, v0x87eda6940_1109, v0x87eda6940_1110, v0x87eda6940_1111, v0x87eda6940_1112;
v0x87eda6940_1113 .array/port v0x87eda6940, 1113;
v0x87eda6940_1114 .array/port v0x87eda6940, 1114;
v0x87eda6940_1115 .array/port v0x87eda6940, 1115;
v0x87eda6940_1116 .array/port v0x87eda6940, 1116;
E_0x87ed06b00/279 .event anyedge, v0x87eda6940_1113, v0x87eda6940_1114, v0x87eda6940_1115, v0x87eda6940_1116;
v0x87eda6940_1117 .array/port v0x87eda6940, 1117;
v0x87eda6940_1118 .array/port v0x87eda6940, 1118;
v0x87eda6940_1119 .array/port v0x87eda6940, 1119;
v0x87eda6940_1120 .array/port v0x87eda6940, 1120;
E_0x87ed06b00/280 .event anyedge, v0x87eda6940_1117, v0x87eda6940_1118, v0x87eda6940_1119, v0x87eda6940_1120;
v0x87eda6940_1121 .array/port v0x87eda6940, 1121;
v0x87eda6940_1122 .array/port v0x87eda6940, 1122;
v0x87eda6940_1123 .array/port v0x87eda6940, 1123;
v0x87eda6940_1124 .array/port v0x87eda6940, 1124;
E_0x87ed06b00/281 .event anyedge, v0x87eda6940_1121, v0x87eda6940_1122, v0x87eda6940_1123, v0x87eda6940_1124;
v0x87eda6940_1125 .array/port v0x87eda6940, 1125;
v0x87eda6940_1126 .array/port v0x87eda6940, 1126;
v0x87eda6940_1127 .array/port v0x87eda6940, 1127;
v0x87eda6940_1128 .array/port v0x87eda6940, 1128;
E_0x87ed06b00/282 .event anyedge, v0x87eda6940_1125, v0x87eda6940_1126, v0x87eda6940_1127, v0x87eda6940_1128;
v0x87eda6940_1129 .array/port v0x87eda6940, 1129;
v0x87eda6940_1130 .array/port v0x87eda6940, 1130;
v0x87eda6940_1131 .array/port v0x87eda6940, 1131;
v0x87eda6940_1132 .array/port v0x87eda6940, 1132;
E_0x87ed06b00/283 .event anyedge, v0x87eda6940_1129, v0x87eda6940_1130, v0x87eda6940_1131, v0x87eda6940_1132;
v0x87eda6940_1133 .array/port v0x87eda6940, 1133;
v0x87eda6940_1134 .array/port v0x87eda6940, 1134;
v0x87eda6940_1135 .array/port v0x87eda6940, 1135;
v0x87eda6940_1136 .array/port v0x87eda6940, 1136;
E_0x87ed06b00/284 .event anyedge, v0x87eda6940_1133, v0x87eda6940_1134, v0x87eda6940_1135, v0x87eda6940_1136;
v0x87eda6940_1137 .array/port v0x87eda6940, 1137;
v0x87eda6940_1138 .array/port v0x87eda6940, 1138;
v0x87eda6940_1139 .array/port v0x87eda6940, 1139;
v0x87eda6940_1140 .array/port v0x87eda6940, 1140;
E_0x87ed06b00/285 .event anyedge, v0x87eda6940_1137, v0x87eda6940_1138, v0x87eda6940_1139, v0x87eda6940_1140;
v0x87eda6940_1141 .array/port v0x87eda6940, 1141;
v0x87eda6940_1142 .array/port v0x87eda6940, 1142;
v0x87eda6940_1143 .array/port v0x87eda6940, 1143;
v0x87eda6940_1144 .array/port v0x87eda6940, 1144;
E_0x87ed06b00/286 .event anyedge, v0x87eda6940_1141, v0x87eda6940_1142, v0x87eda6940_1143, v0x87eda6940_1144;
v0x87eda6940_1145 .array/port v0x87eda6940, 1145;
v0x87eda6940_1146 .array/port v0x87eda6940, 1146;
v0x87eda6940_1147 .array/port v0x87eda6940, 1147;
v0x87eda6940_1148 .array/port v0x87eda6940, 1148;
E_0x87ed06b00/287 .event anyedge, v0x87eda6940_1145, v0x87eda6940_1146, v0x87eda6940_1147, v0x87eda6940_1148;
v0x87eda6940_1149 .array/port v0x87eda6940, 1149;
v0x87eda6940_1150 .array/port v0x87eda6940, 1150;
v0x87eda6940_1151 .array/port v0x87eda6940, 1151;
v0x87eda6940_1152 .array/port v0x87eda6940, 1152;
E_0x87ed06b00/288 .event anyedge, v0x87eda6940_1149, v0x87eda6940_1150, v0x87eda6940_1151, v0x87eda6940_1152;
v0x87eda6940_1153 .array/port v0x87eda6940, 1153;
v0x87eda6940_1154 .array/port v0x87eda6940, 1154;
v0x87eda6940_1155 .array/port v0x87eda6940, 1155;
v0x87eda6940_1156 .array/port v0x87eda6940, 1156;
E_0x87ed06b00/289 .event anyedge, v0x87eda6940_1153, v0x87eda6940_1154, v0x87eda6940_1155, v0x87eda6940_1156;
v0x87eda6940_1157 .array/port v0x87eda6940, 1157;
v0x87eda6940_1158 .array/port v0x87eda6940, 1158;
v0x87eda6940_1159 .array/port v0x87eda6940, 1159;
v0x87eda6940_1160 .array/port v0x87eda6940, 1160;
E_0x87ed06b00/290 .event anyedge, v0x87eda6940_1157, v0x87eda6940_1158, v0x87eda6940_1159, v0x87eda6940_1160;
v0x87eda6940_1161 .array/port v0x87eda6940, 1161;
v0x87eda6940_1162 .array/port v0x87eda6940, 1162;
v0x87eda6940_1163 .array/port v0x87eda6940, 1163;
v0x87eda6940_1164 .array/port v0x87eda6940, 1164;
E_0x87ed06b00/291 .event anyedge, v0x87eda6940_1161, v0x87eda6940_1162, v0x87eda6940_1163, v0x87eda6940_1164;
v0x87eda6940_1165 .array/port v0x87eda6940, 1165;
v0x87eda6940_1166 .array/port v0x87eda6940, 1166;
v0x87eda6940_1167 .array/port v0x87eda6940, 1167;
v0x87eda6940_1168 .array/port v0x87eda6940, 1168;
E_0x87ed06b00/292 .event anyedge, v0x87eda6940_1165, v0x87eda6940_1166, v0x87eda6940_1167, v0x87eda6940_1168;
v0x87eda6940_1169 .array/port v0x87eda6940, 1169;
v0x87eda6940_1170 .array/port v0x87eda6940, 1170;
v0x87eda6940_1171 .array/port v0x87eda6940, 1171;
v0x87eda6940_1172 .array/port v0x87eda6940, 1172;
E_0x87ed06b00/293 .event anyedge, v0x87eda6940_1169, v0x87eda6940_1170, v0x87eda6940_1171, v0x87eda6940_1172;
v0x87eda6940_1173 .array/port v0x87eda6940, 1173;
v0x87eda6940_1174 .array/port v0x87eda6940, 1174;
v0x87eda6940_1175 .array/port v0x87eda6940, 1175;
v0x87eda6940_1176 .array/port v0x87eda6940, 1176;
E_0x87ed06b00/294 .event anyedge, v0x87eda6940_1173, v0x87eda6940_1174, v0x87eda6940_1175, v0x87eda6940_1176;
v0x87eda6940_1177 .array/port v0x87eda6940, 1177;
v0x87eda6940_1178 .array/port v0x87eda6940, 1178;
v0x87eda6940_1179 .array/port v0x87eda6940, 1179;
v0x87eda6940_1180 .array/port v0x87eda6940, 1180;
E_0x87ed06b00/295 .event anyedge, v0x87eda6940_1177, v0x87eda6940_1178, v0x87eda6940_1179, v0x87eda6940_1180;
v0x87eda6940_1181 .array/port v0x87eda6940, 1181;
v0x87eda6940_1182 .array/port v0x87eda6940, 1182;
v0x87eda6940_1183 .array/port v0x87eda6940, 1183;
v0x87eda6940_1184 .array/port v0x87eda6940, 1184;
E_0x87ed06b00/296 .event anyedge, v0x87eda6940_1181, v0x87eda6940_1182, v0x87eda6940_1183, v0x87eda6940_1184;
v0x87eda6940_1185 .array/port v0x87eda6940, 1185;
v0x87eda6940_1186 .array/port v0x87eda6940, 1186;
v0x87eda6940_1187 .array/port v0x87eda6940, 1187;
v0x87eda6940_1188 .array/port v0x87eda6940, 1188;
E_0x87ed06b00/297 .event anyedge, v0x87eda6940_1185, v0x87eda6940_1186, v0x87eda6940_1187, v0x87eda6940_1188;
v0x87eda6940_1189 .array/port v0x87eda6940, 1189;
v0x87eda6940_1190 .array/port v0x87eda6940, 1190;
v0x87eda6940_1191 .array/port v0x87eda6940, 1191;
v0x87eda6940_1192 .array/port v0x87eda6940, 1192;
E_0x87ed06b00/298 .event anyedge, v0x87eda6940_1189, v0x87eda6940_1190, v0x87eda6940_1191, v0x87eda6940_1192;
v0x87eda6940_1193 .array/port v0x87eda6940, 1193;
v0x87eda6940_1194 .array/port v0x87eda6940, 1194;
v0x87eda6940_1195 .array/port v0x87eda6940, 1195;
v0x87eda6940_1196 .array/port v0x87eda6940, 1196;
E_0x87ed06b00/299 .event anyedge, v0x87eda6940_1193, v0x87eda6940_1194, v0x87eda6940_1195, v0x87eda6940_1196;
v0x87eda6940_1197 .array/port v0x87eda6940, 1197;
v0x87eda6940_1198 .array/port v0x87eda6940, 1198;
v0x87eda6940_1199 .array/port v0x87eda6940, 1199;
v0x87eda6940_1200 .array/port v0x87eda6940, 1200;
E_0x87ed06b00/300 .event anyedge, v0x87eda6940_1197, v0x87eda6940_1198, v0x87eda6940_1199, v0x87eda6940_1200;
v0x87eda6940_1201 .array/port v0x87eda6940, 1201;
v0x87eda6940_1202 .array/port v0x87eda6940, 1202;
v0x87eda6940_1203 .array/port v0x87eda6940, 1203;
v0x87eda6940_1204 .array/port v0x87eda6940, 1204;
E_0x87ed06b00/301 .event anyedge, v0x87eda6940_1201, v0x87eda6940_1202, v0x87eda6940_1203, v0x87eda6940_1204;
v0x87eda6940_1205 .array/port v0x87eda6940, 1205;
v0x87eda6940_1206 .array/port v0x87eda6940, 1206;
v0x87eda6940_1207 .array/port v0x87eda6940, 1207;
v0x87eda6940_1208 .array/port v0x87eda6940, 1208;
E_0x87ed06b00/302 .event anyedge, v0x87eda6940_1205, v0x87eda6940_1206, v0x87eda6940_1207, v0x87eda6940_1208;
v0x87eda6940_1209 .array/port v0x87eda6940, 1209;
v0x87eda6940_1210 .array/port v0x87eda6940, 1210;
v0x87eda6940_1211 .array/port v0x87eda6940, 1211;
v0x87eda6940_1212 .array/port v0x87eda6940, 1212;
E_0x87ed06b00/303 .event anyedge, v0x87eda6940_1209, v0x87eda6940_1210, v0x87eda6940_1211, v0x87eda6940_1212;
v0x87eda6940_1213 .array/port v0x87eda6940, 1213;
v0x87eda6940_1214 .array/port v0x87eda6940, 1214;
v0x87eda6940_1215 .array/port v0x87eda6940, 1215;
v0x87eda6940_1216 .array/port v0x87eda6940, 1216;
E_0x87ed06b00/304 .event anyedge, v0x87eda6940_1213, v0x87eda6940_1214, v0x87eda6940_1215, v0x87eda6940_1216;
v0x87eda6940_1217 .array/port v0x87eda6940, 1217;
v0x87eda6940_1218 .array/port v0x87eda6940, 1218;
v0x87eda6940_1219 .array/port v0x87eda6940, 1219;
v0x87eda6940_1220 .array/port v0x87eda6940, 1220;
E_0x87ed06b00/305 .event anyedge, v0x87eda6940_1217, v0x87eda6940_1218, v0x87eda6940_1219, v0x87eda6940_1220;
v0x87eda6940_1221 .array/port v0x87eda6940, 1221;
v0x87eda6940_1222 .array/port v0x87eda6940, 1222;
v0x87eda6940_1223 .array/port v0x87eda6940, 1223;
v0x87eda6940_1224 .array/port v0x87eda6940, 1224;
E_0x87ed06b00/306 .event anyedge, v0x87eda6940_1221, v0x87eda6940_1222, v0x87eda6940_1223, v0x87eda6940_1224;
v0x87eda6940_1225 .array/port v0x87eda6940, 1225;
v0x87eda6940_1226 .array/port v0x87eda6940, 1226;
v0x87eda6940_1227 .array/port v0x87eda6940, 1227;
v0x87eda6940_1228 .array/port v0x87eda6940, 1228;
E_0x87ed06b00/307 .event anyedge, v0x87eda6940_1225, v0x87eda6940_1226, v0x87eda6940_1227, v0x87eda6940_1228;
v0x87eda6940_1229 .array/port v0x87eda6940, 1229;
v0x87eda6940_1230 .array/port v0x87eda6940, 1230;
v0x87eda6940_1231 .array/port v0x87eda6940, 1231;
v0x87eda6940_1232 .array/port v0x87eda6940, 1232;
E_0x87ed06b00/308 .event anyedge, v0x87eda6940_1229, v0x87eda6940_1230, v0x87eda6940_1231, v0x87eda6940_1232;
v0x87eda6940_1233 .array/port v0x87eda6940, 1233;
v0x87eda6940_1234 .array/port v0x87eda6940, 1234;
v0x87eda6940_1235 .array/port v0x87eda6940, 1235;
v0x87eda6940_1236 .array/port v0x87eda6940, 1236;
E_0x87ed06b00/309 .event anyedge, v0x87eda6940_1233, v0x87eda6940_1234, v0x87eda6940_1235, v0x87eda6940_1236;
v0x87eda6940_1237 .array/port v0x87eda6940, 1237;
v0x87eda6940_1238 .array/port v0x87eda6940, 1238;
v0x87eda6940_1239 .array/port v0x87eda6940, 1239;
v0x87eda6940_1240 .array/port v0x87eda6940, 1240;
E_0x87ed06b00/310 .event anyedge, v0x87eda6940_1237, v0x87eda6940_1238, v0x87eda6940_1239, v0x87eda6940_1240;
v0x87eda6940_1241 .array/port v0x87eda6940, 1241;
v0x87eda6940_1242 .array/port v0x87eda6940, 1242;
v0x87eda6940_1243 .array/port v0x87eda6940, 1243;
v0x87eda6940_1244 .array/port v0x87eda6940, 1244;
E_0x87ed06b00/311 .event anyedge, v0x87eda6940_1241, v0x87eda6940_1242, v0x87eda6940_1243, v0x87eda6940_1244;
v0x87eda6940_1245 .array/port v0x87eda6940, 1245;
v0x87eda6940_1246 .array/port v0x87eda6940, 1246;
v0x87eda6940_1247 .array/port v0x87eda6940, 1247;
v0x87eda6940_1248 .array/port v0x87eda6940, 1248;
E_0x87ed06b00/312 .event anyedge, v0x87eda6940_1245, v0x87eda6940_1246, v0x87eda6940_1247, v0x87eda6940_1248;
v0x87eda6940_1249 .array/port v0x87eda6940, 1249;
v0x87eda6940_1250 .array/port v0x87eda6940, 1250;
v0x87eda6940_1251 .array/port v0x87eda6940, 1251;
v0x87eda6940_1252 .array/port v0x87eda6940, 1252;
E_0x87ed06b00/313 .event anyedge, v0x87eda6940_1249, v0x87eda6940_1250, v0x87eda6940_1251, v0x87eda6940_1252;
v0x87eda6940_1253 .array/port v0x87eda6940, 1253;
v0x87eda6940_1254 .array/port v0x87eda6940, 1254;
v0x87eda6940_1255 .array/port v0x87eda6940, 1255;
v0x87eda6940_1256 .array/port v0x87eda6940, 1256;
E_0x87ed06b00/314 .event anyedge, v0x87eda6940_1253, v0x87eda6940_1254, v0x87eda6940_1255, v0x87eda6940_1256;
v0x87eda6940_1257 .array/port v0x87eda6940, 1257;
v0x87eda6940_1258 .array/port v0x87eda6940, 1258;
v0x87eda6940_1259 .array/port v0x87eda6940, 1259;
v0x87eda6940_1260 .array/port v0x87eda6940, 1260;
E_0x87ed06b00/315 .event anyedge, v0x87eda6940_1257, v0x87eda6940_1258, v0x87eda6940_1259, v0x87eda6940_1260;
v0x87eda6940_1261 .array/port v0x87eda6940, 1261;
v0x87eda6940_1262 .array/port v0x87eda6940, 1262;
v0x87eda6940_1263 .array/port v0x87eda6940, 1263;
v0x87eda6940_1264 .array/port v0x87eda6940, 1264;
E_0x87ed06b00/316 .event anyedge, v0x87eda6940_1261, v0x87eda6940_1262, v0x87eda6940_1263, v0x87eda6940_1264;
v0x87eda6940_1265 .array/port v0x87eda6940, 1265;
v0x87eda6940_1266 .array/port v0x87eda6940, 1266;
v0x87eda6940_1267 .array/port v0x87eda6940, 1267;
v0x87eda6940_1268 .array/port v0x87eda6940, 1268;
E_0x87ed06b00/317 .event anyedge, v0x87eda6940_1265, v0x87eda6940_1266, v0x87eda6940_1267, v0x87eda6940_1268;
v0x87eda6940_1269 .array/port v0x87eda6940, 1269;
v0x87eda6940_1270 .array/port v0x87eda6940, 1270;
v0x87eda6940_1271 .array/port v0x87eda6940, 1271;
v0x87eda6940_1272 .array/port v0x87eda6940, 1272;
E_0x87ed06b00/318 .event anyedge, v0x87eda6940_1269, v0x87eda6940_1270, v0x87eda6940_1271, v0x87eda6940_1272;
v0x87eda6940_1273 .array/port v0x87eda6940, 1273;
v0x87eda6940_1274 .array/port v0x87eda6940, 1274;
v0x87eda6940_1275 .array/port v0x87eda6940, 1275;
v0x87eda6940_1276 .array/port v0x87eda6940, 1276;
E_0x87ed06b00/319 .event anyedge, v0x87eda6940_1273, v0x87eda6940_1274, v0x87eda6940_1275, v0x87eda6940_1276;
v0x87eda6940_1277 .array/port v0x87eda6940, 1277;
v0x87eda6940_1278 .array/port v0x87eda6940, 1278;
v0x87eda6940_1279 .array/port v0x87eda6940, 1279;
v0x87eda6940_1280 .array/port v0x87eda6940, 1280;
E_0x87ed06b00/320 .event anyedge, v0x87eda6940_1277, v0x87eda6940_1278, v0x87eda6940_1279, v0x87eda6940_1280;
v0x87eda6940_1281 .array/port v0x87eda6940, 1281;
v0x87eda6940_1282 .array/port v0x87eda6940, 1282;
v0x87eda6940_1283 .array/port v0x87eda6940, 1283;
v0x87eda6940_1284 .array/port v0x87eda6940, 1284;
E_0x87ed06b00/321 .event anyedge, v0x87eda6940_1281, v0x87eda6940_1282, v0x87eda6940_1283, v0x87eda6940_1284;
v0x87eda6940_1285 .array/port v0x87eda6940, 1285;
v0x87eda6940_1286 .array/port v0x87eda6940, 1286;
v0x87eda6940_1287 .array/port v0x87eda6940, 1287;
v0x87eda6940_1288 .array/port v0x87eda6940, 1288;
E_0x87ed06b00/322 .event anyedge, v0x87eda6940_1285, v0x87eda6940_1286, v0x87eda6940_1287, v0x87eda6940_1288;
v0x87eda6940_1289 .array/port v0x87eda6940, 1289;
v0x87eda6940_1290 .array/port v0x87eda6940, 1290;
v0x87eda6940_1291 .array/port v0x87eda6940, 1291;
v0x87eda6940_1292 .array/port v0x87eda6940, 1292;
E_0x87ed06b00/323 .event anyedge, v0x87eda6940_1289, v0x87eda6940_1290, v0x87eda6940_1291, v0x87eda6940_1292;
v0x87eda6940_1293 .array/port v0x87eda6940, 1293;
v0x87eda6940_1294 .array/port v0x87eda6940, 1294;
v0x87eda6940_1295 .array/port v0x87eda6940, 1295;
v0x87eda6940_1296 .array/port v0x87eda6940, 1296;
E_0x87ed06b00/324 .event anyedge, v0x87eda6940_1293, v0x87eda6940_1294, v0x87eda6940_1295, v0x87eda6940_1296;
v0x87eda6940_1297 .array/port v0x87eda6940, 1297;
v0x87eda6940_1298 .array/port v0x87eda6940, 1298;
v0x87eda6940_1299 .array/port v0x87eda6940, 1299;
v0x87eda6940_1300 .array/port v0x87eda6940, 1300;
E_0x87ed06b00/325 .event anyedge, v0x87eda6940_1297, v0x87eda6940_1298, v0x87eda6940_1299, v0x87eda6940_1300;
v0x87eda6940_1301 .array/port v0x87eda6940, 1301;
v0x87eda6940_1302 .array/port v0x87eda6940, 1302;
v0x87eda6940_1303 .array/port v0x87eda6940, 1303;
v0x87eda6940_1304 .array/port v0x87eda6940, 1304;
E_0x87ed06b00/326 .event anyedge, v0x87eda6940_1301, v0x87eda6940_1302, v0x87eda6940_1303, v0x87eda6940_1304;
v0x87eda6940_1305 .array/port v0x87eda6940, 1305;
v0x87eda6940_1306 .array/port v0x87eda6940, 1306;
v0x87eda6940_1307 .array/port v0x87eda6940, 1307;
v0x87eda6940_1308 .array/port v0x87eda6940, 1308;
E_0x87ed06b00/327 .event anyedge, v0x87eda6940_1305, v0x87eda6940_1306, v0x87eda6940_1307, v0x87eda6940_1308;
v0x87eda6940_1309 .array/port v0x87eda6940, 1309;
v0x87eda6940_1310 .array/port v0x87eda6940, 1310;
v0x87eda6940_1311 .array/port v0x87eda6940, 1311;
v0x87eda6940_1312 .array/port v0x87eda6940, 1312;
E_0x87ed06b00/328 .event anyedge, v0x87eda6940_1309, v0x87eda6940_1310, v0x87eda6940_1311, v0x87eda6940_1312;
v0x87eda6940_1313 .array/port v0x87eda6940, 1313;
v0x87eda6940_1314 .array/port v0x87eda6940, 1314;
v0x87eda6940_1315 .array/port v0x87eda6940, 1315;
v0x87eda6940_1316 .array/port v0x87eda6940, 1316;
E_0x87ed06b00/329 .event anyedge, v0x87eda6940_1313, v0x87eda6940_1314, v0x87eda6940_1315, v0x87eda6940_1316;
v0x87eda6940_1317 .array/port v0x87eda6940, 1317;
v0x87eda6940_1318 .array/port v0x87eda6940, 1318;
v0x87eda6940_1319 .array/port v0x87eda6940, 1319;
v0x87eda6940_1320 .array/port v0x87eda6940, 1320;
E_0x87ed06b00/330 .event anyedge, v0x87eda6940_1317, v0x87eda6940_1318, v0x87eda6940_1319, v0x87eda6940_1320;
v0x87eda6940_1321 .array/port v0x87eda6940, 1321;
v0x87eda6940_1322 .array/port v0x87eda6940, 1322;
v0x87eda6940_1323 .array/port v0x87eda6940, 1323;
v0x87eda6940_1324 .array/port v0x87eda6940, 1324;
E_0x87ed06b00/331 .event anyedge, v0x87eda6940_1321, v0x87eda6940_1322, v0x87eda6940_1323, v0x87eda6940_1324;
v0x87eda6940_1325 .array/port v0x87eda6940, 1325;
v0x87eda6940_1326 .array/port v0x87eda6940, 1326;
v0x87eda6940_1327 .array/port v0x87eda6940, 1327;
v0x87eda6940_1328 .array/port v0x87eda6940, 1328;
E_0x87ed06b00/332 .event anyedge, v0x87eda6940_1325, v0x87eda6940_1326, v0x87eda6940_1327, v0x87eda6940_1328;
v0x87eda6940_1329 .array/port v0x87eda6940, 1329;
v0x87eda6940_1330 .array/port v0x87eda6940, 1330;
v0x87eda6940_1331 .array/port v0x87eda6940, 1331;
v0x87eda6940_1332 .array/port v0x87eda6940, 1332;
E_0x87ed06b00/333 .event anyedge, v0x87eda6940_1329, v0x87eda6940_1330, v0x87eda6940_1331, v0x87eda6940_1332;
v0x87eda6940_1333 .array/port v0x87eda6940, 1333;
v0x87eda6940_1334 .array/port v0x87eda6940, 1334;
v0x87eda6940_1335 .array/port v0x87eda6940, 1335;
v0x87eda6940_1336 .array/port v0x87eda6940, 1336;
E_0x87ed06b00/334 .event anyedge, v0x87eda6940_1333, v0x87eda6940_1334, v0x87eda6940_1335, v0x87eda6940_1336;
v0x87eda6940_1337 .array/port v0x87eda6940, 1337;
v0x87eda6940_1338 .array/port v0x87eda6940, 1338;
v0x87eda6940_1339 .array/port v0x87eda6940, 1339;
v0x87eda6940_1340 .array/port v0x87eda6940, 1340;
E_0x87ed06b00/335 .event anyedge, v0x87eda6940_1337, v0x87eda6940_1338, v0x87eda6940_1339, v0x87eda6940_1340;
v0x87eda6940_1341 .array/port v0x87eda6940, 1341;
v0x87eda6940_1342 .array/port v0x87eda6940, 1342;
v0x87eda6940_1343 .array/port v0x87eda6940, 1343;
v0x87eda6940_1344 .array/port v0x87eda6940, 1344;
E_0x87ed06b00/336 .event anyedge, v0x87eda6940_1341, v0x87eda6940_1342, v0x87eda6940_1343, v0x87eda6940_1344;
v0x87eda6940_1345 .array/port v0x87eda6940, 1345;
v0x87eda6940_1346 .array/port v0x87eda6940, 1346;
v0x87eda6940_1347 .array/port v0x87eda6940, 1347;
v0x87eda6940_1348 .array/port v0x87eda6940, 1348;
E_0x87ed06b00/337 .event anyedge, v0x87eda6940_1345, v0x87eda6940_1346, v0x87eda6940_1347, v0x87eda6940_1348;
v0x87eda6940_1349 .array/port v0x87eda6940, 1349;
v0x87eda6940_1350 .array/port v0x87eda6940, 1350;
v0x87eda6940_1351 .array/port v0x87eda6940, 1351;
v0x87eda6940_1352 .array/port v0x87eda6940, 1352;
E_0x87ed06b00/338 .event anyedge, v0x87eda6940_1349, v0x87eda6940_1350, v0x87eda6940_1351, v0x87eda6940_1352;
v0x87eda6940_1353 .array/port v0x87eda6940, 1353;
v0x87eda6940_1354 .array/port v0x87eda6940, 1354;
v0x87eda6940_1355 .array/port v0x87eda6940, 1355;
v0x87eda6940_1356 .array/port v0x87eda6940, 1356;
E_0x87ed06b00/339 .event anyedge, v0x87eda6940_1353, v0x87eda6940_1354, v0x87eda6940_1355, v0x87eda6940_1356;
v0x87eda6940_1357 .array/port v0x87eda6940, 1357;
v0x87eda6940_1358 .array/port v0x87eda6940, 1358;
v0x87eda6940_1359 .array/port v0x87eda6940, 1359;
v0x87eda6940_1360 .array/port v0x87eda6940, 1360;
E_0x87ed06b00/340 .event anyedge, v0x87eda6940_1357, v0x87eda6940_1358, v0x87eda6940_1359, v0x87eda6940_1360;
v0x87eda6940_1361 .array/port v0x87eda6940, 1361;
v0x87eda6940_1362 .array/port v0x87eda6940, 1362;
v0x87eda6940_1363 .array/port v0x87eda6940, 1363;
v0x87eda6940_1364 .array/port v0x87eda6940, 1364;
E_0x87ed06b00/341 .event anyedge, v0x87eda6940_1361, v0x87eda6940_1362, v0x87eda6940_1363, v0x87eda6940_1364;
v0x87eda6940_1365 .array/port v0x87eda6940, 1365;
v0x87eda6940_1366 .array/port v0x87eda6940, 1366;
v0x87eda6940_1367 .array/port v0x87eda6940, 1367;
v0x87eda6940_1368 .array/port v0x87eda6940, 1368;
E_0x87ed06b00/342 .event anyedge, v0x87eda6940_1365, v0x87eda6940_1366, v0x87eda6940_1367, v0x87eda6940_1368;
v0x87eda6940_1369 .array/port v0x87eda6940, 1369;
v0x87eda6940_1370 .array/port v0x87eda6940, 1370;
v0x87eda6940_1371 .array/port v0x87eda6940, 1371;
v0x87eda6940_1372 .array/port v0x87eda6940, 1372;
E_0x87ed06b00/343 .event anyedge, v0x87eda6940_1369, v0x87eda6940_1370, v0x87eda6940_1371, v0x87eda6940_1372;
v0x87eda6940_1373 .array/port v0x87eda6940, 1373;
v0x87eda6940_1374 .array/port v0x87eda6940, 1374;
v0x87eda6940_1375 .array/port v0x87eda6940, 1375;
v0x87eda6940_1376 .array/port v0x87eda6940, 1376;
E_0x87ed06b00/344 .event anyedge, v0x87eda6940_1373, v0x87eda6940_1374, v0x87eda6940_1375, v0x87eda6940_1376;
v0x87eda6940_1377 .array/port v0x87eda6940, 1377;
v0x87eda6940_1378 .array/port v0x87eda6940, 1378;
v0x87eda6940_1379 .array/port v0x87eda6940, 1379;
v0x87eda6940_1380 .array/port v0x87eda6940, 1380;
E_0x87ed06b00/345 .event anyedge, v0x87eda6940_1377, v0x87eda6940_1378, v0x87eda6940_1379, v0x87eda6940_1380;
v0x87eda6940_1381 .array/port v0x87eda6940, 1381;
v0x87eda6940_1382 .array/port v0x87eda6940, 1382;
v0x87eda6940_1383 .array/port v0x87eda6940, 1383;
v0x87eda6940_1384 .array/port v0x87eda6940, 1384;
E_0x87ed06b00/346 .event anyedge, v0x87eda6940_1381, v0x87eda6940_1382, v0x87eda6940_1383, v0x87eda6940_1384;
v0x87eda6940_1385 .array/port v0x87eda6940, 1385;
v0x87eda6940_1386 .array/port v0x87eda6940, 1386;
v0x87eda6940_1387 .array/port v0x87eda6940, 1387;
v0x87eda6940_1388 .array/port v0x87eda6940, 1388;
E_0x87ed06b00/347 .event anyedge, v0x87eda6940_1385, v0x87eda6940_1386, v0x87eda6940_1387, v0x87eda6940_1388;
v0x87eda6940_1389 .array/port v0x87eda6940, 1389;
v0x87eda6940_1390 .array/port v0x87eda6940, 1390;
v0x87eda6940_1391 .array/port v0x87eda6940, 1391;
v0x87eda6940_1392 .array/port v0x87eda6940, 1392;
E_0x87ed06b00/348 .event anyedge, v0x87eda6940_1389, v0x87eda6940_1390, v0x87eda6940_1391, v0x87eda6940_1392;
v0x87eda6940_1393 .array/port v0x87eda6940, 1393;
v0x87eda6940_1394 .array/port v0x87eda6940, 1394;
v0x87eda6940_1395 .array/port v0x87eda6940, 1395;
v0x87eda6940_1396 .array/port v0x87eda6940, 1396;
E_0x87ed06b00/349 .event anyedge, v0x87eda6940_1393, v0x87eda6940_1394, v0x87eda6940_1395, v0x87eda6940_1396;
v0x87eda6940_1397 .array/port v0x87eda6940, 1397;
v0x87eda6940_1398 .array/port v0x87eda6940, 1398;
v0x87eda6940_1399 .array/port v0x87eda6940, 1399;
v0x87eda6940_1400 .array/port v0x87eda6940, 1400;
E_0x87ed06b00/350 .event anyedge, v0x87eda6940_1397, v0x87eda6940_1398, v0x87eda6940_1399, v0x87eda6940_1400;
v0x87eda6940_1401 .array/port v0x87eda6940, 1401;
v0x87eda6940_1402 .array/port v0x87eda6940, 1402;
v0x87eda6940_1403 .array/port v0x87eda6940, 1403;
v0x87eda6940_1404 .array/port v0x87eda6940, 1404;
E_0x87ed06b00/351 .event anyedge, v0x87eda6940_1401, v0x87eda6940_1402, v0x87eda6940_1403, v0x87eda6940_1404;
v0x87eda6940_1405 .array/port v0x87eda6940, 1405;
v0x87eda6940_1406 .array/port v0x87eda6940, 1406;
v0x87eda6940_1407 .array/port v0x87eda6940, 1407;
v0x87eda6940_1408 .array/port v0x87eda6940, 1408;
E_0x87ed06b00/352 .event anyedge, v0x87eda6940_1405, v0x87eda6940_1406, v0x87eda6940_1407, v0x87eda6940_1408;
v0x87eda6940_1409 .array/port v0x87eda6940, 1409;
v0x87eda6940_1410 .array/port v0x87eda6940, 1410;
v0x87eda6940_1411 .array/port v0x87eda6940, 1411;
v0x87eda6940_1412 .array/port v0x87eda6940, 1412;
E_0x87ed06b00/353 .event anyedge, v0x87eda6940_1409, v0x87eda6940_1410, v0x87eda6940_1411, v0x87eda6940_1412;
v0x87eda6940_1413 .array/port v0x87eda6940, 1413;
v0x87eda6940_1414 .array/port v0x87eda6940, 1414;
v0x87eda6940_1415 .array/port v0x87eda6940, 1415;
v0x87eda6940_1416 .array/port v0x87eda6940, 1416;
E_0x87ed06b00/354 .event anyedge, v0x87eda6940_1413, v0x87eda6940_1414, v0x87eda6940_1415, v0x87eda6940_1416;
v0x87eda6940_1417 .array/port v0x87eda6940, 1417;
v0x87eda6940_1418 .array/port v0x87eda6940, 1418;
v0x87eda6940_1419 .array/port v0x87eda6940, 1419;
v0x87eda6940_1420 .array/port v0x87eda6940, 1420;
E_0x87ed06b00/355 .event anyedge, v0x87eda6940_1417, v0x87eda6940_1418, v0x87eda6940_1419, v0x87eda6940_1420;
v0x87eda6940_1421 .array/port v0x87eda6940, 1421;
v0x87eda6940_1422 .array/port v0x87eda6940, 1422;
v0x87eda6940_1423 .array/port v0x87eda6940, 1423;
v0x87eda6940_1424 .array/port v0x87eda6940, 1424;
E_0x87ed06b00/356 .event anyedge, v0x87eda6940_1421, v0x87eda6940_1422, v0x87eda6940_1423, v0x87eda6940_1424;
v0x87eda6940_1425 .array/port v0x87eda6940, 1425;
v0x87eda6940_1426 .array/port v0x87eda6940, 1426;
v0x87eda6940_1427 .array/port v0x87eda6940, 1427;
v0x87eda6940_1428 .array/port v0x87eda6940, 1428;
E_0x87ed06b00/357 .event anyedge, v0x87eda6940_1425, v0x87eda6940_1426, v0x87eda6940_1427, v0x87eda6940_1428;
v0x87eda6940_1429 .array/port v0x87eda6940, 1429;
v0x87eda6940_1430 .array/port v0x87eda6940, 1430;
v0x87eda6940_1431 .array/port v0x87eda6940, 1431;
v0x87eda6940_1432 .array/port v0x87eda6940, 1432;
E_0x87ed06b00/358 .event anyedge, v0x87eda6940_1429, v0x87eda6940_1430, v0x87eda6940_1431, v0x87eda6940_1432;
v0x87eda6940_1433 .array/port v0x87eda6940, 1433;
v0x87eda6940_1434 .array/port v0x87eda6940, 1434;
v0x87eda6940_1435 .array/port v0x87eda6940, 1435;
v0x87eda6940_1436 .array/port v0x87eda6940, 1436;
E_0x87ed06b00/359 .event anyedge, v0x87eda6940_1433, v0x87eda6940_1434, v0x87eda6940_1435, v0x87eda6940_1436;
v0x87eda6940_1437 .array/port v0x87eda6940, 1437;
v0x87eda6940_1438 .array/port v0x87eda6940, 1438;
v0x87eda6940_1439 .array/port v0x87eda6940, 1439;
v0x87eda6940_1440 .array/port v0x87eda6940, 1440;
E_0x87ed06b00/360 .event anyedge, v0x87eda6940_1437, v0x87eda6940_1438, v0x87eda6940_1439, v0x87eda6940_1440;
v0x87eda6940_1441 .array/port v0x87eda6940, 1441;
v0x87eda6940_1442 .array/port v0x87eda6940, 1442;
v0x87eda6940_1443 .array/port v0x87eda6940, 1443;
v0x87eda6940_1444 .array/port v0x87eda6940, 1444;
E_0x87ed06b00/361 .event anyedge, v0x87eda6940_1441, v0x87eda6940_1442, v0x87eda6940_1443, v0x87eda6940_1444;
v0x87eda6940_1445 .array/port v0x87eda6940, 1445;
v0x87eda6940_1446 .array/port v0x87eda6940, 1446;
v0x87eda6940_1447 .array/port v0x87eda6940, 1447;
v0x87eda6940_1448 .array/port v0x87eda6940, 1448;
E_0x87ed06b00/362 .event anyedge, v0x87eda6940_1445, v0x87eda6940_1446, v0x87eda6940_1447, v0x87eda6940_1448;
v0x87eda6940_1449 .array/port v0x87eda6940, 1449;
v0x87eda6940_1450 .array/port v0x87eda6940, 1450;
v0x87eda6940_1451 .array/port v0x87eda6940, 1451;
v0x87eda6940_1452 .array/port v0x87eda6940, 1452;
E_0x87ed06b00/363 .event anyedge, v0x87eda6940_1449, v0x87eda6940_1450, v0x87eda6940_1451, v0x87eda6940_1452;
v0x87eda6940_1453 .array/port v0x87eda6940, 1453;
v0x87eda6940_1454 .array/port v0x87eda6940, 1454;
v0x87eda6940_1455 .array/port v0x87eda6940, 1455;
v0x87eda6940_1456 .array/port v0x87eda6940, 1456;
E_0x87ed06b00/364 .event anyedge, v0x87eda6940_1453, v0x87eda6940_1454, v0x87eda6940_1455, v0x87eda6940_1456;
v0x87eda6940_1457 .array/port v0x87eda6940, 1457;
v0x87eda6940_1458 .array/port v0x87eda6940, 1458;
v0x87eda6940_1459 .array/port v0x87eda6940, 1459;
v0x87eda6940_1460 .array/port v0x87eda6940, 1460;
E_0x87ed06b00/365 .event anyedge, v0x87eda6940_1457, v0x87eda6940_1458, v0x87eda6940_1459, v0x87eda6940_1460;
v0x87eda6940_1461 .array/port v0x87eda6940, 1461;
v0x87eda6940_1462 .array/port v0x87eda6940, 1462;
v0x87eda6940_1463 .array/port v0x87eda6940, 1463;
v0x87eda6940_1464 .array/port v0x87eda6940, 1464;
E_0x87ed06b00/366 .event anyedge, v0x87eda6940_1461, v0x87eda6940_1462, v0x87eda6940_1463, v0x87eda6940_1464;
v0x87eda6940_1465 .array/port v0x87eda6940, 1465;
v0x87eda6940_1466 .array/port v0x87eda6940, 1466;
v0x87eda6940_1467 .array/port v0x87eda6940, 1467;
v0x87eda6940_1468 .array/port v0x87eda6940, 1468;
E_0x87ed06b00/367 .event anyedge, v0x87eda6940_1465, v0x87eda6940_1466, v0x87eda6940_1467, v0x87eda6940_1468;
v0x87eda6940_1469 .array/port v0x87eda6940, 1469;
v0x87eda6940_1470 .array/port v0x87eda6940, 1470;
v0x87eda6940_1471 .array/port v0x87eda6940, 1471;
v0x87eda6940_1472 .array/port v0x87eda6940, 1472;
E_0x87ed06b00/368 .event anyedge, v0x87eda6940_1469, v0x87eda6940_1470, v0x87eda6940_1471, v0x87eda6940_1472;
v0x87eda6940_1473 .array/port v0x87eda6940, 1473;
v0x87eda6940_1474 .array/port v0x87eda6940, 1474;
v0x87eda6940_1475 .array/port v0x87eda6940, 1475;
v0x87eda6940_1476 .array/port v0x87eda6940, 1476;
E_0x87ed06b00/369 .event anyedge, v0x87eda6940_1473, v0x87eda6940_1474, v0x87eda6940_1475, v0x87eda6940_1476;
v0x87eda6940_1477 .array/port v0x87eda6940, 1477;
v0x87eda6940_1478 .array/port v0x87eda6940, 1478;
v0x87eda6940_1479 .array/port v0x87eda6940, 1479;
v0x87eda6940_1480 .array/port v0x87eda6940, 1480;
E_0x87ed06b00/370 .event anyedge, v0x87eda6940_1477, v0x87eda6940_1478, v0x87eda6940_1479, v0x87eda6940_1480;
v0x87eda6940_1481 .array/port v0x87eda6940, 1481;
v0x87eda6940_1482 .array/port v0x87eda6940, 1482;
v0x87eda6940_1483 .array/port v0x87eda6940, 1483;
v0x87eda6940_1484 .array/port v0x87eda6940, 1484;
E_0x87ed06b00/371 .event anyedge, v0x87eda6940_1481, v0x87eda6940_1482, v0x87eda6940_1483, v0x87eda6940_1484;
v0x87eda6940_1485 .array/port v0x87eda6940, 1485;
v0x87eda6940_1486 .array/port v0x87eda6940, 1486;
v0x87eda6940_1487 .array/port v0x87eda6940, 1487;
v0x87eda6940_1488 .array/port v0x87eda6940, 1488;
E_0x87ed06b00/372 .event anyedge, v0x87eda6940_1485, v0x87eda6940_1486, v0x87eda6940_1487, v0x87eda6940_1488;
v0x87eda6940_1489 .array/port v0x87eda6940, 1489;
v0x87eda6940_1490 .array/port v0x87eda6940, 1490;
v0x87eda6940_1491 .array/port v0x87eda6940, 1491;
v0x87eda6940_1492 .array/port v0x87eda6940, 1492;
E_0x87ed06b00/373 .event anyedge, v0x87eda6940_1489, v0x87eda6940_1490, v0x87eda6940_1491, v0x87eda6940_1492;
v0x87eda6940_1493 .array/port v0x87eda6940, 1493;
v0x87eda6940_1494 .array/port v0x87eda6940, 1494;
v0x87eda6940_1495 .array/port v0x87eda6940, 1495;
v0x87eda6940_1496 .array/port v0x87eda6940, 1496;
E_0x87ed06b00/374 .event anyedge, v0x87eda6940_1493, v0x87eda6940_1494, v0x87eda6940_1495, v0x87eda6940_1496;
v0x87eda6940_1497 .array/port v0x87eda6940, 1497;
v0x87eda6940_1498 .array/port v0x87eda6940, 1498;
v0x87eda6940_1499 .array/port v0x87eda6940, 1499;
v0x87eda6940_1500 .array/port v0x87eda6940, 1500;
E_0x87ed06b00/375 .event anyedge, v0x87eda6940_1497, v0x87eda6940_1498, v0x87eda6940_1499, v0x87eda6940_1500;
v0x87eda6940_1501 .array/port v0x87eda6940, 1501;
v0x87eda6940_1502 .array/port v0x87eda6940, 1502;
v0x87eda6940_1503 .array/port v0x87eda6940, 1503;
v0x87eda6940_1504 .array/port v0x87eda6940, 1504;
E_0x87ed06b00/376 .event anyedge, v0x87eda6940_1501, v0x87eda6940_1502, v0x87eda6940_1503, v0x87eda6940_1504;
v0x87eda6940_1505 .array/port v0x87eda6940, 1505;
v0x87eda6940_1506 .array/port v0x87eda6940, 1506;
v0x87eda6940_1507 .array/port v0x87eda6940, 1507;
v0x87eda6940_1508 .array/port v0x87eda6940, 1508;
E_0x87ed06b00/377 .event anyedge, v0x87eda6940_1505, v0x87eda6940_1506, v0x87eda6940_1507, v0x87eda6940_1508;
v0x87eda6940_1509 .array/port v0x87eda6940, 1509;
v0x87eda6940_1510 .array/port v0x87eda6940, 1510;
v0x87eda6940_1511 .array/port v0x87eda6940, 1511;
v0x87eda6940_1512 .array/port v0x87eda6940, 1512;
E_0x87ed06b00/378 .event anyedge, v0x87eda6940_1509, v0x87eda6940_1510, v0x87eda6940_1511, v0x87eda6940_1512;
v0x87eda6940_1513 .array/port v0x87eda6940, 1513;
v0x87eda6940_1514 .array/port v0x87eda6940, 1514;
v0x87eda6940_1515 .array/port v0x87eda6940, 1515;
v0x87eda6940_1516 .array/port v0x87eda6940, 1516;
E_0x87ed06b00/379 .event anyedge, v0x87eda6940_1513, v0x87eda6940_1514, v0x87eda6940_1515, v0x87eda6940_1516;
v0x87eda6940_1517 .array/port v0x87eda6940, 1517;
v0x87eda6940_1518 .array/port v0x87eda6940, 1518;
v0x87eda6940_1519 .array/port v0x87eda6940, 1519;
v0x87eda6940_1520 .array/port v0x87eda6940, 1520;
E_0x87ed06b00/380 .event anyedge, v0x87eda6940_1517, v0x87eda6940_1518, v0x87eda6940_1519, v0x87eda6940_1520;
v0x87eda6940_1521 .array/port v0x87eda6940, 1521;
v0x87eda6940_1522 .array/port v0x87eda6940, 1522;
v0x87eda6940_1523 .array/port v0x87eda6940, 1523;
v0x87eda6940_1524 .array/port v0x87eda6940, 1524;
E_0x87ed06b00/381 .event anyedge, v0x87eda6940_1521, v0x87eda6940_1522, v0x87eda6940_1523, v0x87eda6940_1524;
v0x87eda6940_1525 .array/port v0x87eda6940, 1525;
v0x87eda6940_1526 .array/port v0x87eda6940, 1526;
v0x87eda6940_1527 .array/port v0x87eda6940, 1527;
v0x87eda6940_1528 .array/port v0x87eda6940, 1528;
E_0x87ed06b00/382 .event anyedge, v0x87eda6940_1525, v0x87eda6940_1526, v0x87eda6940_1527, v0x87eda6940_1528;
v0x87eda6940_1529 .array/port v0x87eda6940, 1529;
v0x87eda6940_1530 .array/port v0x87eda6940, 1530;
v0x87eda6940_1531 .array/port v0x87eda6940, 1531;
v0x87eda6940_1532 .array/port v0x87eda6940, 1532;
E_0x87ed06b00/383 .event anyedge, v0x87eda6940_1529, v0x87eda6940_1530, v0x87eda6940_1531, v0x87eda6940_1532;
v0x87eda6940_1533 .array/port v0x87eda6940, 1533;
v0x87eda6940_1534 .array/port v0x87eda6940, 1534;
v0x87eda6940_1535 .array/port v0x87eda6940, 1535;
v0x87eda6940_1536 .array/port v0x87eda6940, 1536;
E_0x87ed06b00/384 .event anyedge, v0x87eda6940_1533, v0x87eda6940_1534, v0x87eda6940_1535, v0x87eda6940_1536;
v0x87eda6940_1537 .array/port v0x87eda6940, 1537;
v0x87eda6940_1538 .array/port v0x87eda6940, 1538;
v0x87eda6940_1539 .array/port v0x87eda6940, 1539;
v0x87eda6940_1540 .array/port v0x87eda6940, 1540;
E_0x87ed06b00/385 .event anyedge, v0x87eda6940_1537, v0x87eda6940_1538, v0x87eda6940_1539, v0x87eda6940_1540;
v0x87eda6940_1541 .array/port v0x87eda6940, 1541;
v0x87eda6940_1542 .array/port v0x87eda6940, 1542;
v0x87eda6940_1543 .array/port v0x87eda6940, 1543;
v0x87eda6940_1544 .array/port v0x87eda6940, 1544;
E_0x87ed06b00/386 .event anyedge, v0x87eda6940_1541, v0x87eda6940_1542, v0x87eda6940_1543, v0x87eda6940_1544;
v0x87eda6940_1545 .array/port v0x87eda6940, 1545;
v0x87eda6940_1546 .array/port v0x87eda6940, 1546;
v0x87eda6940_1547 .array/port v0x87eda6940, 1547;
v0x87eda6940_1548 .array/port v0x87eda6940, 1548;
E_0x87ed06b00/387 .event anyedge, v0x87eda6940_1545, v0x87eda6940_1546, v0x87eda6940_1547, v0x87eda6940_1548;
v0x87eda6940_1549 .array/port v0x87eda6940, 1549;
v0x87eda6940_1550 .array/port v0x87eda6940, 1550;
v0x87eda6940_1551 .array/port v0x87eda6940, 1551;
v0x87eda6940_1552 .array/port v0x87eda6940, 1552;
E_0x87ed06b00/388 .event anyedge, v0x87eda6940_1549, v0x87eda6940_1550, v0x87eda6940_1551, v0x87eda6940_1552;
v0x87eda6940_1553 .array/port v0x87eda6940, 1553;
v0x87eda6940_1554 .array/port v0x87eda6940, 1554;
v0x87eda6940_1555 .array/port v0x87eda6940, 1555;
v0x87eda6940_1556 .array/port v0x87eda6940, 1556;
E_0x87ed06b00/389 .event anyedge, v0x87eda6940_1553, v0x87eda6940_1554, v0x87eda6940_1555, v0x87eda6940_1556;
v0x87eda6940_1557 .array/port v0x87eda6940, 1557;
v0x87eda6940_1558 .array/port v0x87eda6940, 1558;
v0x87eda6940_1559 .array/port v0x87eda6940, 1559;
v0x87eda6940_1560 .array/port v0x87eda6940, 1560;
E_0x87ed06b00/390 .event anyedge, v0x87eda6940_1557, v0x87eda6940_1558, v0x87eda6940_1559, v0x87eda6940_1560;
v0x87eda6940_1561 .array/port v0x87eda6940, 1561;
v0x87eda6940_1562 .array/port v0x87eda6940, 1562;
v0x87eda6940_1563 .array/port v0x87eda6940, 1563;
v0x87eda6940_1564 .array/port v0x87eda6940, 1564;
E_0x87ed06b00/391 .event anyedge, v0x87eda6940_1561, v0x87eda6940_1562, v0x87eda6940_1563, v0x87eda6940_1564;
v0x87eda6940_1565 .array/port v0x87eda6940, 1565;
v0x87eda6940_1566 .array/port v0x87eda6940, 1566;
v0x87eda6940_1567 .array/port v0x87eda6940, 1567;
v0x87eda6940_1568 .array/port v0x87eda6940, 1568;
E_0x87ed06b00/392 .event anyedge, v0x87eda6940_1565, v0x87eda6940_1566, v0x87eda6940_1567, v0x87eda6940_1568;
v0x87eda6940_1569 .array/port v0x87eda6940, 1569;
v0x87eda6940_1570 .array/port v0x87eda6940, 1570;
v0x87eda6940_1571 .array/port v0x87eda6940, 1571;
v0x87eda6940_1572 .array/port v0x87eda6940, 1572;
E_0x87ed06b00/393 .event anyedge, v0x87eda6940_1569, v0x87eda6940_1570, v0x87eda6940_1571, v0x87eda6940_1572;
v0x87eda6940_1573 .array/port v0x87eda6940, 1573;
v0x87eda6940_1574 .array/port v0x87eda6940, 1574;
v0x87eda6940_1575 .array/port v0x87eda6940, 1575;
v0x87eda6940_1576 .array/port v0x87eda6940, 1576;
E_0x87ed06b00/394 .event anyedge, v0x87eda6940_1573, v0x87eda6940_1574, v0x87eda6940_1575, v0x87eda6940_1576;
v0x87eda6940_1577 .array/port v0x87eda6940, 1577;
v0x87eda6940_1578 .array/port v0x87eda6940, 1578;
v0x87eda6940_1579 .array/port v0x87eda6940, 1579;
v0x87eda6940_1580 .array/port v0x87eda6940, 1580;
E_0x87ed06b00/395 .event anyedge, v0x87eda6940_1577, v0x87eda6940_1578, v0x87eda6940_1579, v0x87eda6940_1580;
v0x87eda6940_1581 .array/port v0x87eda6940, 1581;
v0x87eda6940_1582 .array/port v0x87eda6940, 1582;
v0x87eda6940_1583 .array/port v0x87eda6940, 1583;
v0x87eda6940_1584 .array/port v0x87eda6940, 1584;
E_0x87ed06b00/396 .event anyedge, v0x87eda6940_1581, v0x87eda6940_1582, v0x87eda6940_1583, v0x87eda6940_1584;
v0x87eda6940_1585 .array/port v0x87eda6940, 1585;
v0x87eda6940_1586 .array/port v0x87eda6940, 1586;
v0x87eda6940_1587 .array/port v0x87eda6940, 1587;
v0x87eda6940_1588 .array/port v0x87eda6940, 1588;
E_0x87ed06b00/397 .event anyedge, v0x87eda6940_1585, v0x87eda6940_1586, v0x87eda6940_1587, v0x87eda6940_1588;
v0x87eda6940_1589 .array/port v0x87eda6940, 1589;
v0x87eda6940_1590 .array/port v0x87eda6940, 1590;
v0x87eda6940_1591 .array/port v0x87eda6940, 1591;
v0x87eda6940_1592 .array/port v0x87eda6940, 1592;
E_0x87ed06b00/398 .event anyedge, v0x87eda6940_1589, v0x87eda6940_1590, v0x87eda6940_1591, v0x87eda6940_1592;
v0x87eda6940_1593 .array/port v0x87eda6940, 1593;
v0x87eda6940_1594 .array/port v0x87eda6940, 1594;
v0x87eda6940_1595 .array/port v0x87eda6940, 1595;
v0x87eda6940_1596 .array/port v0x87eda6940, 1596;
E_0x87ed06b00/399 .event anyedge, v0x87eda6940_1593, v0x87eda6940_1594, v0x87eda6940_1595, v0x87eda6940_1596;
v0x87eda6940_1597 .array/port v0x87eda6940, 1597;
v0x87eda6940_1598 .array/port v0x87eda6940, 1598;
v0x87eda6940_1599 .array/port v0x87eda6940, 1599;
v0x87eda6940_1600 .array/port v0x87eda6940, 1600;
E_0x87ed06b00/400 .event anyedge, v0x87eda6940_1597, v0x87eda6940_1598, v0x87eda6940_1599, v0x87eda6940_1600;
v0x87eda6940_1601 .array/port v0x87eda6940, 1601;
v0x87eda6940_1602 .array/port v0x87eda6940, 1602;
v0x87eda6940_1603 .array/port v0x87eda6940, 1603;
v0x87eda6940_1604 .array/port v0x87eda6940, 1604;
E_0x87ed06b00/401 .event anyedge, v0x87eda6940_1601, v0x87eda6940_1602, v0x87eda6940_1603, v0x87eda6940_1604;
v0x87eda6940_1605 .array/port v0x87eda6940, 1605;
v0x87eda6940_1606 .array/port v0x87eda6940, 1606;
v0x87eda6940_1607 .array/port v0x87eda6940, 1607;
v0x87eda6940_1608 .array/port v0x87eda6940, 1608;
E_0x87ed06b00/402 .event anyedge, v0x87eda6940_1605, v0x87eda6940_1606, v0x87eda6940_1607, v0x87eda6940_1608;
v0x87eda6940_1609 .array/port v0x87eda6940, 1609;
v0x87eda6940_1610 .array/port v0x87eda6940, 1610;
v0x87eda6940_1611 .array/port v0x87eda6940, 1611;
v0x87eda6940_1612 .array/port v0x87eda6940, 1612;
E_0x87ed06b00/403 .event anyedge, v0x87eda6940_1609, v0x87eda6940_1610, v0x87eda6940_1611, v0x87eda6940_1612;
v0x87eda6940_1613 .array/port v0x87eda6940, 1613;
v0x87eda6940_1614 .array/port v0x87eda6940, 1614;
v0x87eda6940_1615 .array/port v0x87eda6940, 1615;
v0x87eda6940_1616 .array/port v0x87eda6940, 1616;
E_0x87ed06b00/404 .event anyedge, v0x87eda6940_1613, v0x87eda6940_1614, v0x87eda6940_1615, v0x87eda6940_1616;
v0x87eda6940_1617 .array/port v0x87eda6940, 1617;
v0x87eda6940_1618 .array/port v0x87eda6940, 1618;
v0x87eda6940_1619 .array/port v0x87eda6940, 1619;
v0x87eda6940_1620 .array/port v0x87eda6940, 1620;
E_0x87ed06b00/405 .event anyedge, v0x87eda6940_1617, v0x87eda6940_1618, v0x87eda6940_1619, v0x87eda6940_1620;
v0x87eda6940_1621 .array/port v0x87eda6940, 1621;
v0x87eda6940_1622 .array/port v0x87eda6940, 1622;
v0x87eda6940_1623 .array/port v0x87eda6940, 1623;
v0x87eda6940_1624 .array/port v0x87eda6940, 1624;
E_0x87ed06b00/406 .event anyedge, v0x87eda6940_1621, v0x87eda6940_1622, v0x87eda6940_1623, v0x87eda6940_1624;
v0x87eda6940_1625 .array/port v0x87eda6940, 1625;
v0x87eda6940_1626 .array/port v0x87eda6940, 1626;
v0x87eda6940_1627 .array/port v0x87eda6940, 1627;
v0x87eda6940_1628 .array/port v0x87eda6940, 1628;
E_0x87ed06b00/407 .event anyedge, v0x87eda6940_1625, v0x87eda6940_1626, v0x87eda6940_1627, v0x87eda6940_1628;
v0x87eda6940_1629 .array/port v0x87eda6940, 1629;
v0x87eda6940_1630 .array/port v0x87eda6940, 1630;
v0x87eda6940_1631 .array/port v0x87eda6940, 1631;
v0x87eda6940_1632 .array/port v0x87eda6940, 1632;
E_0x87ed06b00/408 .event anyedge, v0x87eda6940_1629, v0x87eda6940_1630, v0x87eda6940_1631, v0x87eda6940_1632;
v0x87eda6940_1633 .array/port v0x87eda6940, 1633;
v0x87eda6940_1634 .array/port v0x87eda6940, 1634;
v0x87eda6940_1635 .array/port v0x87eda6940, 1635;
v0x87eda6940_1636 .array/port v0x87eda6940, 1636;
E_0x87ed06b00/409 .event anyedge, v0x87eda6940_1633, v0x87eda6940_1634, v0x87eda6940_1635, v0x87eda6940_1636;
v0x87eda6940_1637 .array/port v0x87eda6940, 1637;
v0x87eda6940_1638 .array/port v0x87eda6940, 1638;
v0x87eda6940_1639 .array/port v0x87eda6940, 1639;
v0x87eda6940_1640 .array/port v0x87eda6940, 1640;
E_0x87ed06b00/410 .event anyedge, v0x87eda6940_1637, v0x87eda6940_1638, v0x87eda6940_1639, v0x87eda6940_1640;
v0x87eda6940_1641 .array/port v0x87eda6940, 1641;
v0x87eda6940_1642 .array/port v0x87eda6940, 1642;
v0x87eda6940_1643 .array/port v0x87eda6940, 1643;
v0x87eda6940_1644 .array/port v0x87eda6940, 1644;
E_0x87ed06b00/411 .event anyedge, v0x87eda6940_1641, v0x87eda6940_1642, v0x87eda6940_1643, v0x87eda6940_1644;
v0x87eda6940_1645 .array/port v0x87eda6940, 1645;
v0x87eda6940_1646 .array/port v0x87eda6940, 1646;
v0x87eda6940_1647 .array/port v0x87eda6940, 1647;
v0x87eda6940_1648 .array/port v0x87eda6940, 1648;
E_0x87ed06b00/412 .event anyedge, v0x87eda6940_1645, v0x87eda6940_1646, v0x87eda6940_1647, v0x87eda6940_1648;
v0x87eda6940_1649 .array/port v0x87eda6940, 1649;
v0x87eda6940_1650 .array/port v0x87eda6940, 1650;
v0x87eda6940_1651 .array/port v0x87eda6940, 1651;
v0x87eda6940_1652 .array/port v0x87eda6940, 1652;
E_0x87ed06b00/413 .event anyedge, v0x87eda6940_1649, v0x87eda6940_1650, v0x87eda6940_1651, v0x87eda6940_1652;
v0x87eda6940_1653 .array/port v0x87eda6940, 1653;
v0x87eda6940_1654 .array/port v0x87eda6940, 1654;
v0x87eda6940_1655 .array/port v0x87eda6940, 1655;
v0x87eda6940_1656 .array/port v0x87eda6940, 1656;
E_0x87ed06b00/414 .event anyedge, v0x87eda6940_1653, v0x87eda6940_1654, v0x87eda6940_1655, v0x87eda6940_1656;
v0x87eda6940_1657 .array/port v0x87eda6940, 1657;
v0x87eda6940_1658 .array/port v0x87eda6940, 1658;
v0x87eda6940_1659 .array/port v0x87eda6940, 1659;
v0x87eda6940_1660 .array/port v0x87eda6940, 1660;
E_0x87ed06b00/415 .event anyedge, v0x87eda6940_1657, v0x87eda6940_1658, v0x87eda6940_1659, v0x87eda6940_1660;
v0x87eda6940_1661 .array/port v0x87eda6940, 1661;
v0x87eda6940_1662 .array/port v0x87eda6940, 1662;
v0x87eda6940_1663 .array/port v0x87eda6940, 1663;
v0x87eda6940_1664 .array/port v0x87eda6940, 1664;
E_0x87ed06b00/416 .event anyedge, v0x87eda6940_1661, v0x87eda6940_1662, v0x87eda6940_1663, v0x87eda6940_1664;
v0x87eda6940_1665 .array/port v0x87eda6940, 1665;
v0x87eda6940_1666 .array/port v0x87eda6940, 1666;
v0x87eda6940_1667 .array/port v0x87eda6940, 1667;
v0x87eda6940_1668 .array/port v0x87eda6940, 1668;
E_0x87ed06b00/417 .event anyedge, v0x87eda6940_1665, v0x87eda6940_1666, v0x87eda6940_1667, v0x87eda6940_1668;
v0x87eda6940_1669 .array/port v0x87eda6940, 1669;
v0x87eda6940_1670 .array/port v0x87eda6940, 1670;
v0x87eda6940_1671 .array/port v0x87eda6940, 1671;
v0x87eda6940_1672 .array/port v0x87eda6940, 1672;
E_0x87ed06b00/418 .event anyedge, v0x87eda6940_1669, v0x87eda6940_1670, v0x87eda6940_1671, v0x87eda6940_1672;
v0x87eda6940_1673 .array/port v0x87eda6940, 1673;
v0x87eda6940_1674 .array/port v0x87eda6940, 1674;
v0x87eda6940_1675 .array/port v0x87eda6940, 1675;
v0x87eda6940_1676 .array/port v0x87eda6940, 1676;
E_0x87ed06b00/419 .event anyedge, v0x87eda6940_1673, v0x87eda6940_1674, v0x87eda6940_1675, v0x87eda6940_1676;
v0x87eda6940_1677 .array/port v0x87eda6940, 1677;
v0x87eda6940_1678 .array/port v0x87eda6940, 1678;
v0x87eda6940_1679 .array/port v0x87eda6940, 1679;
v0x87eda6940_1680 .array/port v0x87eda6940, 1680;
E_0x87ed06b00/420 .event anyedge, v0x87eda6940_1677, v0x87eda6940_1678, v0x87eda6940_1679, v0x87eda6940_1680;
v0x87eda6940_1681 .array/port v0x87eda6940, 1681;
v0x87eda6940_1682 .array/port v0x87eda6940, 1682;
v0x87eda6940_1683 .array/port v0x87eda6940, 1683;
v0x87eda6940_1684 .array/port v0x87eda6940, 1684;
E_0x87ed06b00/421 .event anyedge, v0x87eda6940_1681, v0x87eda6940_1682, v0x87eda6940_1683, v0x87eda6940_1684;
v0x87eda6940_1685 .array/port v0x87eda6940, 1685;
v0x87eda6940_1686 .array/port v0x87eda6940, 1686;
v0x87eda6940_1687 .array/port v0x87eda6940, 1687;
v0x87eda6940_1688 .array/port v0x87eda6940, 1688;
E_0x87ed06b00/422 .event anyedge, v0x87eda6940_1685, v0x87eda6940_1686, v0x87eda6940_1687, v0x87eda6940_1688;
v0x87eda6940_1689 .array/port v0x87eda6940, 1689;
v0x87eda6940_1690 .array/port v0x87eda6940, 1690;
v0x87eda6940_1691 .array/port v0x87eda6940, 1691;
v0x87eda6940_1692 .array/port v0x87eda6940, 1692;
E_0x87ed06b00/423 .event anyedge, v0x87eda6940_1689, v0x87eda6940_1690, v0x87eda6940_1691, v0x87eda6940_1692;
v0x87eda6940_1693 .array/port v0x87eda6940, 1693;
v0x87eda6940_1694 .array/port v0x87eda6940, 1694;
v0x87eda6940_1695 .array/port v0x87eda6940, 1695;
v0x87eda6940_1696 .array/port v0x87eda6940, 1696;
E_0x87ed06b00/424 .event anyedge, v0x87eda6940_1693, v0x87eda6940_1694, v0x87eda6940_1695, v0x87eda6940_1696;
v0x87eda6940_1697 .array/port v0x87eda6940, 1697;
v0x87eda6940_1698 .array/port v0x87eda6940, 1698;
v0x87eda6940_1699 .array/port v0x87eda6940, 1699;
v0x87eda6940_1700 .array/port v0x87eda6940, 1700;
E_0x87ed06b00/425 .event anyedge, v0x87eda6940_1697, v0x87eda6940_1698, v0x87eda6940_1699, v0x87eda6940_1700;
v0x87eda6940_1701 .array/port v0x87eda6940, 1701;
v0x87eda6940_1702 .array/port v0x87eda6940, 1702;
v0x87eda6940_1703 .array/port v0x87eda6940, 1703;
v0x87eda6940_1704 .array/port v0x87eda6940, 1704;
E_0x87ed06b00/426 .event anyedge, v0x87eda6940_1701, v0x87eda6940_1702, v0x87eda6940_1703, v0x87eda6940_1704;
v0x87eda6940_1705 .array/port v0x87eda6940, 1705;
v0x87eda6940_1706 .array/port v0x87eda6940, 1706;
v0x87eda6940_1707 .array/port v0x87eda6940, 1707;
v0x87eda6940_1708 .array/port v0x87eda6940, 1708;
E_0x87ed06b00/427 .event anyedge, v0x87eda6940_1705, v0x87eda6940_1706, v0x87eda6940_1707, v0x87eda6940_1708;
v0x87eda6940_1709 .array/port v0x87eda6940, 1709;
v0x87eda6940_1710 .array/port v0x87eda6940, 1710;
v0x87eda6940_1711 .array/port v0x87eda6940, 1711;
v0x87eda6940_1712 .array/port v0x87eda6940, 1712;
E_0x87ed06b00/428 .event anyedge, v0x87eda6940_1709, v0x87eda6940_1710, v0x87eda6940_1711, v0x87eda6940_1712;
v0x87eda6940_1713 .array/port v0x87eda6940, 1713;
v0x87eda6940_1714 .array/port v0x87eda6940, 1714;
v0x87eda6940_1715 .array/port v0x87eda6940, 1715;
v0x87eda6940_1716 .array/port v0x87eda6940, 1716;
E_0x87ed06b00/429 .event anyedge, v0x87eda6940_1713, v0x87eda6940_1714, v0x87eda6940_1715, v0x87eda6940_1716;
v0x87eda6940_1717 .array/port v0x87eda6940, 1717;
v0x87eda6940_1718 .array/port v0x87eda6940, 1718;
v0x87eda6940_1719 .array/port v0x87eda6940, 1719;
v0x87eda6940_1720 .array/port v0x87eda6940, 1720;
E_0x87ed06b00/430 .event anyedge, v0x87eda6940_1717, v0x87eda6940_1718, v0x87eda6940_1719, v0x87eda6940_1720;
v0x87eda6940_1721 .array/port v0x87eda6940, 1721;
v0x87eda6940_1722 .array/port v0x87eda6940, 1722;
v0x87eda6940_1723 .array/port v0x87eda6940, 1723;
v0x87eda6940_1724 .array/port v0x87eda6940, 1724;
E_0x87ed06b00/431 .event anyedge, v0x87eda6940_1721, v0x87eda6940_1722, v0x87eda6940_1723, v0x87eda6940_1724;
v0x87eda6940_1725 .array/port v0x87eda6940, 1725;
v0x87eda6940_1726 .array/port v0x87eda6940, 1726;
v0x87eda6940_1727 .array/port v0x87eda6940, 1727;
v0x87eda6940_1728 .array/port v0x87eda6940, 1728;
E_0x87ed06b00/432 .event anyedge, v0x87eda6940_1725, v0x87eda6940_1726, v0x87eda6940_1727, v0x87eda6940_1728;
v0x87eda6940_1729 .array/port v0x87eda6940, 1729;
v0x87eda6940_1730 .array/port v0x87eda6940, 1730;
v0x87eda6940_1731 .array/port v0x87eda6940, 1731;
v0x87eda6940_1732 .array/port v0x87eda6940, 1732;
E_0x87ed06b00/433 .event anyedge, v0x87eda6940_1729, v0x87eda6940_1730, v0x87eda6940_1731, v0x87eda6940_1732;
v0x87eda6940_1733 .array/port v0x87eda6940, 1733;
v0x87eda6940_1734 .array/port v0x87eda6940, 1734;
v0x87eda6940_1735 .array/port v0x87eda6940, 1735;
v0x87eda6940_1736 .array/port v0x87eda6940, 1736;
E_0x87ed06b00/434 .event anyedge, v0x87eda6940_1733, v0x87eda6940_1734, v0x87eda6940_1735, v0x87eda6940_1736;
v0x87eda6940_1737 .array/port v0x87eda6940, 1737;
v0x87eda6940_1738 .array/port v0x87eda6940, 1738;
v0x87eda6940_1739 .array/port v0x87eda6940, 1739;
v0x87eda6940_1740 .array/port v0x87eda6940, 1740;
E_0x87ed06b00/435 .event anyedge, v0x87eda6940_1737, v0x87eda6940_1738, v0x87eda6940_1739, v0x87eda6940_1740;
v0x87eda6940_1741 .array/port v0x87eda6940, 1741;
v0x87eda6940_1742 .array/port v0x87eda6940, 1742;
v0x87eda6940_1743 .array/port v0x87eda6940, 1743;
v0x87eda6940_1744 .array/port v0x87eda6940, 1744;
E_0x87ed06b00/436 .event anyedge, v0x87eda6940_1741, v0x87eda6940_1742, v0x87eda6940_1743, v0x87eda6940_1744;
v0x87eda6940_1745 .array/port v0x87eda6940, 1745;
v0x87eda6940_1746 .array/port v0x87eda6940, 1746;
v0x87eda6940_1747 .array/port v0x87eda6940, 1747;
v0x87eda6940_1748 .array/port v0x87eda6940, 1748;
E_0x87ed06b00/437 .event anyedge, v0x87eda6940_1745, v0x87eda6940_1746, v0x87eda6940_1747, v0x87eda6940_1748;
v0x87eda6940_1749 .array/port v0x87eda6940, 1749;
v0x87eda6940_1750 .array/port v0x87eda6940, 1750;
v0x87eda6940_1751 .array/port v0x87eda6940, 1751;
v0x87eda6940_1752 .array/port v0x87eda6940, 1752;
E_0x87ed06b00/438 .event anyedge, v0x87eda6940_1749, v0x87eda6940_1750, v0x87eda6940_1751, v0x87eda6940_1752;
v0x87eda6940_1753 .array/port v0x87eda6940, 1753;
v0x87eda6940_1754 .array/port v0x87eda6940, 1754;
v0x87eda6940_1755 .array/port v0x87eda6940, 1755;
v0x87eda6940_1756 .array/port v0x87eda6940, 1756;
E_0x87ed06b00/439 .event anyedge, v0x87eda6940_1753, v0x87eda6940_1754, v0x87eda6940_1755, v0x87eda6940_1756;
v0x87eda6940_1757 .array/port v0x87eda6940, 1757;
v0x87eda6940_1758 .array/port v0x87eda6940, 1758;
v0x87eda6940_1759 .array/port v0x87eda6940, 1759;
v0x87eda6940_1760 .array/port v0x87eda6940, 1760;
E_0x87ed06b00/440 .event anyedge, v0x87eda6940_1757, v0x87eda6940_1758, v0x87eda6940_1759, v0x87eda6940_1760;
v0x87eda6940_1761 .array/port v0x87eda6940, 1761;
v0x87eda6940_1762 .array/port v0x87eda6940, 1762;
v0x87eda6940_1763 .array/port v0x87eda6940, 1763;
v0x87eda6940_1764 .array/port v0x87eda6940, 1764;
E_0x87ed06b00/441 .event anyedge, v0x87eda6940_1761, v0x87eda6940_1762, v0x87eda6940_1763, v0x87eda6940_1764;
v0x87eda6940_1765 .array/port v0x87eda6940, 1765;
v0x87eda6940_1766 .array/port v0x87eda6940, 1766;
v0x87eda6940_1767 .array/port v0x87eda6940, 1767;
v0x87eda6940_1768 .array/port v0x87eda6940, 1768;
E_0x87ed06b00/442 .event anyedge, v0x87eda6940_1765, v0x87eda6940_1766, v0x87eda6940_1767, v0x87eda6940_1768;
v0x87eda6940_1769 .array/port v0x87eda6940, 1769;
v0x87eda6940_1770 .array/port v0x87eda6940, 1770;
v0x87eda6940_1771 .array/port v0x87eda6940, 1771;
v0x87eda6940_1772 .array/port v0x87eda6940, 1772;
E_0x87ed06b00/443 .event anyedge, v0x87eda6940_1769, v0x87eda6940_1770, v0x87eda6940_1771, v0x87eda6940_1772;
v0x87eda6940_1773 .array/port v0x87eda6940, 1773;
v0x87eda6940_1774 .array/port v0x87eda6940, 1774;
v0x87eda6940_1775 .array/port v0x87eda6940, 1775;
v0x87eda6940_1776 .array/port v0x87eda6940, 1776;
E_0x87ed06b00/444 .event anyedge, v0x87eda6940_1773, v0x87eda6940_1774, v0x87eda6940_1775, v0x87eda6940_1776;
v0x87eda6940_1777 .array/port v0x87eda6940, 1777;
v0x87eda6940_1778 .array/port v0x87eda6940, 1778;
v0x87eda6940_1779 .array/port v0x87eda6940, 1779;
v0x87eda6940_1780 .array/port v0x87eda6940, 1780;
E_0x87ed06b00/445 .event anyedge, v0x87eda6940_1777, v0x87eda6940_1778, v0x87eda6940_1779, v0x87eda6940_1780;
v0x87eda6940_1781 .array/port v0x87eda6940, 1781;
v0x87eda6940_1782 .array/port v0x87eda6940, 1782;
v0x87eda6940_1783 .array/port v0x87eda6940, 1783;
v0x87eda6940_1784 .array/port v0x87eda6940, 1784;
E_0x87ed06b00/446 .event anyedge, v0x87eda6940_1781, v0x87eda6940_1782, v0x87eda6940_1783, v0x87eda6940_1784;
v0x87eda6940_1785 .array/port v0x87eda6940, 1785;
v0x87eda6940_1786 .array/port v0x87eda6940, 1786;
v0x87eda6940_1787 .array/port v0x87eda6940, 1787;
v0x87eda6940_1788 .array/port v0x87eda6940, 1788;
E_0x87ed06b00/447 .event anyedge, v0x87eda6940_1785, v0x87eda6940_1786, v0x87eda6940_1787, v0x87eda6940_1788;
v0x87eda6940_1789 .array/port v0x87eda6940, 1789;
v0x87eda6940_1790 .array/port v0x87eda6940, 1790;
v0x87eda6940_1791 .array/port v0x87eda6940, 1791;
v0x87eda6940_1792 .array/port v0x87eda6940, 1792;
E_0x87ed06b00/448 .event anyedge, v0x87eda6940_1789, v0x87eda6940_1790, v0x87eda6940_1791, v0x87eda6940_1792;
v0x87eda6940_1793 .array/port v0x87eda6940, 1793;
v0x87eda6940_1794 .array/port v0x87eda6940, 1794;
v0x87eda6940_1795 .array/port v0x87eda6940, 1795;
v0x87eda6940_1796 .array/port v0x87eda6940, 1796;
E_0x87ed06b00/449 .event anyedge, v0x87eda6940_1793, v0x87eda6940_1794, v0x87eda6940_1795, v0x87eda6940_1796;
v0x87eda6940_1797 .array/port v0x87eda6940, 1797;
v0x87eda6940_1798 .array/port v0x87eda6940, 1798;
v0x87eda6940_1799 .array/port v0x87eda6940, 1799;
v0x87eda6940_1800 .array/port v0x87eda6940, 1800;
E_0x87ed06b00/450 .event anyedge, v0x87eda6940_1797, v0x87eda6940_1798, v0x87eda6940_1799, v0x87eda6940_1800;
v0x87eda6940_1801 .array/port v0x87eda6940, 1801;
v0x87eda6940_1802 .array/port v0x87eda6940, 1802;
v0x87eda6940_1803 .array/port v0x87eda6940, 1803;
v0x87eda6940_1804 .array/port v0x87eda6940, 1804;
E_0x87ed06b00/451 .event anyedge, v0x87eda6940_1801, v0x87eda6940_1802, v0x87eda6940_1803, v0x87eda6940_1804;
v0x87eda6940_1805 .array/port v0x87eda6940, 1805;
v0x87eda6940_1806 .array/port v0x87eda6940, 1806;
v0x87eda6940_1807 .array/port v0x87eda6940, 1807;
v0x87eda6940_1808 .array/port v0x87eda6940, 1808;
E_0x87ed06b00/452 .event anyedge, v0x87eda6940_1805, v0x87eda6940_1806, v0x87eda6940_1807, v0x87eda6940_1808;
v0x87eda6940_1809 .array/port v0x87eda6940, 1809;
v0x87eda6940_1810 .array/port v0x87eda6940, 1810;
v0x87eda6940_1811 .array/port v0x87eda6940, 1811;
v0x87eda6940_1812 .array/port v0x87eda6940, 1812;
E_0x87ed06b00/453 .event anyedge, v0x87eda6940_1809, v0x87eda6940_1810, v0x87eda6940_1811, v0x87eda6940_1812;
v0x87eda6940_1813 .array/port v0x87eda6940, 1813;
v0x87eda6940_1814 .array/port v0x87eda6940, 1814;
v0x87eda6940_1815 .array/port v0x87eda6940, 1815;
v0x87eda6940_1816 .array/port v0x87eda6940, 1816;
E_0x87ed06b00/454 .event anyedge, v0x87eda6940_1813, v0x87eda6940_1814, v0x87eda6940_1815, v0x87eda6940_1816;
v0x87eda6940_1817 .array/port v0x87eda6940, 1817;
v0x87eda6940_1818 .array/port v0x87eda6940, 1818;
v0x87eda6940_1819 .array/port v0x87eda6940, 1819;
v0x87eda6940_1820 .array/port v0x87eda6940, 1820;
E_0x87ed06b00/455 .event anyedge, v0x87eda6940_1817, v0x87eda6940_1818, v0x87eda6940_1819, v0x87eda6940_1820;
v0x87eda6940_1821 .array/port v0x87eda6940, 1821;
v0x87eda6940_1822 .array/port v0x87eda6940, 1822;
v0x87eda6940_1823 .array/port v0x87eda6940, 1823;
v0x87eda6940_1824 .array/port v0x87eda6940, 1824;
E_0x87ed06b00/456 .event anyedge, v0x87eda6940_1821, v0x87eda6940_1822, v0x87eda6940_1823, v0x87eda6940_1824;
v0x87eda6940_1825 .array/port v0x87eda6940, 1825;
v0x87eda6940_1826 .array/port v0x87eda6940, 1826;
v0x87eda6940_1827 .array/port v0x87eda6940, 1827;
v0x87eda6940_1828 .array/port v0x87eda6940, 1828;
E_0x87ed06b00/457 .event anyedge, v0x87eda6940_1825, v0x87eda6940_1826, v0x87eda6940_1827, v0x87eda6940_1828;
v0x87eda6940_1829 .array/port v0x87eda6940, 1829;
v0x87eda6940_1830 .array/port v0x87eda6940, 1830;
v0x87eda6940_1831 .array/port v0x87eda6940, 1831;
v0x87eda6940_1832 .array/port v0x87eda6940, 1832;
E_0x87ed06b00/458 .event anyedge, v0x87eda6940_1829, v0x87eda6940_1830, v0x87eda6940_1831, v0x87eda6940_1832;
v0x87eda6940_1833 .array/port v0x87eda6940, 1833;
v0x87eda6940_1834 .array/port v0x87eda6940, 1834;
v0x87eda6940_1835 .array/port v0x87eda6940, 1835;
v0x87eda6940_1836 .array/port v0x87eda6940, 1836;
E_0x87ed06b00/459 .event anyedge, v0x87eda6940_1833, v0x87eda6940_1834, v0x87eda6940_1835, v0x87eda6940_1836;
v0x87eda6940_1837 .array/port v0x87eda6940, 1837;
v0x87eda6940_1838 .array/port v0x87eda6940, 1838;
v0x87eda6940_1839 .array/port v0x87eda6940, 1839;
v0x87eda6940_1840 .array/port v0x87eda6940, 1840;
E_0x87ed06b00/460 .event anyedge, v0x87eda6940_1837, v0x87eda6940_1838, v0x87eda6940_1839, v0x87eda6940_1840;
v0x87eda6940_1841 .array/port v0x87eda6940, 1841;
v0x87eda6940_1842 .array/port v0x87eda6940, 1842;
v0x87eda6940_1843 .array/port v0x87eda6940, 1843;
v0x87eda6940_1844 .array/port v0x87eda6940, 1844;
E_0x87ed06b00/461 .event anyedge, v0x87eda6940_1841, v0x87eda6940_1842, v0x87eda6940_1843, v0x87eda6940_1844;
v0x87eda6940_1845 .array/port v0x87eda6940, 1845;
v0x87eda6940_1846 .array/port v0x87eda6940, 1846;
v0x87eda6940_1847 .array/port v0x87eda6940, 1847;
v0x87eda6940_1848 .array/port v0x87eda6940, 1848;
E_0x87ed06b00/462 .event anyedge, v0x87eda6940_1845, v0x87eda6940_1846, v0x87eda6940_1847, v0x87eda6940_1848;
v0x87eda6940_1849 .array/port v0x87eda6940, 1849;
v0x87eda6940_1850 .array/port v0x87eda6940, 1850;
v0x87eda6940_1851 .array/port v0x87eda6940, 1851;
v0x87eda6940_1852 .array/port v0x87eda6940, 1852;
E_0x87ed06b00/463 .event anyedge, v0x87eda6940_1849, v0x87eda6940_1850, v0x87eda6940_1851, v0x87eda6940_1852;
v0x87eda6940_1853 .array/port v0x87eda6940, 1853;
v0x87eda6940_1854 .array/port v0x87eda6940, 1854;
v0x87eda6940_1855 .array/port v0x87eda6940, 1855;
v0x87eda6940_1856 .array/port v0x87eda6940, 1856;
E_0x87ed06b00/464 .event anyedge, v0x87eda6940_1853, v0x87eda6940_1854, v0x87eda6940_1855, v0x87eda6940_1856;
v0x87eda6940_1857 .array/port v0x87eda6940, 1857;
v0x87eda6940_1858 .array/port v0x87eda6940, 1858;
v0x87eda6940_1859 .array/port v0x87eda6940, 1859;
v0x87eda6940_1860 .array/port v0x87eda6940, 1860;
E_0x87ed06b00/465 .event anyedge, v0x87eda6940_1857, v0x87eda6940_1858, v0x87eda6940_1859, v0x87eda6940_1860;
v0x87eda6940_1861 .array/port v0x87eda6940, 1861;
v0x87eda6940_1862 .array/port v0x87eda6940, 1862;
v0x87eda6940_1863 .array/port v0x87eda6940, 1863;
v0x87eda6940_1864 .array/port v0x87eda6940, 1864;
E_0x87ed06b00/466 .event anyedge, v0x87eda6940_1861, v0x87eda6940_1862, v0x87eda6940_1863, v0x87eda6940_1864;
v0x87eda6940_1865 .array/port v0x87eda6940, 1865;
v0x87eda6940_1866 .array/port v0x87eda6940, 1866;
v0x87eda6940_1867 .array/port v0x87eda6940, 1867;
v0x87eda6940_1868 .array/port v0x87eda6940, 1868;
E_0x87ed06b00/467 .event anyedge, v0x87eda6940_1865, v0x87eda6940_1866, v0x87eda6940_1867, v0x87eda6940_1868;
v0x87eda6940_1869 .array/port v0x87eda6940, 1869;
v0x87eda6940_1870 .array/port v0x87eda6940, 1870;
v0x87eda6940_1871 .array/port v0x87eda6940, 1871;
v0x87eda6940_1872 .array/port v0x87eda6940, 1872;
E_0x87ed06b00/468 .event anyedge, v0x87eda6940_1869, v0x87eda6940_1870, v0x87eda6940_1871, v0x87eda6940_1872;
v0x87eda6940_1873 .array/port v0x87eda6940, 1873;
v0x87eda6940_1874 .array/port v0x87eda6940, 1874;
v0x87eda6940_1875 .array/port v0x87eda6940, 1875;
v0x87eda6940_1876 .array/port v0x87eda6940, 1876;
E_0x87ed06b00/469 .event anyedge, v0x87eda6940_1873, v0x87eda6940_1874, v0x87eda6940_1875, v0x87eda6940_1876;
v0x87eda6940_1877 .array/port v0x87eda6940, 1877;
v0x87eda6940_1878 .array/port v0x87eda6940, 1878;
v0x87eda6940_1879 .array/port v0x87eda6940, 1879;
v0x87eda6940_1880 .array/port v0x87eda6940, 1880;
E_0x87ed06b00/470 .event anyedge, v0x87eda6940_1877, v0x87eda6940_1878, v0x87eda6940_1879, v0x87eda6940_1880;
v0x87eda6940_1881 .array/port v0x87eda6940, 1881;
v0x87eda6940_1882 .array/port v0x87eda6940, 1882;
v0x87eda6940_1883 .array/port v0x87eda6940, 1883;
v0x87eda6940_1884 .array/port v0x87eda6940, 1884;
E_0x87ed06b00/471 .event anyedge, v0x87eda6940_1881, v0x87eda6940_1882, v0x87eda6940_1883, v0x87eda6940_1884;
v0x87eda6940_1885 .array/port v0x87eda6940, 1885;
v0x87eda6940_1886 .array/port v0x87eda6940, 1886;
v0x87eda6940_1887 .array/port v0x87eda6940, 1887;
v0x87eda6940_1888 .array/port v0x87eda6940, 1888;
E_0x87ed06b00/472 .event anyedge, v0x87eda6940_1885, v0x87eda6940_1886, v0x87eda6940_1887, v0x87eda6940_1888;
v0x87eda6940_1889 .array/port v0x87eda6940, 1889;
v0x87eda6940_1890 .array/port v0x87eda6940, 1890;
v0x87eda6940_1891 .array/port v0x87eda6940, 1891;
v0x87eda6940_1892 .array/port v0x87eda6940, 1892;
E_0x87ed06b00/473 .event anyedge, v0x87eda6940_1889, v0x87eda6940_1890, v0x87eda6940_1891, v0x87eda6940_1892;
v0x87eda6940_1893 .array/port v0x87eda6940, 1893;
v0x87eda6940_1894 .array/port v0x87eda6940, 1894;
v0x87eda6940_1895 .array/port v0x87eda6940, 1895;
v0x87eda6940_1896 .array/port v0x87eda6940, 1896;
E_0x87ed06b00/474 .event anyedge, v0x87eda6940_1893, v0x87eda6940_1894, v0x87eda6940_1895, v0x87eda6940_1896;
v0x87eda6940_1897 .array/port v0x87eda6940, 1897;
v0x87eda6940_1898 .array/port v0x87eda6940, 1898;
v0x87eda6940_1899 .array/port v0x87eda6940, 1899;
v0x87eda6940_1900 .array/port v0x87eda6940, 1900;
E_0x87ed06b00/475 .event anyedge, v0x87eda6940_1897, v0x87eda6940_1898, v0x87eda6940_1899, v0x87eda6940_1900;
v0x87eda6940_1901 .array/port v0x87eda6940, 1901;
v0x87eda6940_1902 .array/port v0x87eda6940, 1902;
v0x87eda6940_1903 .array/port v0x87eda6940, 1903;
v0x87eda6940_1904 .array/port v0x87eda6940, 1904;
E_0x87ed06b00/476 .event anyedge, v0x87eda6940_1901, v0x87eda6940_1902, v0x87eda6940_1903, v0x87eda6940_1904;
v0x87eda6940_1905 .array/port v0x87eda6940, 1905;
v0x87eda6940_1906 .array/port v0x87eda6940, 1906;
v0x87eda6940_1907 .array/port v0x87eda6940, 1907;
v0x87eda6940_1908 .array/port v0x87eda6940, 1908;
E_0x87ed06b00/477 .event anyedge, v0x87eda6940_1905, v0x87eda6940_1906, v0x87eda6940_1907, v0x87eda6940_1908;
v0x87eda6940_1909 .array/port v0x87eda6940, 1909;
v0x87eda6940_1910 .array/port v0x87eda6940, 1910;
v0x87eda6940_1911 .array/port v0x87eda6940, 1911;
v0x87eda6940_1912 .array/port v0x87eda6940, 1912;
E_0x87ed06b00/478 .event anyedge, v0x87eda6940_1909, v0x87eda6940_1910, v0x87eda6940_1911, v0x87eda6940_1912;
v0x87eda6940_1913 .array/port v0x87eda6940, 1913;
v0x87eda6940_1914 .array/port v0x87eda6940, 1914;
v0x87eda6940_1915 .array/port v0x87eda6940, 1915;
v0x87eda6940_1916 .array/port v0x87eda6940, 1916;
E_0x87ed06b00/479 .event anyedge, v0x87eda6940_1913, v0x87eda6940_1914, v0x87eda6940_1915, v0x87eda6940_1916;
v0x87eda6940_1917 .array/port v0x87eda6940, 1917;
v0x87eda6940_1918 .array/port v0x87eda6940, 1918;
v0x87eda6940_1919 .array/port v0x87eda6940, 1919;
v0x87eda6940_1920 .array/port v0x87eda6940, 1920;
E_0x87ed06b00/480 .event anyedge, v0x87eda6940_1917, v0x87eda6940_1918, v0x87eda6940_1919, v0x87eda6940_1920;
v0x87eda6940_1921 .array/port v0x87eda6940, 1921;
v0x87eda6940_1922 .array/port v0x87eda6940, 1922;
v0x87eda6940_1923 .array/port v0x87eda6940, 1923;
v0x87eda6940_1924 .array/port v0x87eda6940, 1924;
E_0x87ed06b00/481 .event anyedge, v0x87eda6940_1921, v0x87eda6940_1922, v0x87eda6940_1923, v0x87eda6940_1924;
v0x87eda6940_1925 .array/port v0x87eda6940, 1925;
v0x87eda6940_1926 .array/port v0x87eda6940, 1926;
v0x87eda6940_1927 .array/port v0x87eda6940, 1927;
v0x87eda6940_1928 .array/port v0x87eda6940, 1928;
E_0x87ed06b00/482 .event anyedge, v0x87eda6940_1925, v0x87eda6940_1926, v0x87eda6940_1927, v0x87eda6940_1928;
v0x87eda6940_1929 .array/port v0x87eda6940, 1929;
v0x87eda6940_1930 .array/port v0x87eda6940, 1930;
v0x87eda6940_1931 .array/port v0x87eda6940, 1931;
v0x87eda6940_1932 .array/port v0x87eda6940, 1932;
E_0x87ed06b00/483 .event anyedge, v0x87eda6940_1929, v0x87eda6940_1930, v0x87eda6940_1931, v0x87eda6940_1932;
v0x87eda6940_1933 .array/port v0x87eda6940, 1933;
v0x87eda6940_1934 .array/port v0x87eda6940, 1934;
v0x87eda6940_1935 .array/port v0x87eda6940, 1935;
v0x87eda6940_1936 .array/port v0x87eda6940, 1936;
E_0x87ed06b00/484 .event anyedge, v0x87eda6940_1933, v0x87eda6940_1934, v0x87eda6940_1935, v0x87eda6940_1936;
v0x87eda6940_1937 .array/port v0x87eda6940, 1937;
v0x87eda6940_1938 .array/port v0x87eda6940, 1938;
v0x87eda6940_1939 .array/port v0x87eda6940, 1939;
v0x87eda6940_1940 .array/port v0x87eda6940, 1940;
E_0x87ed06b00/485 .event anyedge, v0x87eda6940_1937, v0x87eda6940_1938, v0x87eda6940_1939, v0x87eda6940_1940;
v0x87eda6940_1941 .array/port v0x87eda6940, 1941;
v0x87eda6940_1942 .array/port v0x87eda6940, 1942;
v0x87eda6940_1943 .array/port v0x87eda6940, 1943;
v0x87eda6940_1944 .array/port v0x87eda6940, 1944;
E_0x87ed06b00/486 .event anyedge, v0x87eda6940_1941, v0x87eda6940_1942, v0x87eda6940_1943, v0x87eda6940_1944;
v0x87eda6940_1945 .array/port v0x87eda6940, 1945;
v0x87eda6940_1946 .array/port v0x87eda6940, 1946;
v0x87eda6940_1947 .array/port v0x87eda6940, 1947;
v0x87eda6940_1948 .array/port v0x87eda6940, 1948;
E_0x87ed06b00/487 .event anyedge, v0x87eda6940_1945, v0x87eda6940_1946, v0x87eda6940_1947, v0x87eda6940_1948;
v0x87eda6940_1949 .array/port v0x87eda6940, 1949;
v0x87eda6940_1950 .array/port v0x87eda6940, 1950;
v0x87eda6940_1951 .array/port v0x87eda6940, 1951;
v0x87eda6940_1952 .array/port v0x87eda6940, 1952;
E_0x87ed06b00/488 .event anyedge, v0x87eda6940_1949, v0x87eda6940_1950, v0x87eda6940_1951, v0x87eda6940_1952;
v0x87eda6940_1953 .array/port v0x87eda6940, 1953;
v0x87eda6940_1954 .array/port v0x87eda6940, 1954;
v0x87eda6940_1955 .array/port v0x87eda6940, 1955;
v0x87eda6940_1956 .array/port v0x87eda6940, 1956;
E_0x87ed06b00/489 .event anyedge, v0x87eda6940_1953, v0x87eda6940_1954, v0x87eda6940_1955, v0x87eda6940_1956;
v0x87eda6940_1957 .array/port v0x87eda6940, 1957;
v0x87eda6940_1958 .array/port v0x87eda6940, 1958;
v0x87eda6940_1959 .array/port v0x87eda6940, 1959;
v0x87eda6940_1960 .array/port v0x87eda6940, 1960;
E_0x87ed06b00/490 .event anyedge, v0x87eda6940_1957, v0x87eda6940_1958, v0x87eda6940_1959, v0x87eda6940_1960;
v0x87eda6940_1961 .array/port v0x87eda6940, 1961;
v0x87eda6940_1962 .array/port v0x87eda6940, 1962;
v0x87eda6940_1963 .array/port v0x87eda6940, 1963;
v0x87eda6940_1964 .array/port v0x87eda6940, 1964;
E_0x87ed06b00/491 .event anyedge, v0x87eda6940_1961, v0x87eda6940_1962, v0x87eda6940_1963, v0x87eda6940_1964;
v0x87eda6940_1965 .array/port v0x87eda6940, 1965;
v0x87eda6940_1966 .array/port v0x87eda6940, 1966;
v0x87eda6940_1967 .array/port v0x87eda6940, 1967;
v0x87eda6940_1968 .array/port v0x87eda6940, 1968;
E_0x87ed06b00/492 .event anyedge, v0x87eda6940_1965, v0x87eda6940_1966, v0x87eda6940_1967, v0x87eda6940_1968;
v0x87eda6940_1969 .array/port v0x87eda6940, 1969;
v0x87eda6940_1970 .array/port v0x87eda6940, 1970;
v0x87eda6940_1971 .array/port v0x87eda6940, 1971;
v0x87eda6940_1972 .array/port v0x87eda6940, 1972;
E_0x87ed06b00/493 .event anyedge, v0x87eda6940_1969, v0x87eda6940_1970, v0x87eda6940_1971, v0x87eda6940_1972;
v0x87eda6940_1973 .array/port v0x87eda6940, 1973;
v0x87eda6940_1974 .array/port v0x87eda6940, 1974;
v0x87eda6940_1975 .array/port v0x87eda6940, 1975;
v0x87eda6940_1976 .array/port v0x87eda6940, 1976;
E_0x87ed06b00/494 .event anyedge, v0x87eda6940_1973, v0x87eda6940_1974, v0x87eda6940_1975, v0x87eda6940_1976;
v0x87eda6940_1977 .array/port v0x87eda6940, 1977;
v0x87eda6940_1978 .array/port v0x87eda6940, 1978;
v0x87eda6940_1979 .array/port v0x87eda6940, 1979;
v0x87eda6940_1980 .array/port v0x87eda6940, 1980;
E_0x87ed06b00/495 .event anyedge, v0x87eda6940_1977, v0x87eda6940_1978, v0x87eda6940_1979, v0x87eda6940_1980;
v0x87eda6940_1981 .array/port v0x87eda6940, 1981;
v0x87eda6940_1982 .array/port v0x87eda6940, 1982;
v0x87eda6940_1983 .array/port v0x87eda6940, 1983;
v0x87eda6940_1984 .array/port v0x87eda6940, 1984;
E_0x87ed06b00/496 .event anyedge, v0x87eda6940_1981, v0x87eda6940_1982, v0x87eda6940_1983, v0x87eda6940_1984;
v0x87eda6940_1985 .array/port v0x87eda6940, 1985;
v0x87eda6940_1986 .array/port v0x87eda6940, 1986;
v0x87eda6940_1987 .array/port v0x87eda6940, 1987;
v0x87eda6940_1988 .array/port v0x87eda6940, 1988;
E_0x87ed06b00/497 .event anyedge, v0x87eda6940_1985, v0x87eda6940_1986, v0x87eda6940_1987, v0x87eda6940_1988;
v0x87eda6940_1989 .array/port v0x87eda6940, 1989;
v0x87eda6940_1990 .array/port v0x87eda6940, 1990;
v0x87eda6940_1991 .array/port v0x87eda6940, 1991;
v0x87eda6940_1992 .array/port v0x87eda6940, 1992;
E_0x87ed06b00/498 .event anyedge, v0x87eda6940_1989, v0x87eda6940_1990, v0x87eda6940_1991, v0x87eda6940_1992;
v0x87eda6940_1993 .array/port v0x87eda6940, 1993;
v0x87eda6940_1994 .array/port v0x87eda6940, 1994;
v0x87eda6940_1995 .array/port v0x87eda6940, 1995;
v0x87eda6940_1996 .array/port v0x87eda6940, 1996;
E_0x87ed06b00/499 .event anyedge, v0x87eda6940_1993, v0x87eda6940_1994, v0x87eda6940_1995, v0x87eda6940_1996;
v0x87eda6940_1997 .array/port v0x87eda6940, 1997;
v0x87eda6940_1998 .array/port v0x87eda6940, 1998;
v0x87eda6940_1999 .array/port v0x87eda6940, 1999;
v0x87eda6940_2000 .array/port v0x87eda6940, 2000;
E_0x87ed06b00/500 .event anyedge, v0x87eda6940_1997, v0x87eda6940_1998, v0x87eda6940_1999, v0x87eda6940_2000;
v0x87eda6940_2001 .array/port v0x87eda6940, 2001;
v0x87eda6940_2002 .array/port v0x87eda6940, 2002;
v0x87eda6940_2003 .array/port v0x87eda6940, 2003;
v0x87eda6940_2004 .array/port v0x87eda6940, 2004;
E_0x87ed06b00/501 .event anyedge, v0x87eda6940_2001, v0x87eda6940_2002, v0x87eda6940_2003, v0x87eda6940_2004;
v0x87eda6940_2005 .array/port v0x87eda6940, 2005;
v0x87eda6940_2006 .array/port v0x87eda6940, 2006;
v0x87eda6940_2007 .array/port v0x87eda6940, 2007;
v0x87eda6940_2008 .array/port v0x87eda6940, 2008;
E_0x87ed06b00/502 .event anyedge, v0x87eda6940_2005, v0x87eda6940_2006, v0x87eda6940_2007, v0x87eda6940_2008;
v0x87eda6940_2009 .array/port v0x87eda6940, 2009;
v0x87eda6940_2010 .array/port v0x87eda6940, 2010;
v0x87eda6940_2011 .array/port v0x87eda6940, 2011;
v0x87eda6940_2012 .array/port v0x87eda6940, 2012;
E_0x87ed06b00/503 .event anyedge, v0x87eda6940_2009, v0x87eda6940_2010, v0x87eda6940_2011, v0x87eda6940_2012;
v0x87eda6940_2013 .array/port v0x87eda6940, 2013;
v0x87eda6940_2014 .array/port v0x87eda6940, 2014;
v0x87eda6940_2015 .array/port v0x87eda6940, 2015;
v0x87eda6940_2016 .array/port v0x87eda6940, 2016;
E_0x87ed06b00/504 .event anyedge, v0x87eda6940_2013, v0x87eda6940_2014, v0x87eda6940_2015, v0x87eda6940_2016;
v0x87eda6940_2017 .array/port v0x87eda6940, 2017;
v0x87eda6940_2018 .array/port v0x87eda6940, 2018;
v0x87eda6940_2019 .array/port v0x87eda6940, 2019;
v0x87eda6940_2020 .array/port v0x87eda6940, 2020;
E_0x87ed06b00/505 .event anyedge, v0x87eda6940_2017, v0x87eda6940_2018, v0x87eda6940_2019, v0x87eda6940_2020;
v0x87eda6940_2021 .array/port v0x87eda6940, 2021;
v0x87eda6940_2022 .array/port v0x87eda6940, 2022;
v0x87eda6940_2023 .array/port v0x87eda6940, 2023;
v0x87eda6940_2024 .array/port v0x87eda6940, 2024;
E_0x87ed06b00/506 .event anyedge, v0x87eda6940_2021, v0x87eda6940_2022, v0x87eda6940_2023, v0x87eda6940_2024;
v0x87eda6940_2025 .array/port v0x87eda6940, 2025;
v0x87eda6940_2026 .array/port v0x87eda6940, 2026;
v0x87eda6940_2027 .array/port v0x87eda6940, 2027;
v0x87eda6940_2028 .array/port v0x87eda6940, 2028;
E_0x87ed06b00/507 .event anyedge, v0x87eda6940_2025, v0x87eda6940_2026, v0x87eda6940_2027, v0x87eda6940_2028;
v0x87eda6940_2029 .array/port v0x87eda6940, 2029;
v0x87eda6940_2030 .array/port v0x87eda6940, 2030;
v0x87eda6940_2031 .array/port v0x87eda6940, 2031;
v0x87eda6940_2032 .array/port v0x87eda6940, 2032;
E_0x87ed06b00/508 .event anyedge, v0x87eda6940_2029, v0x87eda6940_2030, v0x87eda6940_2031, v0x87eda6940_2032;
v0x87eda6940_2033 .array/port v0x87eda6940, 2033;
v0x87eda6940_2034 .array/port v0x87eda6940, 2034;
v0x87eda6940_2035 .array/port v0x87eda6940, 2035;
v0x87eda6940_2036 .array/port v0x87eda6940, 2036;
E_0x87ed06b00/509 .event anyedge, v0x87eda6940_2033, v0x87eda6940_2034, v0x87eda6940_2035, v0x87eda6940_2036;
v0x87eda6940_2037 .array/port v0x87eda6940, 2037;
v0x87eda6940_2038 .array/port v0x87eda6940, 2038;
v0x87eda6940_2039 .array/port v0x87eda6940, 2039;
v0x87eda6940_2040 .array/port v0x87eda6940, 2040;
E_0x87ed06b00/510 .event anyedge, v0x87eda6940_2037, v0x87eda6940_2038, v0x87eda6940_2039, v0x87eda6940_2040;
v0x87eda6940_2041 .array/port v0x87eda6940, 2041;
v0x87eda6940_2042 .array/port v0x87eda6940, 2042;
v0x87eda6940_2043 .array/port v0x87eda6940, 2043;
v0x87eda6940_2044 .array/port v0x87eda6940, 2044;
E_0x87ed06b00/511 .event anyedge, v0x87eda6940_2041, v0x87eda6940_2042, v0x87eda6940_2043, v0x87eda6940_2044;
v0x87eda6940_2045 .array/port v0x87eda6940, 2045;
v0x87eda6940_2046 .array/port v0x87eda6940, 2046;
v0x87eda6940_2047 .array/port v0x87eda6940, 2047;
v0x87eda6940_2048 .array/port v0x87eda6940, 2048;
E_0x87ed06b00/512 .event anyedge, v0x87eda6940_2045, v0x87eda6940_2046, v0x87eda6940_2047, v0x87eda6940_2048;
v0x87eda6940_2049 .array/port v0x87eda6940, 2049;
v0x87eda6940_2050 .array/port v0x87eda6940, 2050;
v0x87eda6940_2051 .array/port v0x87eda6940, 2051;
v0x87eda6940_2052 .array/port v0x87eda6940, 2052;
E_0x87ed06b00/513 .event anyedge, v0x87eda6940_2049, v0x87eda6940_2050, v0x87eda6940_2051, v0x87eda6940_2052;
v0x87eda6940_2053 .array/port v0x87eda6940, 2053;
v0x87eda6940_2054 .array/port v0x87eda6940, 2054;
v0x87eda6940_2055 .array/port v0x87eda6940, 2055;
v0x87eda6940_2056 .array/port v0x87eda6940, 2056;
E_0x87ed06b00/514 .event anyedge, v0x87eda6940_2053, v0x87eda6940_2054, v0x87eda6940_2055, v0x87eda6940_2056;
v0x87eda6940_2057 .array/port v0x87eda6940, 2057;
v0x87eda6940_2058 .array/port v0x87eda6940, 2058;
v0x87eda6940_2059 .array/port v0x87eda6940, 2059;
v0x87eda6940_2060 .array/port v0x87eda6940, 2060;
E_0x87ed06b00/515 .event anyedge, v0x87eda6940_2057, v0x87eda6940_2058, v0x87eda6940_2059, v0x87eda6940_2060;
v0x87eda6940_2061 .array/port v0x87eda6940, 2061;
v0x87eda6940_2062 .array/port v0x87eda6940, 2062;
v0x87eda6940_2063 .array/port v0x87eda6940, 2063;
v0x87eda6940_2064 .array/port v0x87eda6940, 2064;
E_0x87ed06b00/516 .event anyedge, v0x87eda6940_2061, v0x87eda6940_2062, v0x87eda6940_2063, v0x87eda6940_2064;
v0x87eda6940_2065 .array/port v0x87eda6940, 2065;
v0x87eda6940_2066 .array/port v0x87eda6940, 2066;
v0x87eda6940_2067 .array/port v0x87eda6940, 2067;
v0x87eda6940_2068 .array/port v0x87eda6940, 2068;
E_0x87ed06b00/517 .event anyedge, v0x87eda6940_2065, v0x87eda6940_2066, v0x87eda6940_2067, v0x87eda6940_2068;
v0x87eda6940_2069 .array/port v0x87eda6940, 2069;
v0x87eda6940_2070 .array/port v0x87eda6940, 2070;
v0x87eda6940_2071 .array/port v0x87eda6940, 2071;
v0x87eda6940_2072 .array/port v0x87eda6940, 2072;
E_0x87ed06b00/518 .event anyedge, v0x87eda6940_2069, v0x87eda6940_2070, v0x87eda6940_2071, v0x87eda6940_2072;
v0x87eda6940_2073 .array/port v0x87eda6940, 2073;
v0x87eda6940_2074 .array/port v0x87eda6940, 2074;
v0x87eda6940_2075 .array/port v0x87eda6940, 2075;
v0x87eda6940_2076 .array/port v0x87eda6940, 2076;
E_0x87ed06b00/519 .event anyedge, v0x87eda6940_2073, v0x87eda6940_2074, v0x87eda6940_2075, v0x87eda6940_2076;
v0x87eda6940_2077 .array/port v0x87eda6940, 2077;
v0x87eda6940_2078 .array/port v0x87eda6940, 2078;
v0x87eda6940_2079 .array/port v0x87eda6940, 2079;
v0x87eda6940_2080 .array/port v0x87eda6940, 2080;
E_0x87ed06b00/520 .event anyedge, v0x87eda6940_2077, v0x87eda6940_2078, v0x87eda6940_2079, v0x87eda6940_2080;
v0x87eda6940_2081 .array/port v0x87eda6940, 2081;
v0x87eda6940_2082 .array/port v0x87eda6940, 2082;
v0x87eda6940_2083 .array/port v0x87eda6940, 2083;
v0x87eda6940_2084 .array/port v0x87eda6940, 2084;
E_0x87ed06b00/521 .event anyedge, v0x87eda6940_2081, v0x87eda6940_2082, v0x87eda6940_2083, v0x87eda6940_2084;
v0x87eda6940_2085 .array/port v0x87eda6940, 2085;
v0x87eda6940_2086 .array/port v0x87eda6940, 2086;
v0x87eda6940_2087 .array/port v0x87eda6940, 2087;
v0x87eda6940_2088 .array/port v0x87eda6940, 2088;
E_0x87ed06b00/522 .event anyedge, v0x87eda6940_2085, v0x87eda6940_2086, v0x87eda6940_2087, v0x87eda6940_2088;
v0x87eda6940_2089 .array/port v0x87eda6940, 2089;
v0x87eda6940_2090 .array/port v0x87eda6940, 2090;
v0x87eda6940_2091 .array/port v0x87eda6940, 2091;
v0x87eda6940_2092 .array/port v0x87eda6940, 2092;
E_0x87ed06b00/523 .event anyedge, v0x87eda6940_2089, v0x87eda6940_2090, v0x87eda6940_2091, v0x87eda6940_2092;
v0x87eda6940_2093 .array/port v0x87eda6940, 2093;
v0x87eda6940_2094 .array/port v0x87eda6940, 2094;
v0x87eda6940_2095 .array/port v0x87eda6940, 2095;
v0x87eda6940_2096 .array/port v0x87eda6940, 2096;
E_0x87ed06b00/524 .event anyedge, v0x87eda6940_2093, v0x87eda6940_2094, v0x87eda6940_2095, v0x87eda6940_2096;
v0x87eda6940_2097 .array/port v0x87eda6940, 2097;
v0x87eda6940_2098 .array/port v0x87eda6940, 2098;
v0x87eda6940_2099 .array/port v0x87eda6940, 2099;
v0x87eda6940_2100 .array/port v0x87eda6940, 2100;
E_0x87ed06b00/525 .event anyedge, v0x87eda6940_2097, v0x87eda6940_2098, v0x87eda6940_2099, v0x87eda6940_2100;
v0x87eda6940_2101 .array/port v0x87eda6940, 2101;
v0x87eda6940_2102 .array/port v0x87eda6940, 2102;
v0x87eda6940_2103 .array/port v0x87eda6940, 2103;
v0x87eda6940_2104 .array/port v0x87eda6940, 2104;
E_0x87ed06b00/526 .event anyedge, v0x87eda6940_2101, v0x87eda6940_2102, v0x87eda6940_2103, v0x87eda6940_2104;
v0x87eda6940_2105 .array/port v0x87eda6940, 2105;
v0x87eda6940_2106 .array/port v0x87eda6940, 2106;
v0x87eda6940_2107 .array/port v0x87eda6940, 2107;
v0x87eda6940_2108 .array/port v0x87eda6940, 2108;
E_0x87ed06b00/527 .event anyedge, v0x87eda6940_2105, v0x87eda6940_2106, v0x87eda6940_2107, v0x87eda6940_2108;
v0x87eda6940_2109 .array/port v0x87eda6940, 2109;
v0x87eda6940_2110 .array/port v0x87eda6940, 2110;
v0x87eda6940_2111 .array/port v0x87eda6940, 2111;
v0x87eda6940_2112 .array/port v0x87eda6940, 2112;
E_0x87ed06b00/528 .event anyedge, v0x87eda6940_2109, v0x87eda6940_2110, v0x87eda6940_2111, v0x87eda6940_2112;
v0x87eda6940_2113 .array/port v0x87eda6940, 2113;
v0x87eda6940_2114 .array/port v0x87eda6940, 2114;
v0x87eda6940_2115 .array/port v0x87eda6940, 2115;
v0x87eda6940_2116 .array/port v0x87eda6940, 2116;
E_0x87ed06b00/529 .event anyedge, v0x87eda6940_2113, v0x87eda6940_2114, v0x87eda6940_2115, v0x87eda6940_2116;
v0x87eda6940_2117 .array/port v0x87eda6940, 2117;
v0x87eda6940_2118 .array/port v0x87eda6940, 2118;
v0x87eda6940_2119 .array/port v0x87eda6940, 2119;
v0x87eda6940_2120 .array/port v0x87eda6940, 2120;
E_0x87ed06b00/530 .event anyedge, v0x87eda6940_2117, v0x87eda6940_2118, v0x87eda6940_2119, v0x87eda6940_2120;
v0x87eda6940_2121 .array/port v0x87eda6940, 2121;
v0x87eda6940_2122 .array/port v0x87eda6940, 2122;
v0x87eda6940_2123 .array/port v0x87eda6940, 2123;
v0x87eda6940_2124 .array/port v0x87eda6940, 2124;
E_0x87ed06b00/531 .event anyedge, v0x87eda6940_2121, v0x87eda6940_2122, v0x87eda6940_2123, v0x87eda6940_2124;
v0x87eda6940_2125 .array/port v0x87eda6940, 2125;
v0x87eda6940_2126 .array/port v0x87eda6940, 2126;
v0x87eda6940_2127 .array/port v0x87eda6940, 2127;
v0x87eda6940_2128 .array/port v0x87eda6940, 2128;
E_0x87ed06b00/532 .event anyedge, v0x87eda6940_2125, v0x87eda6940_2126, v0x87eda6940_2127, v0x87eda6940_2128;
v0x87eda6940_2129 .array/port v0x87eda6940, 2129;
v0x87eda6940_2130 .array/port v0x87eda6940, 2130;
v0x87eda6940_2131 .array/port v0x87eda6940, 2131;
v0x87eda6940_2132 .array/port v0x87eda6940, 2132;
E_0x87ed06b00/533 .event anyedge, v0x87eda6940_2129, v0x87eda6940_2130, v0x87eda6940_2131, v0x87eda6940_2132;
v0x87eda6940_2133 .array/port v0x87eda6940, 2133;
v0x87eda6940_2134 .array/port v0x87eda6940, 2134;
v0x87eda6940_2135 .array/port v0x87eda6940, 2135;
v0x87eda6940_2136 .array/port v0x87eda6940, 2136;
E_0x87ed06b00/534 .event anyedge, v0x87eda6940_2133, v0x87eda6940_2134, v0x87eda6940_2135, v0x87eda6940_2136;
v0x87eda6940_2137 .array/port v0x87eda6940, 2137;
v0x87eda6940_2138 .array/port v0x87eda6940, 2138;
v0x87eda6940_2139 .array/port v0x87eda6940, 2139;
v0x87eda6940_2140 .array/port v0x87eda6940, 2140;
E_0x87ed06b00/535 .event anyedge, v0x87eda6940_2137, v0x87eda6940_2138, v0x87eda6940_2139, v0x87eda6940_2140;
v0x87eda6940_2141 .array/port v0x87eda6940, 2141;
v0x87eda6940_2142 .array/port v0x87eda6940, 2142;
v0x87eda6940_2143 .array/port v0x87eda6940, 2143;
v0x87eda6940_2144 .array/port v0x87eda6940, 2144;
E_0x87ed06b00/536 .event anyedge, v0x87eda6940_2141, v0x87eda6940_2142, v0x87eda6940_2143, v0x87eda6940_2144;
v0x87eda6940_2145 .array/port v0x87eda6940, 2145;
v0x87eda6940_2146 .array/port v0x87eda6940, 2146;
v0x87eda6940_2147 .array/port v0x87eda6940, 2147;
v0x87eda6940_2148 .array/port v0x87eda6940, 2148;
E_0x87ed06b00/537 .event anyedge, v0x87eda6940_2145, v0x87eda6940_2146, v0x87eda6940_2147, v0x87eda6940_2148;
v0x87eda6940_2149 .array/port v0x87eda6940, 2149;
v0x87eda6940_2150 .array/port v0x87eda6940, 2150;
v0x87eda6940_2151 .array/port v0x87eda6940, 2151;
v0x87eda6940_2152 .array/port v0x87eda6940, 2152;
E_0x87ed06b00/538 .event anyedge, v0x87eda6940_2149, v0x87eda6940_2150, v0x87eda6940_2151, v0x87eda6940_2152;
v0x87eda6940_2153 .array/port v0x87eda6940, 2153;
v0x87eda6940_2154 .array/port v0x87eda6940, 2154;
v0x87eda6940_2155 .array/port v0x87eda6940, 2155;
v0x87eda6940_2156 .array/port v0x87eda6940, 2156;
E_0x87ed06b00/539 .event anyedge, v0x87eda6940_2153, v0x87eda6940_2154, v0x87eda6940_2155, v0x87eda6940_2156;
v0x87eda6940_2157 .array/port v0x87eda6940, 2157;
v0x87eda6940_2158 .array/port v0x87eda6940, 2158;
v0x87eda6940_2159 .array/port v0x87eda6940, 2159;
v0x87eda6940_2160 .array/port v0x87eda6940, 2160;
E_0x87ed06b00/540 .event anyedge, v0x87eda6940_2157, v0x87eda6940_2158, v0x87eda6940_2159, v0x87eda6940_2160;
v0x87eda6940_2161 .array/port v0x87eda6940, 2161;
v0x87eda6940_2162 .array/port v0x87eda6940, 2162;
v0x87eda6940_2163 .array/port v0x87eda6940, 2163;
v0x87eda6940_2164 .array/port v0x87eda6940, 2164;
E_0x87ed06b00/541 .event anyedge, v0x87eda6940_2161, v0x87eda6940_2162, v0x87eda6940_2163, v0x87eda6940_2164;
v0x87eda6940_2165 .array/port v0x87eda6940, 2165;
v0x87eda6940_2166 .array/port v0x87eda6940, 2166;
v0x87eda6940_2167 .array/port v0x87eda6940, 2167;
v0x87eda6940_2168 .array/port v0x87eda6940, 2168;
E_0x87ed06b00/542 .event anyedge, v0x87eda6940_2165, v0x87eda6940_2166, v0x87eda6940_2167, v0x87eda6940_2168;
v0x87eda6940_2169 .array/port v0x87eda6940, 2169;
v0x87eda6940_2170 .array/port v0x87eda6940, 2170;
v0x87eda6940_2171 .array/port v0x87eda6940, 2171;
v0x87eda6940_2172 .array/port v0x87eda6940, 2172;
E_0x87ed06b00/543 .event anyedge, v0x87eda6940_2169, v0x87eda6940_2170, v0x87eda6940_2171, v0x87eda6940_2172;
v0x87eda6940_2173 .array/port v0x87eda6940, 2173;
v0x87eda6940_2174 .array/port v0x87eda6940, 2174;
v0x87eda6940_2175 .array/port v0x87eda6940, 2175;
v0x87eda6940_2176 .array/port v0x87eda6940, 2176;
E_0x87ed06b00/544 .event anyedge, v0x87eda6940_2173, v0x87eda6940_2174, v0x87eda6940_2175, v0x87eda6940_2176;
v0x87eda6940_2177 .array/port v0x87eda6940, 2177;
v0x87eda6940_2178 .array/port v0x87eda6940, 2178;
v0x87eda6940_2179 .array/port v0x87eda6940, 2179;
v0x87eda6940_2180 .array/port v0x87eda6940, 2180;
E_0x87ed06b00/545 .event anyedge, v0x87eda6940_2177, v0x87eda6940_2178, v0x87eda6940_2179, v0x87eda6940_2180;
v0x87eda6940_2181 .array/port v0x87eda6940, 2181;
v0x87eda6940_2182 .array/port v0x87eda6940, 2182;
v0x87eda6940_2183 .array/port v0x87eda6940, 2183;
v0x87eda6940_2184 .array/port v0x87eda6940, 2184;
E_0x87ed06b00/546 .event anyedge, v0x87eda6940_2181, v0x87eda6940_2182, v0x87eda6940_2183, v0x87eda6940_2184;
v0x87eda6940_2185 .array/port v0x87eda6940, 2185;
v0x87eda6940_2186 .array/port v0x87eda6940, 2186;
v0x87eda6940_2187 .array/port v0x87eda6940, 2187;
v0x87eda6940_2188 .array/port v0x87eda6940, 2188;
E_0x87ed06b00/547 .event anyedge, v0x87eda6940_2185, v0x87eda6940_2186, v0x87eda6940_2187, v0x87eda6940_2188;
v0x87eda6940_2189 .array/port v0x87eda6940, 2189;
v0x87eda6940_2190 .array/port v0x87eda6940, 2190;
v0x87eda6940_2191 .array/port v0x87eda6940, 2191;
v0x87eda6940_2192 .array/port v0x87eda6940, 2192;
E_0x87ed06b00/548 .event anyedge, v0x87eda6940_2189, v0x87eda6940_2190, v0x87eda6940_2191, v0x87eda6940_2192;
v0x87eda6940_2193 .array/port v0x87eda6940, 2193;
v0x87eda6940_2194 .array/port v0x87eda6940, 2194;
v0x87eda6940_2195 .array/port v0x87eda6940, 2195;
v0x87eda6940_2196 .array/port v0x87eda6940, 2196;
E_0x87ed06b00/549 .event anyedge, v0x87eda6940_2193, v0x87eda6940_2194, v0x87eda6940_2195, v0x87eda6940_2196;
v0x87eda6940_2197 .array/port v0x87eda6940, 2197;
v0x87eda6940_2198 .array/port v0x87eda6940, 2198;
v0x87eda6940_2199 .array/port v0x87eda6940, 2199;
v0x87eda6940_2200 .array/port v0x87eda6940, 2200;
E_0x87ed06b00/550 .event anyedge, v0x87eda6940_2197, v0x87eda6940_2198, v0x87eda6940_2199, v0x87eda6940_2200;
v0x87eda6940_2201 .array/port v0x87eda6940, 2201;
v0x87eda6940_2202 .array/port v0x87eda6940, 2202;
v0x87eda6940_2203 .array/port v0x87eda6940, 2203;
v0x87eda6940_2204 .array/port v0x87eda6940, 2204;
E_0x87ed06b00/551 .event anyedge, v0x87eda6940_2201, v0x87eda6940_2202, v0x87eda6940_2203, v0x87eda6940_2204;
v0x87eda6940_2205 .array/port v0x87eda6940, 2205;
v0x87eda6940_2206 .array/port v0x87eda6940, 2206;
v0x87eda6940_2207 .array/port v0x87eda6940, 2207;
v0x87eda6940_2208 .array/port v0x87eda6940, 2208;
E_0x87ed06b00/552 .event anyedge, v0x87eda6940_2205, v0x87eda6940_2206, v0x87eda6940_2207, v0x87eda6940_2208;
v0x87eda6940_2209 .array/port v0x87eda6940, 2209;
v0x87eda6940_2210 .array/port v0x87eda6940, 2210;
v0x87eda6940_2211 .array/port v0x87eda6940, 2211;
v0x87eda6940_2212 .array/port v0x87eda6940, 2212;
E_0x87ed06b00/553 .event anyedge, v0x87eda6940_2209, v0x87eda6940_2210, v0x87eda6940_2211, v0x87eda6940_2212;
v0x87eda6940_2213 .array/port v0x87eda6940, 2213;
v0x87eda6940_2214 .array/port v0x87eda6940, 2214;
v0x87eda6940_2215 .array/port v0x87eda6940, 2215;
v0x87eda6940_2216 .array/port v0x87eda6940, 2216;
E_0x87ed06b00/554 .event anyedge, v0x87eda6940_2213, v0x87eda6940_2214, v0x87eda6940_2215, v0x87eda6940_2216;
v0x87eda6940_2217 .array/port v0x87eda6940, 2217;
v0x87eda6940_2218 .array/port v0x87eda6940, 2218;
v0x87eda6940_2219 .array/port v0x87eda6940, 2219;
v0x87eda6940_2220 .array/port v0x87eda6940, 2220;
E_0x87ed06b00/555 .event anyedge, v0x87eda6940_2217, v0x87eda6940_2218, v0x87eda6940_2219, v0x87eda6940_2220;
v0x87eda6940_2221 .array/port v0x87eda6940, 2221;
v0x87eda6940_2222 .array/port v0x87eda6940, 2222;
v0x87eda6940_2223 .array/port v0x87eda6940, 2223;
v0x87eda6940_2224 .array/port v0x87eda6940, 2224;
E_0x87ed06b00/556 .event anyedge, v0x87eda6940_2221, v0x87eda6940_2222, v0x87eda6940_2223, v0x87eda6940_2224;
v0x87eda6940_2225 .array/port v0x87eda6940, 2225;
v0x87eda6940_2226 .array/port v0x87eda6940, 2226;
v0x87eda6940_2227 .array/port v0x87eda6940, 2227;
v0x87eda6940_2228 .array/port v0x87eda6940, 2228;
E_0x87ed06b00/557 .event anyedge, v0x87eda6940_2225, v0x87eda6940_2226, v0x87eda6940_2227, v0x87eda6940_2228;
v0x87eda6940_2229 .array/port v0x87eda6940, 2229;
v0x87eda6940_2230 .array/port v0x87eda6940, 2230;
v0x87eda6940_2231 .array/port v0x87eda6940, 2231;
v0x87eda6940_2232 .array/port v0x87eda6940, 2232;
E_0x87ed06b00/558 .event anyedge, v0x87eda6940_2229, v0x87eda6940_2230, v0x87eda6940_2231, v0x87eda6940_2232;
v0x87eda6940_2233 .array/port v0x87eda6940, 2233;
v0x87eda6940_2234 .array/port v0x87eda6940, 2234;
v0x87eda6940_2235 .array/port v0x87eda6940, 2235;
v0x87eda6940_2236 .array/port v0x87eda6940, 2236;
E_0x87ed06b00/559 .event anyedge, v0x87eda6940_2233, v0x87eda6940_2234, v0x87eda6940_2235, v0x87eda6940_2236;
v0x87eda6940_2237 .array/port v0x87eda6940, 2237;
v0x87eda6940_2238 .array/port v0x87eda6940, 2238;
v0x87eda6940_2239 .array/port v0x87eda6940, 2239;
v0x87eda6940_2240 .array/port v0x87eda6940, 2240;
E_0x87ed06b00/560 .event anyedge, v0x87eda6940_2237, v0x87eda6940_2238, v0x87eda6940_2239, v0x87eda6940_2240;
v0x87eda6940_2241 .array/port v0x87eda6940, 2241;
v0x87eda6940_2242 .array/port v0x87eda6940, 2242;
v0x87eda6940_2243 .array/port v0x87eda6940, 2243;
v0x87eda6940_2244 .array/port v0x87eda6940, 2244;
E_0x87ed06b00/561 .event anyedge, v0x87eda6940_2241, v0x87eda6940_2242, v0x87eda6940_2243, v0x87eda6940_2244;
v0x87eda6940_2245 .array/port v0x87eda6940, 2245;
v0x87eda6940_2246 .array/port v0x87eda6940, 2246;
v0x87eda6940_2247 .array/port v0x87eda6940, 2247;
v0x87eda6940_2248 .array/port v0x87eda6940, 2248;
E_0x87ed06b00/562 .event anyedge, v0x87eda6940_2245, v0x87eda6940_2246, v0x87eda6940_2247, v0x87eda6940_2248;
v0x87eda6940_2249 .array/port v0x87eda6940, 2249;
v0x87eda6940_2250 .array/port v0x87eda6940, 2250;
v0x87eda6940_2251 .array/port v0x87eda6940, 2251;
v0x87eda6940_2252 .array/port v0x87eda6940, 2252;
E_0x87ed06b00/563 .event anyedge, v0x87eda6940_2249, v0x87eda6940_2250, v0x87eda6940_2251, v0x87eda6940_2252;
v0x87eda6940_2253 .array/port v0x87eda6940, 2253;
v0x87eda6940_2254 .array/port v0x87eda6940, 2254;
v0x87eda6940_2255 .array/port v0x87eda6940, 2255;
v0x87eda6940_2256 .array/port v0x87eda6940, 2256;
E_0x87ed06b00/564 .event anyedge, v0x87eda6940_2253, v0x87eda6940_2254, v0x87eda6940_2255, v0x87eda6940_2256;
v0x87eda6940_2257 .array/port v0x87eda6940, 2257;
v0x87eda6940_2258 .array/port v0x87eda6940, 2258;
v0x87eda6940_2259 .array/port v0x87eda6940, 2259;
v0x87eda6940_2260 .array/port v0x87eda6940, 2260;
E_0x87ed06b00/565 .event anyedge, v0x87eda6940_2257, v0x87eda6940_2258, v0x87eda6940_2259, v0x87eda6940_2260;
v0x87eda6940_2261 .array/port v0x87eda6940, 2261;
v0x87eda6940_2262 .array/port v0x87eda6940, 2262;
v0x87eda6940_2263 .array/port v0x87eda6940, 2263;
v0x87eda6940_2264 .array/port v0x87eda6940, 2264;
E_0x87ed06b00/566 .event anyedge, v0x87eda6940_2261, v0x87eda6940_2262, v0x87eda6940_2263, v0x87eda6940_2264;
v0x87eda6940_2265 .array/port v0x87eda6940, 2265;
v0x87eda6940_2266 .array/port v0x87eda6940, 2266;
v0x87eda6940_2267 .array/port v0x87eda6940, 2267;
v0x87eda6940_2268 .array/port v0x87eda6940, 2268;
E_0x87ed06b00/567 .event anyedge, v0x87eda6940_2265, v0x87eda6940_2266, v0x87eda6940_2267, v0x87eda6940_2268;
v0x87eda6940_2269 .array/port v0x87eda6940, 2269;
v0x87eda6940_2270 .array/port v0x87eda6940, 2270;
v0x87eda6940_2271 .array/port v0x87eda6940, 2271;
v0x87eda6940_2272 .array/port v0x87eda6940, 2272;
E_0x87ed06b00/568 .event anyedge, v0x87eda6940_2269, v0x87eda6940_2270, v0x87eda6940_2271, v0x87eda6940_2272;
v0x87eda6940_2273 .array/port v0x87eda6940, 2273;
v0x87eda6940_2274 .array/port v0x87eda6940, 2274;
v0x87eda6940_2275 .array/port v0x87eda6940, 2275;
v0x87eda6940_2276 .array/port v0x87eda6940, 2276;
E_0x87ed06b00/569 .event anyedge, v0x87eda6940_2273, v0x87eda6940_2274, v0x87eda6940_2275, v0x87eda6940_2276;
v0x87eda6940_2277 .array/port v0x87eda6940, 2277;
v0x87eda6940_2278 .array/port v0x87eda6940, 2278;
v0x87eda6940_2279 .array/port v0x87eda6940, 2279;
v0x87eda6940_2280 .array/port v0x87eda6940, 2280;
E_0x87ed06b00/570 .event anyedge, v0x87eda6940_2277, v0x87eda6940_2278, v0x87eda6940_2279, v0x87eda6940_2280;
v0x87eda6940_2281 .array/port v0x87eda6940, 2281;
v0x87eda6940_2282 .array/port v0x87eda6940, 2282;
v0x87eda6940_2283 .array/port v0x87eda6940, 2283;
v0x87eda6940_2284 .array/port v0x87eda6940, 2284;
E_0x87ed06b00/571 .event anyedge, v0x87eda6940_2281, v0x87eda6940_2282, v0x87eda6940_2283, v0x87eda6940_2284;
v0x87eda6940_2285 .array/port v0x87eda6940, 2285;
v0x87eda6940_2286 .array/port v0x87eda6940, 2286;
v0x87eda6940_2287 .array/port v0x87eda6940, 2287;
v0x87eda6940_2288 .array/port v0x87eda6940, 2288;
E_0x87ed06b00/572 .event anyedge, v0x87eda6940_2285, v0x87eda6940_2286, v0x87eda6940_2287, v0x87eda6940_2288;
v0x87eda6940_2289 .array/port v0x87eda6940, 2289;
v0x87eda6940_2290 .array/port v0x87eda6940, 2290;
v0x87eda6940_2291 .array/port v0x87eda6940, 2291;
v0x87eda6940_2292 .array/port v0x87eda6940, 2292;
E_0x87ed06b00/573 .event anyedge, v0x87eda6940_2289, v0x87eda6940_2290, v0x87eda6940_2291, v0x87eda6940_2292;
v0x87eda6940_2293 .array/port v0x87eda6940, 2293;
v0x87eda6940_2294 .array/port v0x87eda6940, 2294;
v0x87eda6940_2295 .array/port v0x87eda6940, 2295;
v0x87eda6940_2296 .array/port v0x87eda6940, 2296;
E_0x87ed06b00/574 .event anyedge, v0x87eda6940_2293, v0x87eda6940_2294, v0x87eda6940_2295, v0x87eda6940_2296;
v0x87eda6940_2297 .array/port v0x87eda6940, 2297;
v0x87eda6940_2298 .array/port v0x87eda6940, 2298;
v0x87eda6940_2299 .array/port v0x87eda6940, 2299;
v0x87eda6940_2300 .array/port v0x87eda6940, 2300;
E_0x87ed06b00/575 .event anyedge, v0x87eda6940_2297, v0x87eda6940_2298, v0x87eda6940_2299, v0x87eda6940_2300;
v0x87eda6940_2301 .array/port v0x87eda6940, 2301;
v0x87eda6940_2302 .array/port v0x87eda6940, 2302;
v0x87eda6940_2303 .array/port v0x87eda6940, 2303;
v0x87eda6940_2304 .array/port v0x87eda6940, 2304;
E_0x87ed06b00/576 .event anyedge, v0x87eda6940_2301, v0x87eda6940_2302, v0x87eda6940_2303, v0x87eda6940_2304;
v0x87eda6940_2305 .array/port v0x87eda6940, 2305;
v0x87eda6940_2306 .array/port v0x87eda6940, 2306;
v0x87eda6940_2307 .array/port v0x87eda6940, 2307;
v0x87eda6940_2308 .array/port v0x87eda6940, 2308;
E_0x87ed06b00/577 .event anyedge, v0x87eda6940_2305, v0x87eda6940_2306, v0x87eda6940_2307, v0x87eda6940_2308;
v0x87eda6940_2309 .array/port v0x87eda6940, 2309;
v0x87eda6940_2310 .array/port v0x87eda6940, 2310;
v0x87eda6940_2311 .array/port v0x87eda6940, 2311;
v0x87eda6940_2312 .array/port v0x87eda6940, 2312;
E_0x87ed06b00/578 .event anyedge, v0x87eda6940_2309, v0x87eda6940_2310, v0x87eda6940_2311, v0x87eda6940_2312;
v0x87eda6940_2313 .array/port v0x87eda6940, 2313;
v0x87eda6940_2314 .array/port v0x87eda6940, 2314;
v0x87eda6940_2315 .array/port v0x87eda6940, 2315;
v0x87eda6940_2316 .array/port v0x87eda6940, 2316;
E_0x87ed06b00/579 .event anyedge, v0x87eda6940_2313, v0x87eda6940_2314, v0x87eda6940_2315, v0x87eda6940_2316;
v0x87eda6940_2317 .array/port v0x87eda6940, 2317;
v0x87eda6940_2318 .array/port v0x87eda6940, 2318;
v0x87eda6940_2319 .array/port v0x87eda6940, 2319;
v0x87eda6940_2320 .array/port v0x87eda6940, 2320;
E_0x87ed06b00/580 .event anyedge, v0x87eda6940_2317, v0x87eda6940_2318, v0x87eda6940_2319, v0x87eda6940_2320;
v0x87eda6940_2321 .array/port v0x87eda6940, 2321;
v0x87eda6940_2322 .array/port v0x87eda6940, 2322;
v0x87eda6940_2323 .array/port v0x87eda6940, 2323;
v0x87eda6940_2324 .array/port v0x87eda6940, 2324;
E_0x87ed06b00/581 .event anyedge, v0x87eda6940_2321, v0x87eda6940_2322, v0x87eda6940_2323, v0x87eda6940_2324;
v0x87eda6940_2325 .array/port v0x87eda6940, 2325;
v0x87eda6940_2326 .array/port v0x87eda6940, 2326;
v0x87eda6940_2327 .array/port v0x87eda6940, 2327;
v0x87eda6940_2328 .array/port v0x87eda6940, 2328;
E_0x87ed06b00/582 .event anyedge, v0x87eda6940_2325, v0x87eda6940_2326, v0x87eda6940_2327, v0x87eda6940_2328;
v0x87eda6940_2329 .array/port v0x87eda6940, 2329;
v0x87eda6940_2330 .array/port v0x87eda6940, 2330;
v0x87eda6940_2331 .array/port v0x87eda6940, 2331;
v0x87eda6940_2332 .array/port v0x87eda6940, 2332;
E_0x87ed06b00/583 .event anyedge, v0x87eda6940_2329, v0x87eda6940_2330, v0x87eda6940_2331, v0x87eda6940_2332;
v0x87eda6940_2333 .array/port v0x87eda6940, 2333;
v0x87eda6940_2334 .array/port v0x87eda6940, 2334;
v0x87eda6940_2335 .array/port v0x87eda6940, 2335;
v0x87eda6940_2336 .array/port v0x87eda6940, 2336;
E_0x87ed06b00/584 .event anyedge, v0x87eda6940_2333, v0x87eda6940_2334, v0x87eda6940_2335, v0x87eda6940_2336;
v0x87eda6940_2337 .array/port v0x87eda6940, 2337;
v0x87eda6940_2338 .array/port v0x87eda6940, 2338;
v0x87eda6940_2339 .array/port v0x87eda6940, 2339;
v0x87eda6940_2340 .array/port v0x87eda6940, 2340;
E_0x87ed06b00/585 .event anyedge, v0x87eda6940_2337, v0x87eda6940_2338, v0x87eda6940_2339, v0x87eda6940_2340;
v0x87eda6940_2341 .array/port v0x87eda6940, 2341;
v0x87eda6940_2342 .array/port v0x87eda6940, 2342;
v0x87eda6940_2343 .array/port v0x87eda6940, 2343;
v0x87eda6940_2344 .array/port v0x87eda6940, 2344;
E_0x87ed06b00/586 .event anyedge, v0x87eda6940_2341, v0x87eda6940_2342, v0x87eda6940_2343, v0x87eda6940_2344;
v0x87eda6940_2345 .array/port v0x87eda6940, 2345;
v0x87eda6940_2346 .array/port v0x87eda6940, 2346;
v0x87eda6940_2347 .array/port v0x87eda6940, 2347;
v0x87eda6940_2348 .array/port v0x87eda6940, 2348;
E_0x87ed06b00/587 .event anyedge, v0x87eda6940_2345, v0x87eda6940_2346, v0x87eda6940_2347, v0x87eda6940_2348;
v0x87eda6940_2349 .array/port v0x87eda6940, 2349;
v0x87eda6940_2350 .array/port v0x87eda6940, 2350;
v0x87eda6940_2351 .array/port v0x87eda6940, 2351;
v0x87eda6940_2352 .array/port v0x87eda6940, 2352;
E_0x87ed06b00/588 .event anyedge, v0x87eda6940_2349, v0x87eda6940_2350, v0x87eda6940_2351, v0x87eda6940_2352;
v0x87eda6940_2353 .array/port v0x87eda6940, 2353;
v0x87eda6940_2354 .array/port v0x87eda6940, 2354;
v0x87eda6940_2355 .array/port v0x87eda6940, 2355;
v0x87eda6940_2356 .array/port v0x87eda6940, 2356;
E_0x87ed06b00/589 .event anyedge, v0x87eda6940_2353, v0x87eda6940_2354, v0x87eda6940_2355, v0x87eda6940_2356;
v0x87eda6940_2357 .array/port v0x87eda6940, 2357;
v0x87eda6940_2358 .array/port v0x87eda6940, 2358;
v0x87eda6940_2359 .array/port v0x87eda6940, 2359;
v0x87eda6940_2360 .array/port v0x87eda6940, 2360;
E_0x87ed06b00/590 .event anyedge, v0x87eda6940_2357, v0x87eda6940_2358, v0x87eda6940_2359, v0x87eda6940_2360;
v0x87eda6940_2361 .array/port v0x87eda6940, 2361;
v0x87eda6940_2362 .array/port v0x87eda6940, 2362;
v0x87eda6940_2363 .array/port v0x87eda6940, 2363;
v0x87eda6940_2364 .array/port v0x87eda6940, 2364;
E_0x87ed06b00/591 .event anyedge, v0x87eda6940_2361, v0x87eda6940_2362, v0x87eda6940_2363, v0x87eda6940_2364;
v0x87eda6940_2365 .array/port v0x87eda6940, 2365;
v0x87eda6940_2366 .array/port v0x87eda6940, 2366;
v0x87eda6940_2367 .array/port v0x87eda6940, 2367;
v0x87eda6940_2368 .array/port v0x87eda6940, 2368;
E_0x87ed06b00/592 .event anyedge, v0x87eda6940_2365, v0x87eda6940_2366, v0x87eda6940_2367, v0x87eda6940_2368;
v0x87eda6940_2369 .array/port v0x87eda6940, 2369;
v0x87eda6940_2370 .array/port v0x87eda6940, 2370;
v0x87eda6940_2371 .array/port v0x87eda6940, 2371;
v0x87eda6940_2372 .array/port v0x87eda6940, 2372;
E_0x87ed06b00/593 .event anyedge, v0x87eda6940_2369, v0x87eda6940_2370, v0x87eda6940_2371, v0x87eda6940_2372;
v0x87eda6940_2373 .array/port v0x87eda6940, 2373;
v0x87eda6940_2374 .array/port v0x87eda6940, 2374;
v0x87eda6940_2375 .array/port v0x87eda6940, 2375;
v0x87eda6940_2376 .array/port v0x87eda6940, 2376;
E_0x87ed06b00/594 .event anyedge, v0x87eda6940_2373, v0x87eda6940_2374, v0x87eda6940_2375, v0x87eda6940_2376;
v0x87eda6940_2377 .array/port v0x87eda6940, 2377;
v0x87eda6940_2378 .array/port v0x87eda6940, 2378;
v0x87eda6940_2379 .array/port v0x87eda6940, 2379;
v0x87eda6940_2380 .array/port v0x87eda6940, 2380;
E_0x87ed06b00/595 .event anyedge, v0x87eda6940_2377, v0x87eda6940_2378, v0x87eda6940_2379, v0x87eda6940_2380;
v0x87eda6940_2381 .array/port v0x87eda6940, 2381;
v0x87eda6940_2382 .array/port v0x87eda6940, 2382;
v0x87eda6940_2383 .array/port v0x87eda6940, 2383;
v0x87eda6940_2384 .array/port v0x87eda6940, 2384;
E_0x87ed06b00/596 .event anyedge, v0x87eda6940_2381, v0x87eda6940_2382, v0x87eda6940_2383, v0x87eda6940_2384;
v0x87eda6940_2385 .array/port v0x87eda6940, 2385;
v0x87eda6940_2386 .array/port v0x87eda6940, 2386;
v0x87eda6940_2387 .array/port v0x87eda6940, 2387;
v0x87eda6940_2388 .array/port v0x87eda6940, 2388;
E_0x87ed06b00/597 .event anyedge, v0x87eda6940_2385, v0x87eda6940_2386, v0x87eda6940_2387, v0x87eda6940_2388;
v0x87eda6940_2389 .array/port v0x87eda6940, 2389;
v0x87eda6940_2390 .array/port v0x87eda6940, 2390;
v0x87eda6940_2391 .array/port v0x87eda6940, 2391;
v0x87eda6940_2392 .array/port v0x87eda6940, 2392;
E_0x87ed06b00/598 .event anyedge, v0x87eda6940_2389, v0x87eda6940_2390, v0x87eda6940_2391, v0x87eda6940_2392;
v0x87eda6940_2393 .array/port v0x87eda6940, 2393;
v0x87eda6940_2394 .array/port v0x87eda6940, 2394;
v0x87eda6940_2395 .array/port v0x87eda6940, 2395;
v0x87eda6940_2396 .array/port v0x87eda6940, 2396;
E_0x87ed06b00/599 .event anyedge, v0x87eda6940_2393, v0x87eda6940_2394, v0x87eda6940_2395, v0x87eda6940_2396;
v0x87eda6940_2397 .array/port v0x87eda6940, 2397;
v0x87eda6940_2398 .array/port v0x87eda6940, 2398;
v0x87eda6940_2399 .array/port v0x87eda6940, 2399;
v0x87eda6940_2400 .array/port v0x87eda6940, 2400;
E_0x87ed06b00/600 .event anyedge, v0x87eda6940_2397, v0x87eda6940_2398, v0x87eda6940_2399, v0x87eda6940_2400;
v0x87eda6940_2401 .array/port v0x87eda6940, 2401;
v0x87eda6940_2402 .array/port v0x87eda6940, 2402;
v0x87eda6940_2403 .array/port v0x87eda6940, 2403;
v0x87eda6940_2404 .array/port v0x87eda6940, 2404;
E_0x87ed06b00/601 .event anyedge, v0x87eda6940_2401, v0x87eda6940_2402, v0x87eda6940_2403, v0x87eda6940_2404;
v0x87eda6940_2405 .array/port v0x87eda6940, 2405;
v0x87eda6940_2406 .array/port v0x87eda6940, 2406;
v0x87eda6940_2407 .array/port v0x87eda6940, 2407;
v0x87eda6940_2408 .array/port v0x87eda6940, 2408;
E_0x87ed06b00/602 .event anyedge, v0x87eda6940_2405, v0x87eda6940_2406, v0x87eda6940_2407, v0x87eda6940_2408;
v0x87eda6940_2409 .array/port v0x87eda6940, 2409;
v0x87eda6940_2410 .array/port v0x87eda6940, 2410;
v0x87eda6940_2411 .array/port v0x87eda6940, 2411;
v0x87eda6940_2412 .array/port v0x87eda6940, 2412;
E_0x87ed06b00/603 .event anyedge, v0x87eda6940_2409, v0x87eda6940_2410, v0x87eda6940_2411, v0x87eda6940_2412;
v0x87eda6940_2413 .array/port v0x87eda6940, 2413;
v0x87eda6940_2414 .array/port v0x87eda6940, 2414;
v0x87eda6940_2415 .array/port v0x87eda6940, 2415;
v0x87eda6940_2416 .array/port v0x87eda6940, 2416;
E_0x87ed06b00/604 .event anyedge, v0x87eda6940_2413, v0x87eda6940_2414, v0x87eda6940_2415, v0x87eda6940_2416;
v0x87eda6940_2417 .array/port v0x87eda6940, 2417;
v0x87eda6940_2418 .array/port v0x87eda6940, 2418;
v0x87eda6940_2419 .array/port v0x87eda6940, 2419;
v0x87eda6940_2420 .array/port v0x87eda6940, 2420;
E_0x87ed06b00/605 .event anyedge, v0x87eda6940_2417, v0x87eda6940_2418, v0x87eda6940_2419, v0x87eda6940_2420;
v0x87eda6940_2421 .array/port v0x87eda6940, 2421;
v0x87eda6940_2422 .array/port v0x87eda6940, 2422;
v0x87eda6940_2423 .array/port v0x87eda6940, 2423;
v0x87eda6940_2424 .array/port v0x87eda6940, 2424;
E_0x87ed06b00/606 .event anyedge, v0x87eda6940_2421, v0x87eda6940_2422, v0x87eda6940_2423, v0x87eda6940_2424;
v0x87eda6940_2425 .array/port v0x87eda6940, 2425;
v0x87eda6940_2426 .array/port v0x87eda6940, 2426;
v0x87eda6940_2427 .array/port v0x87eda6940, 2427;
v0x87eda6940_2428 .array/port v0x87eda6940, 2428;
E_0x87ed06b00/607 .event anyedge, v0x87eda6940_2425, v0x87eda6940_2426, v0x87eda6940_2427, v0x87eda6940_2428;
v0x87eda6940_2429 .array/port v0x87eda6940, 2429;
v0x87eda6940_2430 .array/port v0x87eda6940, 2430;
v0x87eda6940_2431 .array/port v0x87eda6940, 2431;
v0x87eda6940_2432 .array/port v0x87eda6940, 2432;
E_0x87ed06b00/608 .event anyedge, v0x87eda6940_2429, v0x87eda6940_2430, v0x87eda6940_2431, v0x87eda6940_2432;
v0x87eda6940_2433 .array/port v0x87eda6940, 2433;
v0x87eda6940_2434 .array/port v0x87eda6940, 2434;
v0x87eda6940_2435 .array/port v0x87eda6940, 2435;
v0x87eda6940_2436 .array/port v0x87eda6940, 2436;
E_0x87ed06b00/609 .event anyedge, v0x87eda6940_2433, v0x87eda6940_2434, v0x87eda6940_2435, v0x87eda6940_2436;
v0x87eda6940_2437 .array/port v0x87eda6940, 2437;
v0x87eda6940_2438 .array/port v0x87eda6940, 2438;
v0x87eda6940_2439 .array/port v0x87eda6940, 2439;
v0x87eda6940_2440 .array/port v0x87eda6940, 2440;
E_0x87ed06b00/610 .event anyedge, v0x87eda6940_2437, v0x87eda6940_2438, v0x87eda6940_2439, v0x87eda6940_2440;
v0x87eda6940_2441 .array/port v0x87eda6940, 2441;
v0x87eda6940_2442 .array/port v0x87eda6940, 2442;
v0x87eda6940_2443 .array/port v0x87eda6940, 2443;
v0x87eda6940_2444 .array/port v0x87eda6940, 2444;
E_0x87ed06b00/611 .event anyedge, v0x87eda6940_2441, v0x87eda6940_2442, v0x87eda6940_2443, v0x87eda6940_2444;
v0x87eda6940_2445 .array/port v0x87eda6940, 2445;
v0x87eda6940_2446 .array/port v0x87eda6940, 2446;
v0x87eda6940_2447 .array/port v0x87eda6940, 2447;
v0x87eda6940_2448 .array/port v0x87eda6940, 2448;
E_0x87ed06b00/612 .event anyedge, v0x87eda6940_2445, v0x87eda6940_2446, v0x87eda6940_2447, v0x87eda6940_2448;
v0x87eda6940_2449 .array/port v0x87eda6940, 2449;
v0x87eda6940_2450 .array/port v0x87eda6940, 2450;
v0x87eda6940_2451 .array/port v0x87eda6940, 2451;
v0x87eda6940_2452 .array/port v0x87eda6940, 2452;
E_0x87ed06b00/613 .event anyedge, v0x87eda6940_2449, v0x87eda6940_2450, v0x87eda6940_2451, v0x87eda6940_2452;
v0x87eda6940_2453 .array/port v0x87eda6940, 2453;
v0x87eda6940_2454 .array/port v0x87eda6940, 2454;
v0x87eda6940_2455 .array/port v0x87eda6940, 2455;
v0x87eda6940_2456 .array/port v0x87eda6940, 2456;
E_0x87ed06b00/614 .event anyedge, v0x87eda6940_2453, v0x87eda6940_2454, v0x87eda6940_2455, v0x87eda6940_2456;
v0x87eda6940_2457 .array/port v0x87eda6940, 2457;
v0x87eda6940_2458 .array/port v0x87eda6940, 2458;
v0x87eda6940_2459 .array/port v0x87eda6940, 2459;
v0x87eda6940_2460 .array/port v0x87eda6940, 2460;
E_0x87ed06b00/615 .event anyedge, v0x87eda6940_2457, v0x87eda6940_2458, v0x87eda6940_2459, v0x87eda6940_2460;
v0x87eda6940_2461 .array/port v0x87eda6940, 2461;
v0x87eda6940_2462 .array/port v0x87eda6940, 2462;
v0x87eda6940_2463 .array/port v0x87eda6940, 2463;
v0x87eda6940_2464 .array/port v0x87eda6940, 2464;
E_0x87ed06b00/616 .event anyedge, v0x87eda6940_2461, v0x87eda6940_2462, v0x87eda6940_2463, v0x87eda6940_2464;
v0x87eda6940_2465 .array/port v0x87eda6940, 2465;
v0x87eda6940_2466 .array/port v0x87eda6940, 2466;
v0x87eda6940_2467 .array/port v0x87eda6940, 2467;
v0x87eda6940_2468 .array/port v0x87eda6940, 2468;
E_0x87ed06b00/617 .event anyedge, v0x87eda6940_2465, v0x87eda6940_2466, v0x87eda6940_2467, v0x87eda6940_2468;
v0x87eda6940_2469 .array/port v0x87eda6940, 2469;
v0x87eda6940_2470 .array/port v0x87eda6940, 2470;
v0x87eda6940_2471 .array/port v0x87eda6940, 2471;
v0x87eda6940_2472 .array/port v0x87eda6940, 2472;
E_0x87ed06b00/618 .event anyedge, v0x87eda6940_2469, v0x87eda6940_2470, v0x87eda6940_2471, v0x87eda6940_2472;
v0x87eda6940_2473 .array/port v0x87eda6940, 2473;
v0x87eda6940_2474 .array/port v0x87eda6940, 2474;
v0x87eda6940_2475 .array/port v0x87eda6940, 2475;
v0x87eda6940_2476 .array/port v0x87eda6940, 2476;
E_0x87ed06b00/619 .event anyedge, v0x87eda6940_2473, v0x87eda6940_2474, v0x87eda6940_2475, v0x87eda6940_2476;
v0x87eda6940_2477 .array/port v0x87eda6940, 2477;
v0x87eda6940_2478 .array/port v0x87eda6940, 2478;
v0x87eda6940_2479 .array/port v0x87eda6940, 2479;
v0x87eda6940_2480 .array/port v0x87eda6940, 2480;
E_0x87ed06b00/620 .event anyedge, v0x87eda6940_2477, v0x87eda6940_2478, v0x87eda6940_2479, v0x87eda6940_2480;
v0x87eda6940_2481 .array/port v0x87eda6940, 2481;
v0x87eda6940_2482 .array/port v0x87eda6940, 2482;
v0x87eda6940_2483 .array/port v0x87eda6940, 2483;
v0x87eda6940_2484 .array/port v0x87eda6940, 2484;
E_0x87ed06b00/621 .event anyedge, v0x87eda6940_2481, v0x87eda6940_2482, v0x87eda6940_2483, v0x87eda6940_2484;
v0x87eda6940_2485 .array/port v0x87eda6940, 2485;
v0x87eda6940_2486 .array/port v0x87eda6940, 2486;
v0x87eda6940_2487 .array/port v0x87eda6940, 2487;
v0x87eda6940_2488 .array/port v0x87eda6940, 2488;
E_0x87ed06b00/622 .event anyedge, v0x87eda6940_2485, v0x87eda6940_2486, v0x87eda6940_2487, v0x87eda6940_2488;
v0x87eda6940_2489 .array/port v0x87eda6940, 2489;
v0x87eda6940_2490 .array/port v0x87eda6940, 2490;
v0x87eda6940_2491 .array/port v0x87eda6940, 2491;
v0x87eda6940_2492 .array/port v0x87eda6940, 2492;
E_0x87ed06b00/623 .event anyedge, v0x87eda6940_2489, v0x87eda6940_2490, v0x87eda6940_2491, v0x87eda6940_2492;
v0x87eda6940_2493 .array/port v0x87eda6940, 2493;
v0x87eda6940_2494 .array/port v0x87eda6940, 2494;
v0x87eda6940_2495 .array/port v0x87eda6940, 2495;
v0x87eda6940_2496 .array/port v0x87eda6940, 2496;
E_0x87ed06b00/624 .event anyedge, v0x87eda6940_2493, v0x87eda6940_2494, v0x87eda6940_2495, v0x87eda6940_2496;
v0x87eda6940_2497 .array/port v0x87eda6940, 2497;
v0x87eda6940_2498 .array/port v0x87eda6940, 2498;
v0x87eda6940_2499 .array/port v0x87eda6940, 2499;
v0x87eda6940_2500 .array/port v0x87eda6940, 2500;
E_0x87ed06b00/625 .event anyedge, v0x87eda6940_2497, v0x87eda6940_2498, v0x87eda6940_2499, v0x87eda6940_2500;
v0x87eda6940_2501 .array/port v0x87eda6940, 2501;
v0x87eda6940_2502 .array/port v0x87eda6940, 2502;
v0x87eda6940_2503 .array/port v0x87eda6940, 2503;
v0x87eda6940_2504 .array/port v0x87eda6940, 2504;
E_0x87ed06b00/626 .event anyedge, v0x87eda6940_2501, v0x87eda6940_2502, v0x87eda6940_2503, v0x87eda6940_2504;
v0x87eda6940_2505 .array/port v0x87eda6940, 2505;
v0x87eda6940_2506 .array/port v0x87eda6940, 2506;
v0x87eda6940_2507 .array/port v0x87eda6940, 2507;
v0x87eda6940_2508 .array/port v0x87eda6940, 2508;
E_0x87ed06b00/627 .event anyedge, v0x87eda6940_2505, v0x87eda6940_2506, v0x87eda6940_2507, v0x87eda6940_2508;
v0x87eda6940_2509 .array/port v0x87eda6940, 2509;
v0x87eda6940_2510 .array/port v0x87eda6940, 2510;
v0x87eda6940_2511 .array/port v0x87eda6940, 2511;
v0x87eda6940_2512 .array/port v0x87eda6940, 2512;
E_0x87ed06b00/628 .event anyedge, v0x87eda6940_2509, v0x87eda6940_2510, v0x87eda6940_2511, v0x87eda6940_2512;
v0x87eda6940_2513 .array/port v0x87eda6940, 2513;
v0x87eda6940_2514 .array/port v0x87eda6940, 2514;
v0x87eda6940_2515 .array/port v0x87eda6940, 2515;
v0x87eda6940_2516 .array/port v0x87eda6940, 2516;
E_0x87ed06b00/629 .event anyedge, v0x87eda6940_2513, v0x87eda6940_2514, v0x87eda6940_2515, v0x87eda6940_2516;
v0x87eda6940_2517 .array/port v0x87eda6940, 2517;
v0x87eda6940_2518 .array/port v0x87eda6940, 2518;
v0x87eda6940_2519 .array/port v0x87eda6940, 2519;
v0x87eda6940_2520 .array/port v0x87eda6940, 2520;
E_0x87ed06b00/630 .event anyedge, v0x87eda6940_2517, v0x87eda6940_2518, v0x87eda6940_2519, v0x87eda6940_2520;
v0x87eda6940_2521 .array/port v0x87eda6940, 2521;
v0x87eda6940_2522 .array/port v0x87eda6940, 2522;
v0x87eda6940_2523 .array/port v0x87eda6940, 2523;
v0x87eda6940_2524 .array/port v0x87eda6940, 2524;
E_0x87ed06b00/631 .event anyedge, v0x87eda6940_2521, v0x87eda6940_2522, v0x87eda6940_2523, v0x87eda6940_2524;
v0x87eda6940_2525 .array/port v0x87eda6940, 2525;
v0x87eda6940_2526 .array/port v0x87eda6940, 2526;
v0x87eda6940_2527 .array/port v0x87eda6940, 2527;
v0x87eda6940_2528 .array/port v0x87eda6940, 2528;
E_0x87ed06b00/632 .event anyedge, v0x87eda6940_2525, v0x87eda6940_2526, v0x87eda6940_2527, v0x87eda6940_2528;
v0x87eda6940_2529 .array/port v0x87eda6940, 2529;
v0x87eda6940_2530 .array/port v0x87eda6940, 2530;
v0x87eda6940_2531 .array/port v0x87eda6940, 2531;
v0x87eda6940_2532 .array/port v0x87eda6940, 2532;
E_0x87ed06b00/633 .event anyedge, v0x87eda6940_2529, v0x87eda6940_2530, v0x87eda6940_2531, v0x87eda6940_2532;
v0x87eda6940_2533 .array/port v0x87eda6940, 2533;
v0x87eda6940_2534 .array/port v0x87eda6940, 2534;
v0x87eda6940_2535 .array/port v0x87eda6940, 2535;
v0x87eda6940_2536 .array/port v0x87eda6940, 2536;
E_0x87ed06b00/634 .event anyedge, v0x87eda6940_2533, v0x87eda6940_2534, v0x87eda6940_2535, v0x87eda6940_2536;
v0x87eda6940_2537 .array/port v0x87eda6940, 2537;
v0x87eda6940_2538 .array/port v0x87eda6940, 2538;
v0x87eda6940_2539 .array/port v0x87eda6940, 2539;
v0x87eda6940_2540 .array/port v0x87eda6940, 2540;
E_0x87ed06b00/635 .event anyedge, v0x87eda6940_2537, v0x87eda6940_2538, v0x87eda6940_2539, v0x87eda6940_2540;
v0x87eda6940_2541 .array/port v0x87eda6940, 2541;
v0x87eda6940_2542 .array/port v0x87eda6940, 2542;
v0x87eda6940_2543 .array/port v0x87eda6940, 2543;
v0x87eda6940_2544 .array/port v0x87eda6940, 2544;
E_0x87ed06b00/636 .event anyedge, v0x87eda6940_2541, v0x87eda6940_2542, v0x87eda6940_2543, v0x87eda6940_2544;
v0x87eda6940_2545 .array/port v0x87eda6940, 2545;
v0x87eda6940_2546 .array/port v0x87eda6940, 2546;
v0x87eda6940_2547 .array/port v0x87eda6940, 2547;
v0x87eda6940_2548 .array/port v0x87eda6940, 2548;
E_0x87ed06b00/637 .event anyedge, v0x87eda6940_2545, v0x87eda6940_2546, v0x87eda6940_2547, v0x87eda6940_2548;
v0x87eda6940_2549 .array/port v0x87eda6940, 2549;
v0x87eda6940_2550 .array/port v0x87eda6940, 2550;
v0x87eda6940_2551 .array/port v0x87eda6940, 2551;
v0x87eda6940_2552 .array/port v0x87eda6940, 2552;
E_0x87ed06b00/638 .event anyedge, v0x87eda6940_2549, v0x87eda6940_2550, v0x87eda6940_2551, v0x87eda6940_2552;
v0x87eda6940_2553 .array/port v0x87eda6940, 2553;
v0x87eda6940_2554 .array/port v0x87eda6940, 2554;
v0x87eda6940_2555 .array/port v0x87eda6940, 2555;
v0x87eda6940_2556 .array/port v0x87eda6940, 2556;
E_0x87ed06b00/639 .event anyedge, v0x87eda6940_2553, v0x87eda6940_2554, v0x87eda6940_2555, v0x87eda6940_2556;
v0x87eda6940_2557 .array/port v0x87eda6940, 2557;
v0x87eda6940_2558 .array/port v0x87eda6940, 2558;
v0x87eda6940_2559 .array/port v0x87eda6940, 2559;
v0x87eda6940_2560 .array/port v0x87eda6940, 2560;
E_0x87ed06b00/640 .event anyedge, v0x87eda6940_2557, v0x87eda6940_2558, v0x87eda6940_2559, v0x87eda6940_2560;
v0x87eda6940_2561 .array/port v0x87eda6940, 2561;
v0x87eda6940_2562 .array/port v0x87eda6940, 2562;
v0x87eda6940_2563 .array/port v0x87eda6940, 2563;
v0x87eda6940_2564 .array/port v0x87eda6940, 2564;
E_0x87ed06b00/641 .event anyedge, v0x87eda6940_2561, v0x87eda6940_2562, v0x87eda6940_2563, v0x87eda6940_2564;
v0x87eda6940_2565 .array/port v0x87eda6940, 2565;
v0x87eda6940_2566 .array/port v0x87eda6940, 2566;
v0x87eda6940_2567 .array/port v0x87eda6940, 2567;
v0x87eda6940_2568 .array/port v0x87eda6940, 2568;
E_0x87ed06b00/642 .event anyedge, v0x87eda6940_2565, v0x87eda6940_2566, v0x87eda6940_2567, v0x87eda6940_2568;
v0x87eda6940_2569 .array/port v0x87eda6940, 2569;
v0x87eda6940_2570 .array/port v0x87eda6940, 2570;
v0x87eda6940_2571 .array/port v0x87eda6940, 2571;
v0x87eda6940_2572 .array/port v0x87eda6940, 2572;
E_0x87ed06b00/643 .event anyedge, v0x87eda6940_2569, v0x87eda6940_2570, v0x87eda6940_2571, v0x87eda6940_2572;
v0x87eda6940_2573 .array/port v0x87eda6940, 2573;
v0x87eda6940_2574 .array/port v0x87eda6940, 2574;
v0x87eda6940_2575 .array/port v0x87eda6940, 2575;
v0x87eda6940_2576 .array/port v0x87eda6940, 2576;
E_0x87ed06b00/644 .event anyedge, v0x87eda6940_2573, v0x87eda6940_2574, v0x87eda6940_2575, v0x87eda6940_2576;
v0x87eda6940_2577 .array/port v0x87eda6940, 2577;
v0x87eda6940_2578 .array/port v0x87eda6940, 2578;
v0x87eda6940_2579 .array/port v0x87eda6940, 2579;
v0x87eda6940_2580 .array/port v0x87eda6940, 2580;
E_0x87ed06b00/645 .event anyedge, v0x87eda6940_2577, v0x87eda6940_2578, v0x87eda6940_2579, v0x87eda6940_2580;
v0x87eda6940_2581 .array/port v0x87eda6940, 2581;
v0x87eda6940_2582 .array/port v0x87eda6940, 2582;
v0x87eda6940_2583 .array/port v0x87eda6940, 2583;
v0x87eda6940_2584 .array/port v0x87eda6940, 2584;
E_0x87ed06b00/646 .event anyedge, v0x87eda6940_2581, v0x87eda6940_2582, v0x87eda6940_2583, v0x87eda6940_2584;
v0x87eda6940_2585 .array/port v0x87eda6940, 2585;
v0x87eda6940_2586 .array/port v0x87eda6940, 2586;
v0x87eda6940_2587 .array/port v0x87eda6940, 2587;
v0x87eda6940_2588 .array/port v0x87eda6940, 2588;
E_0x87ed06b00/647 .event anyedge, v0x87eda6940_2585, v0x87eda6940_2586, v0x87eda6940_2587, v0x87eda6940_2588;
v0x87eda6940_2589 .array/port v0x87eda6940, 2589;
v0x87eda6940_2590 .array/port v0x87eda6940, 2590;
v0x87eda6940_2591 .array/port v0x87eda6940, 2591;
v0x87eda6940_2592 .array/port v0x87eda6940, 2592;
E_0x87ed06b00/648 .event anyedge, v0x87eda6940_2589, v0x87eda6940_2590, v0x87eda6940_2591, v0x87eda6940_2592;
v0x87eda6940_2593 .array/port v0x87eda6940, 2593;
v0x87eda6940_2594 .array/port v0x87eda6940, 2594;
v0x87eda6940_2595 .array/port v0x87eda6940, 2595;
v0x87eda6940_2596 .array/port v0x87eda6940, 2596;
E_0x87ed06b00/649 .event anyedge, v0x87eda6940_2593, v0x87eda6940_2594, v0x87eda6940_2595, v0x87eda6940_2596;
v0x87eda6940_2597 .array/port v0x87eda6940, 2597;
v0x87eda6940_2598 .array/port v0x87eda6940, 2598;
v0x87eda6940_2599 .array/port v0x87eda6940, 2599;
v0x87eda6940_2600 .array/port v0x87eda6940, 2600;
E_0x87ed06b00/650 .event anyedge, v0x87eda6940_2597, v0x87eda6940_2598, v0x87eda6940_2599, v0x87eda6940_2600;
v0x87eda6940_2601 .array/port v0x87eda6940, 2601;
v0x87eda6940_2602 .array/port v0x87eda6940, 2602;
v0x87eda6940_2603 .array/port v0x87eda6940, 2603;
v0x87eda6940_2604 .array/port v0x87eda6940, 2604;
E_0x87ed06b00/651 .event anyedge, v0x87eda6940_2601, v0x87eda6940_2602, v0x87eda6940_2603, v0x87eda6940_2604;
v0x87eda6940_2605 .array/port v0x87eda6940, 2605;
v0x87eda6940_2606 .array/port v0x87eda6940, 2606;
v0x87eda6940_2607 .array/port v0x87eda6940, 2607;
v0x87eda6940_2608 .array/port v0x87eda6940, 2608;
E_0x87ed06b00/652 .event anyedge, v0x87eda6940_2605, v0x87eda6940_2606, v0x87eda6940_2607, v0x87eda6940_2608;
v0x87eda6940_2609 .array/port v0x87eda6940, 2609;
v0x87eda6940_2610 .array/port v0x87eda6940, 2610;
v0x87eda6940_2611 .array/port v0x87eda6940, 2611;
v0x87eda6940_2612 .array/port v0x87eda6940, 2612;
E_0x87ed06b00/653 .event anyedge, v0x87eda6940_2609, v0x87eda6940_2610, v0x87eda6940_2611, v0x87eda6940_2612;
v0x87eda6940_2613 .array/port v0x87eda6940, 2613;
v0x87eda6940_2614 .array/port v0x87eda6940, 2614;
v0x87eda6940_2615 .array/port v0x87eda6940, 2615;
v0x87eda6940_2616 .array/port v0x87eda6940, 2616;
E_0x87ed06b00/654 .event anyedge, v0x87eda6940_2613, v0x87eda6940_2614, v0x87eda6940_2615, v0x87eda6940_2616;
v0x87eda6940_2617 .array/port v0x87eda6940, 2617;
v0x87eda6940_2618 .array/port v0x87eda6940, 2618;
v0x87eda6940_2619 .array/port v0x87eda6940, 2619;
v0x87eda6940_2620 .array/port v0x87eda6940, 2620;
E_0x87ed06b00/655 .event anyedge, v0x87eda6940_2617, v0x87eda6940_2618, v0x87eda6940_2619, v0x87eda6940_2620;
v0x87eda6940_2621 .array/port v0x87eda6940, 2621;
v0x87eda6940_2622 .array/port v0x87eda6940, 2622;
v0x87eda6940_2623 .array/port v0x87eda6940, 2623;
v0x87eda6940_2624 .array/port v0x87eda6940, 2624;
E_0x87ed06b00/656 .event anyedge, v0x87eda6940_2621, v0x87eda6940_2622, v0x87eda6940_2623, v0x87eda6940_2624;
v0x87eda6940_2625 .array/port v0x87eda6940, 2625;
v0x87eda6940_2626 .array/port v0x87eda6940, 2626;
v0x87eda6940_2627 .array/port v0x87eda6940, 2627;
v0x87eda6940_2628 .array/port v0x87eda6940, 2628;
E_0x87ed06b00/657 .event anyedge, v0x87eda6940_2625, v0x87eda6940_2626, v0x87eda6940_2627, v0x87eda6940_2628;
v0x87eda6940_2629 .array/port v0x87eda6940, 2629;
v0x87eda6940_2630 .array/port v0x87eda6940, 2630;
v0x87eda6940_2631 .array/port v0x87eda6940, 2631;
v0x87eda6940_2632 .array/port v0x87eda6940, 2632;
E_0x87ed06b00/658 .event anyedge, v0x87eda6940_2629, v0x87eda6940_2630, v0x87eda6940_2631, v0x87eda6940_2632;
v0x87eda6940_2633 .array/port v0x87eda6940, 2633;
v0x87eda6940_2634 .array/port v0x87eda6940, 2634;
v0x87eda6940_2635 .array/port v0x87eda6940, 2635;
v0x87eda6940_2636 .array/port v0x87eda6940, 2636;
E_0x87ed06b00/659 .event anyedge, v0x87eda6940_2633, v0x87eda6940_2634, v0x87eda6940_2635, v0x87eda6940_2636;
v0x87eda6940_2637 .array/port v0x87eda6940, 2637;
v0x87eda6940_2638 .array/port v0x87eda6940, 2638;
v0x87eda6940_2639 .array/port v0x87eda6940, 2639;
v0x87eda6940_2640 .array/port v0x87eda6940, 2640;
E_0x87ed06b00/660 .event anyedge, v0x87eda6940_2637, v0x87eda6940_2638, v0x87eda6940_2639, v0x87eda6940_2640;
v0x87eda6940_2641 .array/port v0x87eda6940, 2641;
v0x87eda6940_2642 .array/port v0x87eda6940, 2642;
v0x87eda6940_2643 .array/port v0x87eda6940, 2643;
v0x87eda6940_2644 .array/port v0x87eda6940, 2644;
E_0x87ed06b00/661 .event anyedge, v0x87eda6940_2641, v0x87eda6940_2642, v0x87eda6940_2643, v0x87eda6940_2644;
v0x87eda6940_2645 .array/port v0x87eda6940, 2645;
v0x87eda6940_2646 .array/port v0x87eda6940, 2646;
v0x87eda6940_2647 .array/port v0x87eda6940, 2647;
v0x87eda6940_2648 .array/port v0x87eda6940, 2648;
E_0x87ed06b00/662 .event anyedge, v0x87eda6940_2645, v0x87eda6940_2646, v0x87eda6940_2647, v0x87eda6940_2648;
v0x87eda6940_2649 .array/port v0x87eda6940, 2649;
v0x87eda6940_2650 .array/port v0x87eda6940, 2650;
v0x87eda6940_2651 .array/port v0x87eda6940, 2651;
v0x87eda6940_2652 .array/port v0x87eda6940, 2652;
E_0x87ed06b00/663 .event anyedge, v0x87eda6940_2649, v0x87eda6940_2650, v0x87eda6940_2651, v0x87eda6940_2652;
v0x87eda6940_2653 .array/port v0x87eda6940, 2653;
v0x87eda6940_2654 .array/port v0x87eda6940, 2654;
v0x87eda6940_2655 .array/port v0x87eda6940, 2655;
v0x87eda6940_2656 .array/port v0x87eda6940, 2656;
E_0x87ed06b00/664 .event anyedge, v0x87eda6940_2653, v0x87eda6940_2654, v0x87eda6940_2655, v0x87eda6940_2656;
v0x87eda6940_2657 .array/port v0x87eda6940, 2657;
v0x87eda6940_2658 .array/port v0x87eda6940, 2658;
v0x87eda6940_2659 .array/port v0x87eda6940, 2659;
v0x87eda6940_2660 .array/port v0x87eda6940, 2660;
E_0x87ed06b00/665 .event anyedge, v0x87eda6940_2657, v0x87eda6940_2658, v0x87eda6940_2659, v0x87eda6940_2660;
v0x87eda6940_2661 .array/port v0x87eda6940, 2661;
v0x87eda6940_2662 .array/port v0x87eda6940, 2662;
v0x87eda6940_2663 .array/port v0x87eda6940, 2663;
v0x87eda6940_2664 .array/port v0x87eda6940, 2664;
E_0x87ed06b00/666 .event anyedge, v0x87eda6940_2661, v0x87eda6940_2662, v0x87eda6940_2663, v0x87eda6940_2664;
v0x87eda6940_2665 .array/port v0x87eda6940, 2665;
v0x87eda6940_2666 .array/port v0x87eda6940, 2666;
v0x87eda6940_2667 .array/port v0x87eda6940, 2667;
v0x87eda6940_2668 .array/port v0x87eda6940, 2668;
E_0x87ed06b00/667 .event anyedge, v0x87eda6940_2665, v0x87eda6940_2666, v0x87eda6940_2667, v0x87eda6940_2668;
v0x87eda6940_2669 .array/port v0x87eda6940, 2669;
v0x87eda6940_2670 .array/port v0x87eda6940, 2670;
v0x87eda6940_2671 .array/port v0x87eda6940, 2671;
v0x87eda6940_2672 .array/port v0x87eda6940, 2672;
E_0x87ed06b00/668 .event anyedge, v0x87eda6940_2669, v0x87eda6940_2670, v0x87eda6940_2671, v0x87eda6940_2672;
v0x87eda6940_2673 .array/port v0x87eda6940, 2673;
v0x87eda6940_2674 .array/port v0x87eda6940, 2674;
v0x87eda6940_2675 .array/port v0x87eda6940, 2675;
v0x87eda6940_2676 .array/port v0x87eda6940, 2676;
E_0x87ed06b00/669 .event anyedge, v0x87eda6940_2673, v0x87eda6940_2674, v0x87eda6940_2675, v0x87eda6940_2676;
v0x87eda6940_2677 .array/port v0x87eda6940, 2677;
v0x87eda6940_2678 .array/port v0x87eda6940, 2678;
v0x87eda6940_2679 .array/port v0x87eda6940, 2679;
v0x87eda6940_2680 .array/port v0x87eda6940, 2680;
E_0x87ed06b00/670 .event anyedge, v0x87eda6940_2677, v0x87eda6940_2678, v0x87eda6940_2679, v0x87eda6940_2680;
v0x87eda6940_2681 .array/port v0x87eda6940, 2681;
v0x87eda6940_2682 .array/port v0x87eda6940, 2682;
v0x87eda6940_2683 .array/port v0x87eda6940, 2683;
v0x87eda6940_2684 .array/port v0x87eda6940, 2684;
E_0x87ed06b00/671 .event anyedge, v0x87eda6940_2681, v0x87eda6940_2682, v0x87eda6940_2683, v0x87eda6940_2684;
v0x87eda6940_2685 .array/port v0x87eda6940, 2685;
v0x87eda6940_2686 .array/port v0x87eda6940, 2686;
v0x87eda6940_2687 .array/port v0x87eda6940, 2687;
v0x87eda6940_2688 .array/port v0x87eda6940, 2688;
E_0x87ed06b00/672 .event anyedge, v0x87eda6940_2685, v0x87eda6940_2686, v0x87eda6940_2687, v0x87eda6940_2688;
v0x87eda6940_2689 .array/port v0x87eda6940, 2689;
v0x87eda6940_2690 .array/port v0x87eda6940, 2690;
v0x87eda6940_2691 .array/port v0x87eda6940, 2691;
v0x87eda6940_2692 .array/port v0x87eda6940, 2692;
E_0x87ed06b00/673 .event anyedge, v0x87eda6940_2689, v0x87eda6940_2690, v0x87eda6940_2691, v0x87eda6940_2692;
v0x87eda6940_2693 .array/port v0x87eda6940, 2693;
v0x87eda6940_2694 .array/port v0x87eda6940, 2694;
v0x87eda6940_2695 .array/port v0x87eda6940, 2695;
v0x87eda6940_2696 .array/port v0x87eda6940, 2696;
E_0x87ed06b00/674 .event anyedge, v0x87eda6940_2693, v0x87eda6940_2694, v0x87eda6940_2695, v0x87eda6940_2696;
v0x87eda6940_2697 .array/port v0x87eda6940, 2697;
v0x87eda6940_2698 .array/port v0x87eda6940, 2698;
v0x87eda6940_2699 .array/port v0x87eda6940, 2699;
v0x87eda6940_2700 .array/port v0x87eda6940, 2700;
E_0x87ed06b00/675 .event anyedge, v0x87eda6940_2697, v0x87eda6940_2698, v0x87eda6940_2699, v0x87eda6940_2700;
v0x87eda6940_2701 .array/port v0x87eda6940, 2701;
v0x87eda6940_2702 .array/port v0x87eda6940, 2702;
v0x87eda6940_2703 .array/port v0x87eda6940, 2703;
v0x87eda6940_2704 .array/port v0x87eda6940, 2704;
E_0x87ed06b00/676 .event anyedge, v0x87eda6940_2701, v0x87eda6940_2702, v0x87eda6940_2703, v0x87eda6940_2704;
v0x87eda6940_2705 .array/port v0x87eda6940, 2705;
v0x87eda6940_2706 .array/port v0x87eda6940, 2706;
v0x87eda6940_2707 .array/port v0x87eda6940, 2707;
v0x87eda6940_2708 .array/port v0x87eda6940, 2708;
E_0x87ed06b00/677 .event anyedge, v0x87eda6940_2705, v0x87eda6940_2706, v0x87eda6940_2707, v0x87eda6940_2708;
v0x87eda6940_2709 .array/port v0x87eda6940, 2709;
v0x87eda6940_2710 .array/port v0x87eda6940, 2710;
v0x87eda6940_2711 .array/port v0x87eda6940, 2711;
v0x87eda6940_2712 .array/port v0x87eda6940, 2712;
E_0x87ed06b00/678 .event anyedge, v0x87eda6940_2709, v0x87eda6940_2710, v0x87eda6940_2711, v0x87eda6940_2712;
v0x87eda6940_2713 .array/port v0x87eda6940, 2713;
v0x87eda6940_2714 .array/port v0x87eda6940, 2714;
v0x87eda6940_2715 .array/port v0x87eda6940, 2715;
v0x87eda6940_2716 .array/port v0x87eda6940, 2716;
E_0x87ed06b00/679 .event anyedge, v0x87eda6940_2713, v0x87eda6940_2714, v0x87eda6940_2715, v0x87eda6940_2716;
v0x87eda6940_2717 .array/port v0x87eda6940, 2717;
v0x87eda6940_2718 .array/port v0x87eda6940, 2718;
v0x87eda6940_2719 .array/port v0x87eda6940, 2719;
v0x87eda6940_2720 .array/port v0x87eda6940, 2720;
E_0x87ed06b00/680 .event anyedge, v0x87eda6940_2717, v0x87eda6940_2718, v0x87eda6940_2719, v0x87eda6940_2720;
v0x87eda6940_2721 .array/port v0x87eda6940, 2721;
v0x87eda6940_2722 .array/port v0x87eda6940, 2722;
v0x87eda6940_2723 .array/port v0x87eda6940, 2723;
v0x87eda6940_2724 .array/port v0x87eda6940, 2724;
E_0x87ed06b00/681 .event anyedge, v0x87eda6940_2721, v0x87eda6940_2722, v0x87eda6940_2723, v0x87eda6940_2724;
v0x87eda6940_2725 .array/port v0x87eda6940, 2725;
v0x87eda6940_2726 .array/port v0x87eda6940, 2726;
v0x87eda6940_2727 .array/port v0x87eda6940, 2727;
v0x87eda6940_2728 .array/port v0x87eda6940, 2728;
E_0x87ed06b00/682 .event anyedge, v0x87eda6940_2725, v0x87eda6940_2726, v0x87eda6940_2727, v0x87eda6940_2728;
v0x87eda6940_2729 .array/port v0x87eda6940, 2729;
v0x87eda6940_2730 .array/port v0x87eda6940, 2730;
v0x87eda6940_2731 .array/port v0x87eda6940, 2731;
v0x87eda6940_2732 .array/port v0x87eda6940, 2732;
E_0x87ed06b00/683 .event anyedge, v0x87eda6940_2729, v0x87eda6940_2730, v0x87eda6940_2731, v0x87eda6940_2732;
v0x87eda6940_2733 .array/port v0x87eda6940, 2733;
v0x87eda6940_2734 .array/port v0x87eda6940, 2734;
v0x87eda6940_2735 .array/port v0x87eda6940, 2735;
v0x87eda6940_2736 .array/port v0x87eda6940, 2736;
E_0x87ed06b00/684 .event anyedge, v0x87eda6940_2733, v0x87eda6940_2734, v0x87eda6940_2735, v0x87eda6940_2736;
v0x87eda6940_2737 .array/port v0x87eda6940, 2737;
v0x87eda6940_2738 .array/port v0x87eda6940, 2738;
v0x87eda6940_2739 .array/port v0x87eda6940, 2739;
v0x87eda6940_2740 .array/port v0x87eda6940, 2740;
E_0x87ed06b00/685 .event anyedge, v0x87eda6940_2737, v0x87eda6940_2738, v0x87eda6940_2739, v0x87eda6940_2740;
v0x87eda6940_2741 .array/port v0x87eda6940, 2741;
v0x87eda6940_2742 .array/port v0x87eda6940, 2742;
v0x87eda6940_2743 .array/port v0x87eda6940, 2743;
v0x87eda6940_2744 .array/port v0x87eda6940, 2744;
E_0x87ed06b00/686 .event anyedge, v0x87eda6940_2741, v0x87eda6940_2742, v0x87eda6940_2743, v0x87eda6940_2744;
v0x87eda6940_2745 .array/port v0x87eda6940, 2745;
v0x87eda6940_2746 .array/port v0x87eda6940, 2746;
v0x87eda6940_2747 .array/port v0x87eda6940, 2747;
v0x87eda6940_2748 .array/port v0x87eda6940, 2748;
E_0x87ed06b00/687 .event anyedge, v0x87eda6940_2745, v0x87eda6940_2746, v0x87eda6940_2747, v0x87eda6940_2748;
v0x87eda6940_2749 .array/port v0x87eda6940, 2749;
v0x87eda6940_2750 .array/port v0x87eda6940, 2750;
v0x87eda6940_2751 .array/port v0x87eda6940, 2751;
v0x87eda6940_2752 .array/port v0x87eda6940, 2752;
E_0x87ed06b00/688 .event anyedge, v0x87eda6940_2749, v0x87eda6940_2750, v0x87eda6940_2751, v0x87eda6940_2752;
v0x87eda6940_2753 .array/port v0x87eda6940, 2753;
v0x87eda6940_2754 .array/port v0x87eda6940, 2754;
v0x87eda6940_2755 .array/port v0x87eda6940, 2755;
v0x87eda6940_2756 .array/port v0x87eda6940, 2756;
E_0x87ed06b00/689 .event anyedge, v0x87eda6940_2753, v0x87eda6940_2754, v0x87eda6940_2755, v0x87eda6940_2756;
v0x87eda6940_2757 .array/port v0x87eda6940, 2757;
v0x87eda6940_2758 .array/port v0x87eda6940, 2758;
v0x87eda6940_2759 .array/port v0x87eda6940, 2759;
v0x87eda6940_2760 .array/port v0x87eda6940, 2760;
E_0x87ed06b00/690 .event anyedge, v0x87eda6940_2757, v0x87eda6940_2758, v0x87eda6940_2759, v0x87eda6940_2760;
v0x87eda6940_2761 .array/port v0x87eda6940, 2761;
v0x87eda6940_2762 .array/port v0x87eda6940, 2762;
v0x87eda6940_2763 .array/port v0x87eda6940, 2763;
v0x87eda6940_2764 .array/port v0x87eda6940, 2764;
E_0x87ed06b00/691 .event anyedge, v0x87eda6940_2761, v0x87eda6940_2762, v0x87eda6940_2763, v0x87eda6940_2764;
v0x87eda6940_2765 .array/port v0x87eda6940, 2765;
v0x87eda6940_2766 .array/port v0x87eda6940, 2766;
v0x87eda6940_2767 .array/port v0x87eda6940, 2767;
v0x87eda6940_2768 .array/port v0x87eda6940, 2768;
E_0x87ed06b00/692 .event anyedge, v0x87eda6940_2765, v0x87eda6940_2766, v0x87eda6940_2767, v0x87eda6940_2768;
v0x87eda6940_2769 .array/port v0x87eda6940, 2769;
v0x87eda6940_2770 .array/port v0x87eda6940, 2770;
v0x87eda6940_2771 .array/port v0x87eda6940, 2771;
v0x87eda6940_2772 .array/port v0x87eda6940, 2772;
E_0x87ed06b00/693 .event anyedge, v0x87eda6940_2769, v0x87eda6940_2770, v0x87eda6940_2771, v0x87eda6940_2772;
v0x87eda6940_2773 .array/port v0x87eda6940, 2773;
v0x87eda6940_2774 .array/port v0x87eda6940, 2774;
v0x87eda6940_2775 .array/port v0x87eda6940, 2775;
v0x87eda6940_2776 .array/port v0x87eda6940, 2776;
E_0x87ed06b00/694 .event anyedge, v0x87eda6940_2773, v0x87eda6940_2774, v0x87eda6940_2775, v0x87eda6940_2776;
v0x87eda6940_2777 .array/port v0x87eda6940, 2777;
v0x87eda6940_2778 .array/port v0x87eda6940, 2778;
v0x87eda6940_2779 .array/port v0x87eda6940, 2779;
v0x87eda6940_2780 .array/port v0x87eda6940, 2780;
E_0x87ed06b00/695 .event anyedge, v0x87eda6940_2777, v0x87eda6940_2778, v0x87eda6940_2779, v0x87eda6940_2780;
v0x87eda6940_2781 .array/port v0x87eda6940, 2781;
v0x87eda6940_2782 .array/port v0x87eda6940, 2782;
v0x87eda6940_2783 .array/port v0x87eda6940, 2783;
v0x87eda6940_2784 .array/port v0x87eda6940, 2784;
E_0x87ed06b00/696 .event anyedge, v0x87eda6940_2781, v0x87eda6940_2782, v0x87eda6940_2783, v0x87eda6940_2784;
v0x87eda6940_2785 .array/port v0x87eda6940, 2785;
v0x87eda6940_2786 .array/port v0x87eda6940, 2786;
v0x87eda6940_2787 .array/port v0x87eda6940, 2787;
v0x87eda6940_2788 .array/port v0x87eda6940, 2788;
E_0x87ed06b00/697 .event anyedge, v0x87eda6940_2785, v0x87eda6940_2786, v0x87eda6940_2787, v0x87eda6940_2788;
v0x87eda6940_2789 .array/port v0x87eda6940, 2789;
v0x87eda6940_2790 .array/port v0x87eda6940, 2790;
v0x87eda6940_2791 .array/port v0x87eda6940, 2791;
v0x87eda6940_2792 .array/port v0x87eda6940, 2792;
E_0x87ed06b00/698 .event anyedge, v0x87eda6940_2789, v0x87eda6940_2790, v0x87eda6940_2791, v0x87eda6940_2792;
v0x87eda6940_2793 .array/port v0x87eda6940, 2793;
v0x87eda6940_2794 .array/port v0x87eda6940, 2794;
v0x87eda6940_2795 .array/port v0x87eda6940, 2795;
v0x87eda6940_2796 .array/port v0x87eda6940, 2796;
E_0x87ed06b00/699 .event anyedge, v0x87eda6940_2793, v0x87eda6940_2794, v0x87eda6940_2795, v0x87eda6940_2796;
v0x87eda6940_2797 .array/port v0x87eda6940, 2797;
v0x87eda6940_2798 .array/port v0x87eda6940, 2798;
v0x87eda6940_2799 .array/port v0x87eda6940, 2799;
v0x87eda6940_2800 .array/port v0x87eda6940, 2800;
E_0x87ed06b00/700 .event anyedge, v0x87eda6940_2797, v0x87eda6940_2798, v0x87eda6940_2799, v0x87eda6940_2800;
v0x87eda6940_2801 .array/port v0x87eda6940, 2801;
v0x87eda6940_2802 .array/port v0x87eda6940, 2802;
v0x87eda6940_2803 .array/port v0x87eda6940, 2803;
v0x87eda6940_2804 .array/port v0x87eda6940, 2804;
E_0x87ed06b00/701 .event anyedge, v0x87eda6940_2801, v0x87eda6940_2802, v0x87eda6940_2803, v0x87eda6940_2804;
v0x87eda6940_2805 .array/port v0x87eda6940, 2805;
v0x87eda6940_2806 .array/port v0x87eda6940, 2806;
v0x87eda6940_2807 .array/port v0x87eda6940, 2807;
v0x87eda6940_2808 .array/port v0x87eda6940, 2808;
E_0x87ed06b00/702 .event anyedge, v0x87eda6940_2805, v0x87eda6940_2806, v0x87eda6940_2807, v0x87eda6940_2808;
v0x87eda6940_2809 .array/port v0x87eda6940, 2809;
v0x87eda6940_2810 .array/port v0x87eda6940, 2810;
v0x87eda6940_2811 .array/port v0x87eda6940, 2811;
v0x87eda6940_2812 .array/port v0x87eda6940, 2812;
E_0x87ed06b00/703 .event anyedge, v0x87eda6940_2809, v0x87eda6940_2810, v0x87eda6940_2811, v0x87eda6940_2812;
v0x87eda6940_2813 .array/port v0x87eda6940, 2813;
v0x87eda6940_2814 .array/port v0x87eda6940, 2814;
v0x87eda6940_2815 .array/port v0x87eda6940, 2815;
v0x87eda6940_2816 .array/port v0x87eda6940, 2816;
E_0x87ed06b00/704 .event anyedge, v0x87eda6940_2813, v0x87eda6940_2814, v0x87eda6940_2815, v0x87eda6940_2816;
v0x87eda6940_2817 .array/port v0x87eda6940, 2817;
v0x87eda6940_2818 .array/port v0x87eda6940, 2818;
v0x87eda6940_2819 .array/port v0x87eda6940, 2819;
v0x87eda6940_2820 .array/port v0x87eda6940, 2820;
E_0x87ed06b00/705 .event anyedge, v0x87eda6940_2817, v0x87eda6940_2818, v0x87eda6940_2819, v0x87eda6940_2820;
v0x87eda6940_2821 .array/port v0x87eda6940, 2821;
v0x87eda6940_2822 .array/port v0x87eda6940, 2822;
v0x87eda6940_2823 .array/port v0x87eda6940, 2823;
v0x87eda6940_2824 .array/port v0x87eda6940, 2824;
E_0x87ed06b00/706 .event anyedge, v0x87eda6940_2821, v0x87eda6940_2822, v0x87eda6940_2823, v0x87eda6940_2824;
v0x87eda6940_2825 .array/port v0x87eda6940, 2825;
v0x87eda6940_2826 .array/port v0x87eda6940, 2826;
v0x87eda6940_2827 .array/port v0x87eda6940, 2827;
v0x87eda6940_2828 .array/port v0x87eda6940, 2828;
E_0x87ed06b00/707 .event anyedge, v0x87eda6940_2825, v0x87eda6940_2826, v0x87eda6940_2827, v0x87eda6940_2828;
v0x87eda6940_2829 .array/port v0x87eda6940, 2829;
v0x87eda6940_2830 .array/port v0x87eda6940, 2830;
v0x87eda6940_2831 .array/port v0x87eda6940, 2831;
v0x87eda6940_2832 .array/port v0x87eda6940, 2832;
E_0x87ed06b00/708 .event anyedge, v0x87eda6940_2829, v0x87eda6940_2830, v0x87eda6940_2831, v0x87eda6940_2832;
v0x87eda6940_2833 .array/port v0x87eda6940, 2833;
v0x87eda6940_2834 .array/port v0x87eda6940, 2834;
v0x87eda6940_2835 .array/port v0x87eda6940, 2835;
v0x87eda6940_2836 .array/port v0x87eda6940, 2836;
E_0x87ed06b00/709 .event anyedge, v0x87eda6940_2833, v0x87eda6940_2834, v0x87eda6940_2835, v0x87eda6940_2836;
v0x87eda6940_2837 .array/port v0x87eda6940, 2837;
v0x87eda6940_2838 .array/port v0x87eda6940, 2838;
v0x87eda6940_2839 .array/port v0x87eda6940, 2839;
v0x87eda6940_2840 .array/port v0x87eda6940, 2840;
E_0x87ed06b00/710 .event anyedge, v0x87eda6940_2837, v0x87eda6940_2838, v0x87eda6940_2839, v0x87eda6940_2840;
v0x87eda6940_2841 .array/port v0x87eda6940, 2841;
v0x87eda6940_2842 .array/port v0x87eda6940, 2842;
v0x87eda6940_2843 .array/port v0x87eda6940, 2843;
v0x87eda6940_2844 .array/port v0x87eda6940, 2844;
E_0x87ed06b00/711 .event anyedge, v0x87eda6940_2841, v0x87eda6940_2842, v0x87eda6940_2843, v0x87eda6940_2844;
v0x87eda6940_2845 .array/port v0x87eda6940, 2845;
v0x87eda6940_2846 .array/port v0x87eda6940, 2846;
v0x87eda6940_2847 .array/port v0x87eda6940, 2847;
v0x87eda6940_2848 .array/port v0x87eda6940, 2848;
E_0x87ed06b00/712 .event anyedge, v0x87eda6940_2845, v0x87eda6940_2846, v0x87eda6940_2847, v0x87eda6940_2848;
v0x87eda6940_2849 .array/port v0x87eda6940, 2849;
v0x87eda6940_2850 .array/port v0x87eda6940, 2850;
v0x87eda6940_2851 .array/port v0x87eda6940, 2851;
v0x87eda6940_2852 .array/port v0x87eda6940, 2852;
E_0x87ed06b00/713 .event anyedge, v0x87eda6940_2849, v0x87eda6940_2850, v0x87eda6940_2851, v0x87eda6940_2852;
v0x87eda6940_2853 .array/port v0x87eda6940, 2853;
v0x87eda6940_2854 .array/port v0x87eda6940, 2854;
v0x87eda6940_2855 .array/port v0x87eda6940, 2855;
v0x87eda6940_2856 .array/port v0x87eda6940, 2856;
E_0x87ed06b00/714 .event anyedge, v0x87eda6940_2853, v0x87eda6940_2854, v0x87eda6940_2855, v0x87eda6940_2856;
v0x87eda6940_2857 .array/port v0x87eda6940, 2857;
v0x87eda6940_2858 .array/port v0x87eda6940, 2858;
v0x87eda6940_2859 .array/port v0x87eda6940, 2859;
v0x87eda6940_2860 .array/port v0x87eda6940, 2860;
E_0x87ed06b00/715 .event anyedge, v0x87eda6940_2857, v0x87eda6940_2858, v0x87eda6940_2859, v0x87eda6940_2860;
v0x87eda6940_2861 .array/port v0x87eda6940, 2861;
v0x87eda6940_2862 .array/port v0x87eda6940, 2862;
v0x87eda6940_2863 .array/port v0x87eda6940, 2863;
v0x87eda6940_2864 .array/port v0x87eda6940, 2864;
E_0x87ed06b00/716 .event anyedge, v0x87eda6940_2861, v0x87eda6940_2862, v0x87eda6940_2863, v0x87eda6940_2864;
v0x87eda6940_2865 .array/port v0x87eda6940, 2865;
v0x87eda6940_2866 .array/port v0x87eda6940, 2866;
v0x87eda6940_2867 .array/port v0x87eda6940, 2867;
v0x87eda6940_2868 .array/port v0x87eda6940, 2868;
E_0x87ed06b00/717 .event anyedge, v0x87eda6940_2865, v0x87eda6940_2866, v0x87eda6940_2867, v0x87eda6940_2868;
v0x87eda6940_2869 .array/port v0x87eda6940, 2869;
v0x87eda6940_2870 .array/port v0x87eda6940, 2870;
v0x87eda6940_2871 .array/port v0x87eda6940, 2871;
v0x87eda6940_2872 .array/port v0x87eda6940, 2872;
E_0x87ed06b00/718 .event anyedge, v0x87eda6940_2869, v0x87eda6940_2870, v0x87eda6940_2871, v0x87eda6940_2872;
v0x87eda6940_2873 .array/port v0x87eda6940, 2873;
v0x87eda6940_2874 .array/port v0x87eda6940, 2874;
v0x87eda6940_2875 .array/port v0x87eda6940, 2875;
v0x87eda6940_2876 .array/port v0x87eda6940, 2876;
E_0x87ed06b00/719 .event anyedge, v0x87eda6940_2873, v0x87eda6940_2874, v0x87eda6940_2875, v0x87eda6940_2876;
v0x87eda6940_2877 .array/port v0x87eda6940, 2877;
v0x87eda6940_2878 .array/port v0x87eda6940, 2878;
v0x87eda6940_2879 .array/port v0x87eda6940, 2879;
v0x87eda6940_2880 .array/port v0x87eda6940, 2880;
E_0x87ed06b00/720 .event anyedge, v0x87eda6940_2877, v0x87eda6940_2878, v0x87eda6940_2879, v0x87eda6940_2880;
v0x87eda6940_2881 .array/port v0x87eda6940, 2881;
v0x87eda6940_2882 .array/port v0x87eda6940, 2882;
v0x87eda6940_2883 .array/port v0x87eda6940, 2883;
v0x87eda6940_2884 .array/port v0x87eda6940, 2884;
E_0x87ed06b00/721 .event anyedge, v0x87eda6940_2881, v0x87eda6940_2882, v0x87eda6940_2883, v0x87eda6940_2884;
v0x87eda6940_2885 .array/port v0x87eda6940, 2885;
v0x87eda6940_2886 .array/port v0x87eda6940, 2886;
v0x87eda6940_2887 .array/port v0x87eda6940, 2887;
v0x87eda6940_2888 .array/port v0x87eda6940, 2888;
E_0x87ed06b00/722 .event anyedge, v0x87eda6940_2885, v0x87eda6940_2886, v0x87eda6940_2887, v0x87eda6940_2888;
v0x87eda6940_2889 .array/port v0x87eda6940, 2889;
v0x87eda6940_2890 .array/port v0x87eda6940, 2890;
v0x87eda6940_2891 .array/port v0x87eda6940, 2891;
v0x87eda6940_2892 .array/port v0x87eda6940, 2892;
E_0x87ed06b00/723 .event anyedge, v0x87eda6940_2889, v0x87eda6940_2890, v0x87eda6940_2891, v0x87eda6940_2892;
v0x87eda6940_2893 .array/port v0x87eda6940, 2893;
v0x87eda6940_2894 .array/port v0x87eda6940, 2894;
v0x87eda6940_2895 .array/port v0x87eda6940, 2895;
v0x87eda6940_2896 .array/port v0x87eda6940, 2896;
E_0x87ed06b00/724 .event anyedge, v0x87eda6940_2893, v0x87eda6940_2894, v0x87eda6940_2895, v0x87eda6940_2896;
v0x87eda6940_2897 .array/port v0x87eda6940, 2897;
v0x87eda6940_2898 .array/port v0x87eda6940, 2898;
v0x87eda6940_2899 .array/port v0x87eda6940, 2899;
v0x87eda6940_2900 .array/port v0x87eda6940, 2900;
E_0x87ed06b00/725 .event anyedge, v0x87eda6940_2897, v0x87eda6940_2898, v0x87eda6940_2899, v0x87eda6940_2900;
v0x87eda6940_2901 .array/port v0x87eda6940, 2901;
v0x87eda6940_2902 .array/port v0x87eda6940, 2902;
v0x87eda6940_2903 .array/port v0x87eda6940, 2903;
v0x87eda6940_2904 .array/port v0x87eda6940, 2904;
E_0x87ed06b00/726 .event anyedge, v0x87eda6940_2901, v0x87eda6940_2902, v0x87eda6940_2903, v0x87eda6940_2904;
v0x87eda6940_2905 .array/port v0x87eda6940, 2905;
v0x87eda6940_2906 .array/port v0x87eda6940, 2906;
v0x87eda6940_2907 .array/port v0x87eda6940, 2907;
v0x87eda6940_2908 .array/port v0x87eda6940, 2908;
E_0x87ed06b00/727 .event anyedge, v0x87eda6940_2905, v0x87eda6940_2906, v0x87eda6940_2907, v0x87eda6940_2908;
v0x87eda6940_2909 .array/port v0x87eda6940, 2909;
v0x87eda6940_2910 .array/port v0x87eda6940, 2910;
v0x87eda6940_2911 .array/port v0x87eda6940, 2911;
v0x87eda6940_2912 .array/port v0x87eda6940, 2912;
E_0x87ed06b00/728 .event anyedge, v0x87eda6940_2909, v0x87eda6940_2910, v0x87eda6940_2911, v0x87eda6940_2912;
v0x87eda6940_2913 .array/port v0x87eda6940, 2913;
v0x87eda6940_2914 .array/port v0x87eda6940, 2914;
v0x87eda6940_2915 .array/port v0x87eda6940, 2915;
v0x87eda6940_2916 .array/port v0x87eda6940, 2916;
E_0x87ed06b00/729 .event anyedge, v0x87eda6940_2913, v0x87eda6940_2914, v0x87eda6940_2915, v0x87eda6940_2916;
v0x87eda6940_2917 .array/port v0x87eda6940, 2917;
v0x87eda6940_2918 .array/port v0x87eda6940, 2918;
v0x87eda6940_2919 .array/port v0x87eda6940, 2919;
v0x87eda6940_2920 .array/port v0x87eda6940, 2920;
E_0x87ed06b00/730 .event anyedge, v0x87eda6940_2917, v0x87eda6940_2918, v0x87eda6940_2919, v0x87eda6940_2920;
v0x87eda6940_2921 .array/port v0x87eda6940, 2921;
v0x87eda6940_2922 .array/port v0x87eda6940, 2922;
v0x87eda6940_2923 .array/port v0x87eda6940, 2923;
v0x87eda6940_2924 .array/port v0x87eda6940, 2924;
E_0x87ed06b00/731 .event anyedge, v0x87eda6940_2921, v0x87eda6940_2922, v0x87eda6940_2923, v0x87eda6940_2924;
v0x87eda6940_2925 .array/port v0x87eda6940, 2925;
v0x87eda6940_2926 .array/port v0x87eda6940, 2926;
v0x87eda6940_2927 .array/port v0x87eda6940, 2927;
v0x87eda6940_2928 .array/port v0x87eda6940, 2928;
E_0x87ed06b00/732 .event anyedge, v0x87eda6940_2925, v0x87eda6940_2926, v0x87eda6940_2927, v0x87eda6940_2928;
v0x87eda6940_2929 .array/port v0x87eda6940, 2929;
v0x87eda6940_2930 .array/port v0x87eda6940, 2930;
v0x87eda6940_2931 .array/port v0x87eda6940, 2931;
v0x87eda6940_2932 .array/port v0x87eda6940, 2932;
E_0x87ed06b00/733 .event anyedge, v0x87eda6940_2929, v0x87eda6940_2930, v0x87eda6940_2931, v0x87eda6940_2932;
v0x87eda6940_2933 .array/port v0x87eda6940, 2933;
v0x87eda6940_2934 .array/port v0x87eda6940, 2934;
v0x87eda6940_2935 .array/port v0x87eda6940, 2935;
v0x87eda6940_2936 .array/port v0x87eda6940, 2936;
E_0x87ed06b00/734 .event anyedge, v0x87eda6940_2933, v0x87eda6940_2934, v0x87eda6940_2935, v0x87eda6940_2936;
v0x87eda6940_2937 .array/port v0x87eda6940, 2937;
v0x87eda6940_2938 .array/port v0x87eda6940, 2938;
v0x87eda6940_2939 .array/port v0x87eda6940, 2939;
v0x87eda6940_2940 .array/port v0x87eda6940, 2940;
E_0x87ed06b00/735 .event anyedge, v0x87eda6940_2937, v0x87eda6940_2938, v0x87eda6940_2939, v0x87eda6940_2940;
v0x87eda6940_2941 .array/port v0x87eda6940, 2941;
v0x87eda6940_2942 .array/port v0x87eda6940, 2942;
v0x87eda6940_2943 .array/port v0x87eda6940, 2943;
v0x87eda6940_2944 .array/port v0x87eda6940, 2944;
E_0x87ed06b00/736 .event anyedge, v0x87eda6940_2941, v0x87eda6940_2942, v0x87eda6940_2943, v0x87eda6940_2944;
v0x87eda6940_2945 .array/port v0x87eda6940, 2945;
v0x87eda6940_2946 .array/port v0x87eda6940, 2946;
v0x87eda6940_2947 .array/port v0x87eda6940, 2947;
v0x87eda6940_2948 .array/port v0x87eda6940, 2948;
E_0x87ed06b00/737 .event anyedge, v0x87eda6940_2945, v0x87eda6940_2946, v0x87eda6940_2947, v0x87eda6940_2948;
v0x87eda6940_2949 .array/port v0x87eda6940, 2949;
v0x87eda6940_2950 .array/port v0x87eda6940, 2950;
v0x87eda6940_2951 .array/port v0x87eda6940, 2951;
v0x87eda6940_2952 .array/port v0x87eda6940, 2952;
E_0x87ed06b00/738 .event anyedge, v0x87eda6940_2949, v0x87eda6940_2950, v0x87eda6940_2951, v0x87eda6940_2952;
v0x87eda6940_2953 .array/port v0x87eda6940, 2953;
v0x87eda6940_2954 .array/port v0x87eda6940, 2954;
v0x87eda6940_2955 .array/port v0x87eda6940, 2955;
v0x87eda6940_2956 .array/port v0x87eda6940, 2956;
E_0x87ed06b00/739 .event anyedge, v0x87eda6940_2953, v0x87eda6940_2954, v0x87eda6940_2955, v0x87eda6940_2956;
v0x87eda6940_2957 .array/port v0x87eda6940, 2957;
v0x87eda6940_2958 .array/port v0x87eda6940, 2958;
v0x87eda6940_2959 .array/port v0x87eda6940, 2959;
v0x87eda6940_2960 .array/port v0x87eda6940, 2960;
E_0x87ed06b00/740 .event anyedge, v0x87eda6940_2957, v0x87eda6940_2958, v0x87eda6940_2959, v0x87eda6940_2960;
v0x87eda6940_2961 .array/port v0x87eda6940, 2961;
v0x87eda6940_2962 .array/port v0x87eda6940, 2962;
v0x87eda6940_2963 .array/port v0x87eda6940, 2963;
v0x87eda6940_2964 .array/port v0x87eda6940, 2964;
E_0x87ed06b00/741 .event anyedge, v0x87eda6940_2961, v0x87eda6940_2962, v0x87eda6940_2963, v0x87eda6940_2964;
v0x87eda6940_2965 .array/port v0x87eda6940, 2965;
v0x87eda6940_2966 .array/port v0x87eda6940, 2966;
v0x87eda6940_2967 .array/port v0x87eda6940, 2967;
v0x87eda6940_2968 .array/port v0x87eda6940, 2968;
E_0x87ed06b00/742 .event anyedge, v0x87eda6940_2965, v0x87eda6940_2966, v0x87eda6940_2967, v0x87eda6940_2968;
v0x87eda6940_2969 .array/port v0x87eda6940, 2969;
v0x87eda6940_2970 .array/port v0x87eda6940, 2970;
v0x87eda6940_2971 .array/port v0x87eda6940, 2971;
v0x87eda6940_2972 .array/port v0x87eda6940, 2972;
E_0x87ed06b00/743 .event anyedge, v0x87eda6940_2969, v0x87eda6940_2970, v0x87eda6940_2971, v0x87eda6940_2972;
v0x87eda6940_2973 .array/port v0x87eda6940, 2973;
v0x87eda6940_2974 .array/port v0x87eda6940, 2974;
v0x87eda6940_2975 .array/port v0x87eda6940, 2975;
v0x87eda6940_2976 .array/port v0x87eda6940, 2976;
E_0x87ed06b00/744 .event anyedge, v0x87eda6940_2973, v0x87eda6940_2974, v0x87eda6940_2975, v0x87eda6940_2976;
v0x87eda6940_2977 .array/port v0x87eda6940, 2977;
v0x87eda6940_2978 .array/port v0x87eda6940, 2978;
v0x87eda6940_2979 .array/port v0x87eda6940, 2979;
v0x87eda6940_2980 .array/port v0x87eda6940, 2980;
E_0x87ed06b00/745 .event anyedge, v0x87eda6940_2977, v0x87eda6940_2978, v0x87eda6940_2979, v0x87eda6940_2980;
v0x87eda6940_2981 .array/port v0x87eda6940, 2981;
v0x87eda6940_2982 .array/port v0x87eda6940, 2982;
v0x87eda6940_2983 .array/port v0x87eda6940, 2983;
v0x87eda6940_2984 .array/port v0x87eda6940, 2984;
E_0x87ed06b00/746 .event anyedge, v0x87eda6940_2981, v0x87eda6940_2982, v0x87eda6940_2983, v0x87eda6940_2984;
v0x87eda6940_2985 .array/port v0x87eda6940, 2985;
v0x87eda6940_2986 .array/port v0x87eda6940, 2986;
v0x87eda6940_2987 .array/port v0x87eda6940, 2987;
v0x87eda6940_2988 .array/port v0x87eda6940, 2988;
E_0x87ed06b00/747 .event anyedge, v0x87eda6940_2985, v0x87eda6940_2986, v0x87eda6940_2987, v0x87eda6940_2988;
v0x87eda6940_2989 .array/port v0x87eda6940, 2989;
v0x87eda6940_2990 .array/port v0x87eda6940, 2990;
v0x87eda6940_2991 .array/port v0x87eda6940, 2991;
v0x87eda6940_2992 .array/port v0x87eda6940, 2992;
E_0x87ed06b00/748 .event anyedge, v0x87eda6940_2989, v0x87eda6940_2990, v0x87eda6940_2991, v0x87eda6940_2992;
v0x87eda6940_2993 .array/port v0x87eda6940, 2993;
v0x87eda6940_2994 .array/port v0x87eda6940, 2994;
v0x87eda6940_2995 .array/port v0x87eda6940, 2995;
v0x87eda6940_2996 .array/port v0x87eda6940, 2996;
E_0x87ed06b00/749 .event anyedge, v0x87eda6940_2993, v0x87eda6940_2994, v0x87eda6940_2995, v0x87eda6940_2996;
v0x87eda6940_2997 .array/port v0x87eda6940, 2997;
v0x87eda6940_2998 .array/port v0x87eda6940, 2998;
v0x87eda6940_2999 .array/port v0x87eda6940, 2999;
v0x87eda6940_3000 .array/port v0x87eda6940, 3000;
E_0x87ed06b00/750 .event anyedge, v0x87eda6940_2997, v0x87eda6940_2998, v0x87eda6940_2999, v0x87eda6940_3000;
v0x87eda6940_3001 .array/port v0x87eda6940, 3001;
v0x87eda6940_3002 .array/port v0x87eda6940, 3002;
v0x87eda6940_3003 .array/port v0x87eda6940, 3003;
v0x87eda6940_3004 .array/port v0x87eda6940, 3004;
E_0x87ed06b00/751 .event anyedge, v0x87eda6940_3001, v0x87eda6940_3002, v0x87eda6940_3003, v0x87eda6940_3004;
v0x87eda6940_3005 .array/port v0x87eda6940, 3005;
v0x87eda6940_3006 .array/port v0x87eda6940, 3006;
v0x87eda6940_3007 .array/port v0x87eda6940, 3007;
v0x87eda6940_3008 .array/port v0x87eda6940, 3008;
E_0x87ed06b00/752 .event anyedge, v0x87eda6940_3005, v0x87eda6940_3006, v0x87eda6940_3007, v0x87eda6940_3008;
v0x87eda6940_3009 .array/port v0x87eda6940, 3009;
v0x87eda6940_3010 .array/port v0x87eda6940, 3010;
v0x87eda6940_3011 .array/port v0x87eda6940, 3011;
v0x87eda6940_3012 .array/port v0x87eda6940, 3012;
E_0x87ed06b00/753 .event anyedge, v0x87eda6940_3009, v0x87eda6940_3010, v0x87eda6940_3011, v0x87eda6940_3012;
v0x87eda6940_3013 .array/port v0x87eda6940, 3013;
v0x87eda6940_3014 .array/port v0x87eda6940, 3014;
v0x87eda6940_3015 .array/port v0x87eda6940, 3015;
v0x87eda6940_3016 .array/port v0x87eda6940, 3016;
E_0x87ed06b00/754 .event anyedge, v0x87eda6940_3013, v0x87eda6940_3014, v0x87eda6940_3015, v0x87eda6940_3016;
v0x87eda6940_3017 .array/port v0x87eda6940, 3017;
v0x87eda6940_3018 .array/port v0x87eda6940, 3018;
v0x87eda6940_3019 .array/port v0x87eda6940, 3019;
v0x87eda6940_3020 .array/port v0x87eda6940, 3020;
E_0x87ed06b00/755 .event anyedge, v0x87eda6940_3017, v0x87eda6940_3018, v0x87eda6940_3019, v0x87eda6940_3020;
v0x87eda6940_3021 .array/port v0x87eda6940, 3021;
v0x87eda6940_3022 .array/port v0x87eda6940, 3022;
v0x87eda6940_3023 .array/port v0x87eda6940, 3023;
v0x87eda6940_3024 .array/port v0x87eda6940, 3024;
E_0x87ed06b00/756 .event anyedge, v0x87eda6940_3021, v0x87eda6940_3022, v0x87eda6940_3023, v0x87eda6940_3024;
v0x87eda6940_3025 .array/port v0x87eda6940, 3025;
v0x87eda6940_3026 .array/port v0x87eda6940, 3026;
v0x87eda6940_3027 .array/port v0x87eda6940, 3027;
v0x87eda6940_3028 .array/port v0x87eda6940, 3028;
E_0x87ed06b00/757 .event anyedge, v0x87eda6940_3025, v0x87eda6940_3026, v0x87eda6940_3027, v0x87eda6940_3028;
v0x87eda6940_3029 .array/port v0x87eda6940, 3029;
v0x87eda6940_3030 .array/port v0x87eda6940, 3030;
v0x87eda6940_3031 .array/port v0x87eda6940, 3031;
v0x87eda6940_3032 .array/port v0x87eda6940, 3032;
E_0x87ed06b00/758 .event anyedge, v0x87eda6940_3029, v0x87eda6940_3030, v0x87eda6940_3031, v0x87eda6940_3032;
v0x87eda6940_3033 .array/port v0x87eda6940, 3033;
v0x87eda6940_3034 .array/port v0x87eda6940, 3034;
v0x87eda6940_3035 .array/port v0x87eda6940, 3035;
v0x87eda6940_3036 .array/port v0x87eda6940, 3036;
E_0x87ed06b00/759 .event anyedge, v0x87eda6940_3033, v0x87eda6940_3034, v0x87eda6940_3035, v0x87eda6940_3036;
v0x87eda6940_3037 .array/port v0x87eda6940, 3037;
v0x87eda6940_3038 .array/port v0x87eda6940, 3038;
v0x87eda6940_3039 .array/port v0x87eda6940, 3039;
v0x87eda6940_3040 .array/port v0x87eda6940, 3040;
E_0x87ed06b00/760 .event anyedge, v0x87eda6940_3037, v0x87eda6940_3038, v0x87eda6940_3039, v0x87eda6940_3040;
v0x87eda6940_3041 .array/port v0x87eda6940, 3041;
v0x87eda6940_3042 .array/port v0x87eda6940, 3042;
v0x87eda6940_3043 .array/port v0x87eda6940, 3043;
v0x87eda6940_3044 .array/port v0x87eda6940, 3044;
E_0x87ed06b00/761 .event anyedge, v0x87eda6940_3041, v0x87eda6940_3042, v0x87eda6940_3043, v0x87eda6940_3044;
v0x87eda6940_3045 .array/port v0x87eda6940, 3045;
v0x87eda6940_3046 .array/port v0x87eda6940, 3046;
v0x87eda6940_3047 .array/port v0x87eda6940, 3047;
v0x87eda6940_3048 .array/port v0x87eda6940, 3048;
E_0x87ed06b00/762 .event anyedge, v0x87eda6940_3045, v0x87eda6940_3046, v0x87eda6940_3047, v0x87eda6940_3048;
v0x87eda6940_3049 .array/port v0x87eda6940, 3049;
v0x87eda6940_3050 .array/port v0x87eda6940, 3050;
v0x87eda6940_3051 .array/port v0x87eda6940, 3051;
v0x87eda6940_3052 .array/port v0x87eda6940, 3052;
E_0x87ed06b00/763 .event anyedge, v0x87eda6940_3049, v0x87eda6940_3050, v0x87eda6940_3051, v0x87eda6940_3052;
v0x87eda6940_3053 .array/port v0x87eda6940, 3053;
v0x87eda6940_3054 .array/port v0x87eda6940, 3054;
v0x87eda6940_3055 .array/port v0x87eda6940, 3055;
v0x87eda6940_3056 .array/port v0x87eda6940, 3056;
E_0x87ed06b00/764 .event anyedge, v0x87eda6940_3053, v0x87eda6940_3054, v0x87eda6940_3055, v0x87eda6940_3056;
v0x87eda6940_3057 .array/port v0x87eda6940, 3057;
v0x87eda6940_3058 .array/port v0x87eda6940, 3058;
v0x87eda6940_3059 .array/port v0x87eda6940, 3059;
v0x87eda6940_3060 .array/port v0x87eda6940, 3060;
E_0x87ed06b00/765 .event anyedge, v0x87eda6940_3057, v0x87eda6940_3058, v0x87eda6940_3059, v0x87eda6940_3060;
v0x87eda6940_3061 .array/port v0x87eda6940, 3061;
v0x87eda6940_3062 .array/port v0x87eda6940, 3062;
v0x87eda6940_3063 .array/port v0x87eda6940, 3063;
v0x87eda6940_3064 .array/port v0x87eda6940, 3064;
E_0x87ed06b00/766 .event anyedge, v0x87eda6940_3061, v0x87eda6940_3062, v0x87eda6940_3063, v0x87eda6940_3064;
v0x87eda6940_3065 .array/port v0x87eda6940, 3065;
v0x87eda6940_3066 .array/port v0x87eda6940, 3066;
v0x87eda6940_3067 .array/port v0x87eda6940, 3067;
v0x87eda6940_3068 .array/port v0x87eda6940, 3068;
E_0x87ed06b00/767 .event anyedge, v0x87eda6940_3065, v0x87eda6940_3066, v0x87eda6940_3067, v0x87eda6940_3068;
v0x87eda6940_3069 .array/port v0x87eda6940, 3069;
v0x87eda6940_3070 .array/port v0x87eda6940, 3070;
v0x87eda6940_3071 .array/port v0x87eda6940, 3071;
v0x87eda6940_3072 .array/port v0x87eda6940, 3072;
E_0x87ed06b00/768 .event anyedge, v0x87eda6940_3069, v0x87eda6940_3070, v0x87eda6940_3071, v0x87eda6940_3072;
v0x87eda6940_3073 .array/port v0x87eda6940, 3073;
v0x87eda6940_3074 .array/port v0x87eda6940, 3074;
v0x87eda6940_3075 .array/port v0x87eda6940, 3075;
v0x87eda6940_3076 .array/port v0x87eda6940, 3076;
E_0x87ed06b00/769 .event anyedge, v0x87eda6940_3073, v0x87eda6940_3074, v0x87eda6940_3075, v0x87eda6940_3076;
v0x87eda6940_3077 .array/port v0x87eda6940, 3077;
v0x87eda6940_3078 .array/port v0x87eda6940, 3078;
v0x87eda6940_3079 .array/port v0x87eda6940, 3079;
v0x87eda6940_3080 .array/port v0x87eda6940, 3080;
E_0x87ed06b00/770 .event anyedge, v0x87eda6940_3077, v0x87eda6940_3078, v0x87eda6940_3079, v0x87eda6940_3080;
v0x87eda6940_3081 .array/port v0x87eda6940, 3081;
v0x87eda6940_3082 .array/port v0x87eda6940, 3082;
v0x87eda6940_3083 .array/port v0x87eda6940, 3083;
v0x87eda6940_3084 .array/port v0x87eda6940, 3084;
E_0x87ed06b00/771 .event anyedge, v0x87eda6940_3081, v0x87eda6940_3082, v0x87eda6940_3083, v0x87eda6940_3084;
v0x87eda6940_3085 .array/port v0x87eda6940, 3085;
v0x87eda6940_3086 .array/port v0x87eda6940, 3086;
v0x87eda6940_3087 .array/port v0x87eda6940, 3087;
v0x87eda6940_3088 .array/port v0x87eda6940, 3088;
E_0x87ed06b00/772 .event anyedge, v0x87eda6940_3085, v0x87eda6940_3086, v0x87eda6940_3087, v0x87eda6940_3088;
v0x87eda6940_3089 .array/port v0x87eda6940, 3089;
v0x87eda6940_3090 .array/port v0x87eda6940, 3090;
v0x87eda6940_3091 .array/port v0x87eda6940, 3091;
v0x87eda6940_3092 .array/port v0x87eda6940, 3092;
E_0x87ed06b00/773 .event anyedge, v0x87eda6940_3089, v0x87eda6940_3090, v0x87eda6940_3091, v0x87eda6940_3092;
v0x87eda6940_3093 .array/port v0x87eda6940, 3093;
v0x87eda6940_3094 .array/port v0x87eda6940, 3094;
v0x87eda6940_3095 .array/port v0x87eda6940, 3095;
v0x87eda6940_3096 .array/port v0x87eda6940, 3096;
E_0x87ed06b00/774 .event anyedge, v0x87eda6940_3093, v0x87eda6940_3094, v0x87eda6940_3095, v0x87eda6940_3096;
v0x87eda6940_3097 .array/port v0x87eda6940, 3097;
v0x87eda6940_3098 .array/port v0x87eda6940, 3098;
v0x87eda6940_3099 .array/port v0x87eda6940, 3099;
v0x87eda6940_3100 .array/port v0x87eda6940, 3100;
E_0x87ed06b00/775 .event anyedge, v0x87eda6940_3097, v0x87eda6940_3098, v0x87eda6940_3099, v0x87eda6940_3100;
v0x87eda6940_3101 .array/port v0x87eda6940, 3101;
v0x87eda6940_3102 .array/port v0x87eda6940, 3102;
v0x87eda6940_3103 .array/port v0x87eda6940, 3103;
v0x87eda6940_3104 .array/port v0x87eda6940, 3104;
E_0x87ed06b00/776 .event anyedge, v0x87eda6940_3101, v0x87eda6940_3102, v0x87eda6940_3103, v0x87eda6940_3104;
v0x87eda6940_3105 .array/port v0x87eda6940, 3105;
v0x87eda6940_3106 .array/port v0x87eda6940, 3106;
v0x87eda6940_3107 .array/port v0x87eda6940, 3107;
v0x87eda6940_3108 .array/port v0x87eda6940, 3108;
E_0x87ed06b00/777 .event anyedge, v0x87eda6940_3105, v0x87eda6940_3106, v0x87eda6940_3107, v0x87eda6940_3108;
v0x87eda6940_3109 .array/port v0x87eda6940, 3109;
v0x87eda6940_3110 .array/port v0x87eda6940, 3110;
v0x87eda6940_3111 .array/port v0x87eda6940, 3111;
v0x87eda6940_3112 .array/port v0x87eda6940, 3112;
E_0x87ed06b00/778 .event anyedge, v0x87eda6940_3109, v0x87eda6940_3110, v0x87eda6940_3111, v0x87eda6940_3112;
v0x87eda6940_3113 .array/port v0x87eda6940, 3113;
v0x87eda6940_3114 .array/port v0x87eda6940, 3114;
v0x87eda6940_3115 .array/port v0x87eda6940, 3115;
v0x87eda6940_3116 .array/port v0x87eda6940, 3116;
E_0x87ed06b00/779 .event anyedge, v0x87eda6940_3113, v0x87eda6940_3114, v0x87eda6940_3115, v0x87eda6940_3116;
v0x87eda6940_3117 .array/port v0x87eda6940, 3117;
v0x87eda6940_3118 .array/port v0x87eda6940, 3118;
v0x87eda6940_3119 .array/port v0x87eda6940, 3119;
v0x87eda6940_3120 .array/port v0x87eda6940, 3120;
E_0x87ed06b00/780 .event anyedge, v0x87eda6940_3117, v0x87eda6940_3118, v0x87eda6940_3119, v0x87eda6940_3120;
v0x87eda6940_3121 .array/port v0x87eda6940, 3121;
v0x87eda6940_3122 .array/port v0x87eda6940, 3122;
v0x87eda6940_3123 .array/port v0x87eda6940, 3123;
v0x87eda6940_3124 .array/port v0x87eda6940, 3124;
E_0x87ed06b00/781 .event anyedge, v0x87eda6940_3121, v0x87eda6940_3122, v0x87eda6940_3123, v0x87eda6940_3124;
v0x87eda6940_3125 .array/port v0x87eda6940, 3125;
v0x87eda6940_3126 .array/port v0x87eda6940, 3126;
v0x87eda6940_3127 .array/port v0x87eda6940, 3127;
v0x87eda6940_3128 .array/port v0x87eda6940, 3128;
E_0x87ed06b00/782 .event anyedge, v0x87eda6940_3125, v0x87eda6940_3126, v0x87eda6940_3127, v0x87eda6940_3128;
v0x87eda6940_3129 .array/port v0x87eda6940, 3129;
v0x87eda6940_3130 .array/port v0x87eda6940, 3130;
v0x87eda6940_3131 .array/port v0x87eda6940, 3131;
v0x87eda6940_3132 .array/port v0x87eda6940, 3132;
E_0x87ed06b00/783 .event anyedge, v0x87eda6940_3129, v0x87eda6940_3130, v0x87eda6940_3131, v0x87eda6940_3132;
v0x87eda6940_3133 .array/port v0x87eda6940, 3133;
v0x87eda6940_3134 .array/port v0x87eda6940, 3134;
v0x87eda6940_3135 .array/port v0x87eda6940, 3135;
v0x87eda6940_3136 .array/port v0x87eda6940, 3136;
E_0x87ed06b00/784 .event anyedge, v0x87eda6940_3133, v0x87eda6940_3134, v0x87eda6940_3135, v0x87eda6940_3136;
v0x87eda6940_3137 .array/port v0x87eda6940, 3137;
v0x87eda6940_3138 .array/port v0x87eda6940, 3138;
v0x87eda6940_3139 .array/port v0x87eda6940, 3139;
v0x87eda6940_3140 .array/port v0x87eda6940, 3140;
E_0x87ed06b00/785 .event anyedge, v0x87eda6940_3137, v0x87eda6940_3138, v0x87eda6940_3139, v0x87eda6940_3140;
v0x87eda6940_3141 .array/port v0x87eda6940, 3141;
v0x87eda6940_3142 .array/port v0x87eda6940, 3142;
v0x87eda6940_3143 .array/port v0x87eda6940, 3143;
v0x87eda6940_3144 .array/port v0x87eda6940, 3144;
E_0x87ed06b00/786 .event anyedge, v0x87eda6940_3141, v0x87eda6940_3142, v0x87eda6940_3143, v0x87eda6940_3144;
v0x87eda6940_3145 .array/port v0x87eda6940, 3145;
v0x87eda6940_3146 .array/port v0x87eda6940, 3146;
v0x87eda6940_3147 .array/port v0x87eda6940, 3147;
v0x87eda6940_3148 .array/port v0x87eda6940, 3148;
E_0x87ed06b00/787 .event anyedge, v0x87eda6940_3145, v0x87eda6940_3146, v0x87eda6940_3147, v0x87eda6940_3148;
v0x87eda6940_3149 .array/port v0x87eda6940, 3149;
v0x87eda6940_3150 .array/port v0x87eda6940, 3150;
v0x87eda6940_3151 .array/port v0x87eda6940, 3151;
v0x87eda6940_3152 .array/port v0x87eda6940, 3152;
E_0x87ed06b00/788 .event anyedge, v0x87eda6940_3149, v0x87eda6940_3150, v0x87eda6940_3151, v0x87eda6940_3152;
v0x87eda6940_3153 .array/port v0x87eda6940, 3153;
v0x87eda6940_3154 .array/port v0x87eda6940, 3154;
v0x87eda6940_3155 .array/port v0x87eda6940, 3155;
v0x87eda6940_3156 .array/port v0x87eda6940, 3156;
E_0x87ed06b00/789 .event anyedge, v0x87eda6940_3153, v0x87eda6940_3154, v0x87eda6940_3155, v0x87eda6940_3156;
v0x87eda6940_3157 .array/port v0x87eda6940, 3157;
v0x87eda6940_3158 .array/port v0x87eda6940, 3158;
v0x87eda6940_3159 .array/port v0x87eda6940, 3159;
v0x87eda6940_3160 .array/port v0x87eda6940, 3160;
E_0x87ed06b00/790 .event anyedge, v0x87eda6940_3157, v0x87eda6940_3158, v0x87eda6940_3159, v0x87eda6940_3160;
v0x87eda6940_3161 .array/port v0x87eda6940, 3161;
v0x87eda6940_3162 .array/port v0x87eda6940, 3162;
v0x87eda6940_3163 .array/port v0x87eda6940, 3163;
v0x87eda6940_3164 .array/port v0x87eda6940, 3164;
E_0x87ed06b00/791 .event anyedge, v0x87eda6940_3161, v0x87eda6940_3162, v0x87eda6940_3163, v0x87eda6940_3164;
v0x87eda6940_3165 .array/port v0x87eda6940, 3165;
v0x87eda6940_3166 .array/port v0x87eda6940, 3166;
v0x87eda6940_3167 .array/port v0x87eda6940, 3167;
v0x87eda6940_3168 .array/port v0x87eda6940, 3168;
E_0x87ed06b00/792 .event anyedge, v0x87eda6940_3165, v0x87eda6940_3166, v0x87eda6940_3167, v0x87eda6940_3168;
v0x87eda6940_3169 .array/port v0x87eda6940, 3169;
v0x87eda6940_3170 .array/port v0x87eda6940, 3170;
v0x87eda6940_3171 .array/port v0x87eda6940, 3171;
v0x87eda6940_3172 .array/port v0x87eda6940, 3172;
E_0x87ed06b00/793 .event anyedge, v0x87eda6940_3169, v0x87eda6940_3170, v0x87eda6940_3171, v0x87eda6940_3172;
v0x87eda6940_3173 .array/port v0x87eda6940, 3173;
v0x87eda6940_3174 .array/port v0x87eda6940, 3174;
v0x87eda6940_3175 .array/port v0x87eda6940, 3175;
v0x87eda6940_3176 .array/port v0x87eda6940, 3176;
E_0x87ed06b00/794 .event anyedge, v0x87eda6940_3173, v0x87eda6940_3174, v0x87eda6940_3175, v0x87eda6940_3176;
v0x87eda6940_3177 .array/port v0x87eda6940, 3177;
v0x87eda6940_3178 .array/port v0x87eda6940, 3178;
v0x87eda6940_3179 .array/port v0x87eda6940, 3179;
v0x87eda6940_3180 .array/port v0x87eda6940, 3180;
E_0x87ed06b00/795 .event anyedge, v0x87eda6940_3177, v0x87eda6940_3178, v0x87eda6940_3179, v0x87eda6940_3180;
v0x87eda6940_3181 .array/port v0x87eda6940, 3181;
v0x87eda6940_3182 .array/port v0x87eda6940, 3182;
v0x87eda6940_3183 .array/port v0x87eda6940, 3183;
v0x87eda6940_3184 .array/port v0x87eda6940, 3184;
E_0x87ed06b00/796 .event anyedge, v0x87eda6940_3181, v0x87eda6940_3182, v0x87eda6940_3183, v0x87eda6940_3184;
v0x87eda6940_3185 .array/port v0x87eda6940, 3185;
v0x87eda6940_3186 .array/port v0x87eda6940, 3186;
v0x87eda6940_3187 .array/port v0x87eda6940, 3187;
v0x87eda6940_3188 .array/port v0x87eda6940, 3188;
E_0x87ed06b00/797 .event anyedge, v0x87eda6940_3185, v0x87eda6940_3186, v0x87eda6940_3187, v0x87eda6940_3188;
v0x87eda6940_3189 .array/port v0x87eda6940, 3189;
v0x87eda6940_3190 .array/port v0x87eda6940, 3190;
v0x87eda6940_3191 .array/port v0x87eda6940, 3191;
v0x87eda6940_3192 .array/port v0x87eda6940, 3192;
E_0x87ed06b00/798 .event anyedge, v0x87eda6940_3189, v0x87eda6940_3190, v0x87eda6940_3191, v0x87eda6940_3192;
v0x87eda6940_3193 .array/port v0x87eda6940, 3193;
v0x87eda6940_3194 .array/port v0x87eda6940, 3194;
v0x87eda6940_3195 .array/port v0x87eda6940, 3195;
v0x87eda6940_3196 .array/port v0x87eda6940, 3196;
E_0x87ed06b00/799 .event anyedge, v0x87eda6940_3193, v0x87eda6940_3194, v0x87eda6940_3195, v0x87eda6940_3196;
v0x87eda6940_3197 .array/port v0x87eda6940, 3197;
v0x87eda6940_3198 .array/port v0x87eda6940, 3198;
v0x87eda6940_3199 .array/port v0x87eda6940, 3199;
v0x87eda6940_3200 .array/port v0x87eda6940, 3200;
E_0x87ed06b00/800 .event anyedge, v0x87eda6940_3197, v0x87eda6940_3198, v0x87eda6940_3199, v0x87eda6940_3200;
v0x87eda6940_3201 .array/port v0x87eda6940, 3201;
v0x87eda6940_3202 .array/port v0x87eda6940, 3202;
v0x87eda6940_3203 .array/port v0x87eda6940, 3203;
v0x87eda6940_3204 .array/port v0x87eda6940, 3204;
E_0x87ed06b00/801 .event anyedge, v0x87eda6940_3201, v0x87eda6940_3202, v0x87eda6940_3203, v0x87eda6940_3204;
v0x87eda6940_3205 .array/port v0x87eda6940, 3205;
v0x87eda6940_3206 .array/port v0x87eda6940, 3206;
v0x87eda6940_3207 .array/port v0x87eda6940, 3207;
v0x87eda6940_3208 .array/port v0x87eda6940, 3208;
E_0x87ed06b00/802 .event anyedge, v0x87eda6940_3205, v0x87eda6940_3206, v0x87eda6940_3207, v0x87eda6940_3208;
v0x87eda6940_3209 .array/port v0x87eda6940, 3209;
v0x87eda6940_3210 .array/port v0x87eda6940, 3210;
v0x87eda6940_3211 .array/port v0x87eda6940, 3211;
v0x87eda6940_3212 .array/port v0x87eda6940, 3212;
E_0x87ed06b00/803 .event anyedge, v0x87eda6940_3209, v0x87eda6940_3210, v0x87eda6940_3211, v0x87eda6940_3212;
v0x87eda6940_3213 .array/port v0x87eda6940, 3213;
v0x87eda6940_3214 .array/port v0x87eda6940, 3214;
v0x87eda6940_3215 .array/port v0x87eda6940, 3215;
v0x87eda6940_3216 .array/port v0x87eda6940, 3216;
E_0x87ed06b00/804 .event anyedge, v0x87eda6940_3213, v0x87eda6940_3214, v0x87eda6940_3215, v0x87eda6940_3216;
v0x87eda6940_3217 .array/port v0x87eda6940, 3217;
v0x87eda6940_3218 .array/port v0x87eda6940, 3218;
v0x87eda6940_3219 .array/port v0x87eda6940, 3219;
v0x87eda6940_3220 .array/port v0x87eda6940, 3220;
E_0x87ed06b00/805 .event anyedge, v0x87eda6940_3217, v0x87eda6940_3218, v0x87eda6940_3219, v0x87eda6940_3220;
v0x87eda6940_3221 .array/port v0x87eda6940, 3221;
v0x87eda6940_3222 .array/port v0x87eda6940, 3222;
v0x87eda6940_3223 .array/port v0x87eda6940, 3223;
v0x87eda6940_3224 .array/port v0x87eda6940, 3224;
E_0x87ed06b00/806 .event anyedge, v0x87eda6940_3221, v0x87eda6940_3222, v0x87eda6940_3223, v0x87eda6940_3224;
v0x87eda6940_3225 .array/port v0x87eda6940, 3225;
v0x87eda6940_3226 .array/port v0x87eda6940, 3226;
v0x87eda6940_3227 .array/port v0x87eda6940, 3227;
v0x87eda6940_3228 .array/port v0x87eda6940, 3228;
E_0x87ed06b00/807 .event anyedge, v0x87eda6940_3225, v0x87eda6940_3226, v0x87eda6940_3227, v0x87eda6940_3228;
v0x87eda6940_3229 .array/port v0x87eda6940, 3229;
v0x87eda6940_3230 .array/port v0x87eda6940, 3230;
v0x87eda6940_3231 .array/port v0x87eda6940, 3231;
v0x87eda6940_3232 .array/port v0x87eda6940, 3232;
E_0x87ed06b00/808 .event anyedge, v0x87eda6940_3229, v0x87eda6940_3230, v0x87eda6940_3231, v0x87eda6940_3232;
v0x87eda6940_3233 .array/port v0x87eda6940, 3233;
v0x87eda6940_3234 .array/port v0x87eda6940, 3234;
v0x87eda6940_3235 .array/port v0x87eda6940, 3235;
v0x87eda6940_3236 .array/port v0x87eda6940, 3236;
E_0x87ed06b00/809 .event anyedge, v0x87eda6940_3233, v0x87eda6940_3234, v0x87eda6940_3235, v0x87eda6940_3236;
v0x87eda6940_3237 .array/port v0x87eda6940, 3237;
v0x87eda6940_3238 .array/port v0x87eda6940, 3238;
v0x87eda6940_3239 .array/port v0x87eda6940, 3239;
v0x87eda6940_3240 .array/port v0x87eda6940, 3240;
E_0x87ed06b00/810 .event anyedge, v0x87eda6940_3237, v0x87eda6940_3238, v0x87eda6940_3239, v0x87eda6940_3240;
v0x87eda6940_3241 .array/port v0x87eda6940, 3241;
v0x87eda6940_3242 .array/port v0x87eda6940, 3242;
v0x87eda6940_3243 .array/port v0x87eda6940, 3243;
v0x87eda6940_3244 .array/port v0x87eda6940, 3244;
E_0x87ed06b00/811 .event anyedge, v0x87eda6940_3241, v0x87eda6940_3242, v0x87eda6940_3243, v0x87eda6940_3244;
v0x87eda6940_3245 .array/port v0x87eda6940, 3245;
v0x87eda6940_3246 .array/port v0x87eda6940, 3246;
v0x87eda6940_3247 .array/port v0x87eda6940, 3247;
v0x87eda6940_3248 .array/port v0x87eda6940, 3248;
E_0x87ed06b00/812 .event anyedge, v0x87eda6940_3245, v0x87eda6940_3246, v0x87eda6940_3247, v0x87eda6940_3248;
v0x87eda6940_3249 .array/port v0x87eda6940, 3249;
v0x87eda6940_3250 .array/port v0x87eda6940, 3250;
v0x87eda6940_3251 .array/port v0x87eda6940, 3251;
v0x87eda6940_3252 .array/port v0x87eda6940, 3252;
E_0x87ed06b00/813 .event anyedge, v0x87eda6940_3249, v0x87eda6940_3250, v0x87eda6940_3251, v0x87eda6940_3252;
v0x87eda6940_3253 .array/port v0x87eda6940, 3253;
v0x87eda6940_3254 .array/port v0x87eda6940, 3254;
v0x87eda6940_3255 .array/port v0x87eda6940, 3255;
v0x87eda6940_3256 .array/port v0x87eda6940, 3256;
E_0x87ed06b00/814 .event anyedge, v0x87eda6940_3253, v0x87eda6940_3254, v0x87eda6940_3255, v0x87eda6940_3256;
v0x87eda6940_3257 .array/port v0x87eda6940, 3257;
v0x87eda6940_3258 .array/port v0x87eda6940, 3258;
v0x87eda6940_3259 .array/port v0x87eda6940, 3259;
v0x87eda6940_3260 .array/port v0x87eda6940, 3260;
E_0x87ed06b00/815 .event anyedge, v0x87eda6940_3257, v0x87eda6940_3258, v0x87eda6940_3259, v0x87eda6940_3260;
v0x87eda6940_3261 .array/port v0x87eda6940, 3261;
v0x87eda6940_3262 .array/port v0x87eda6940, 3262;
v0x87eda6940_3263 .array/port v0x87eda6940, 3263;
v0x87eda6940_3264 .array/port v0x87eda6940, 3264;
E_0x87ed06b00/816 .event anyedge, v0x87eda6940_3261, v0x87eda6940_3262, v0x87eda6940_3263, v0x87eda6940_3264;
v0x87eda6940_3265 .array/port v0x87eda6940, 3265;
v0x87eda6940_3266 .array/port v0x87eda6940, 3266;
v0x87eda6940_3267 .array/port v0x87eda6940, 3267;
v0x87eda6940_3268 .array/port v0x87eda6940, 3268;
E_0x87ed06b00/817 .event anyedge, v0x87eda6940_3265, v0x87eda6940_3266, v0x87eda6940_3267, v0x87eda6940_3268;
v0x87eda6940_3269 .array/port v0x87eda6940, 3269;
v0x87eda6940_3270 .array/port v0x87eda6940, 3270;
v0x87eda6940_3271 .array/port v0x87eda6940, 3271;
v0x87eda6940_3272 .array/port v0x87eda6940, 3272;
E_0x87ed06b00/818 .event anyedge, v0x87eda6940_3269, v0x87eda6940_3270, v0x87eda6940_3271, v0x87eda6940_3272;
v0x87eda6940_3273 .array/port v0x87eda6940, 3273;
v0x87eda6940_3274 .array/port v0x87eda6940, 3274;
v0x87eda6940_3275 .array/port v0x87eda6940, 3275;
v0x87eda6940_3276 .array/port v0x87eda6940, 3276;
E_0x87ed06b00/819 .event anyedge, v0x87eda6940_3273, v0x87eda6940_3274, v0x87eda6940_3275, v0x87eda6940_3276;
v0x87eda6940_3277 .array/port v0x87eda6940, 3277;
v0x87eda6940_3278 .array/port v0x87eda6940, 3278;
v0x87eda6940_3279 .array/port v0x87eda6940, 3279;
v0x87eda6940_3280 .array/port v0x87eda6940, 3280;
E_0x87ed06b00/820 .event anyedge, v0x87eda6940_3277, v0x87eda6940_3278, v0x87eda6940_3279, v0x87eda6940_3280;
v0x87eda6940_3281 .array/port v0x87eda6940, 3281;
v0x87eda6940_3282 .array/port v0x87eda6940, 3282;
v0x87eda6940_3283 .array/port v0x87eda6940, 3283;
v0x87eda6940_3284 .array/port v0x87eda6940, 3284;
E_0x87ed06b00/821 .event anyedge, v0x87eda6940_3281, v0x87eda6940_3282, v0x87eda6940_3283, v0x87eda6940_3284;
v0x87eda6940_3285 .array/port v0x87eda6940, 3285;
v0x87eda6940_3286 .array/port v0x87eda6940, 3286;
v0x87eda6940_3287 .array/port v0x87eda6940, 3287;
v0x87eda6940_3288 .array/port v0x87eda6940, 3288;
E_0x87ed06b00/822 .event anyedge, v0x87eda6940_3285, v0x87eda6940_3286, v0x87eda6940_3287, v0x87eda6940_3288;
v0x87eda6940_3289 .array/port v0x87eda6940, 3289;
v0x87eda6940_3290 .array/port v0x87eda6940, 3290;
v0x87eda6940_3291 .array/port v0x87eda6940, 3291;
v0x87eda6940_3292 .array/port v0x87eda6940, 3292;
E_0x87ed06b00/823 .event anyedge, v0x87eda6940_3289, v0x87eda6940_3290, v0x87eda6940_3291, v0x87eda6940_3292;
v0x87eda6940_3293 .array/port v0x87eda6940, 3293;
v0x87eda6940_3294 .array/port v0x87eda6940, 3294;
v0x87eda6940_3295 .array/port v0x87eda6940, 3295;
v0x87eda6940_3296 .array/port v0x87eda6940, 3296;
E_0x87ed06b00/824 .event anyedge, v0x87eda6940_3293, v0x87eda6940_3294, v0x87eda6940_3295, v0x87eda6940_3296;
v0x87eda6940_3297 .array/port v0x87eda6940, 3297;
v0x87eda6940_3298 .array/port v0x87eda6940, 3298;
v0x87eda6940_3299 .array/port v0x87eda6940, 3299;
v0x87eda6940_3300 .array/port v0x87eda6940, 3300;
E_0x87ed06b00/825 .event anyedge, v0x87eda6940_3297, v0x87eda6940_3298, v0x87eda6940_3299, v0x87eda6940_3300;
v0x87eda6940_3301 .array/port v0x87eda6940, 3301;
v0x87eda6940_3302 .array/port v0x87eda6940, 3302;
v0x87eda6940_3303 .array/port v0x87eda6940, 3303;
v0x87eda6940_3304 .array/port v0x87eda6940, 3304;
E_0x87ed06b00/826 .event anyedge, v0x87eda6940_3301, v0x87eda6940_3302, v0x87eda6940_3303, v0x87eda6940_3304;
v0x87eda6940_3305 .array/port v0x87eda6940, 3305;
v0x87eda6940_3306 .array/port v0x87eda6940, 3306;
v0x87eda6940_3307 .array/port v0x87eda6940, 3307;
v0x87eda6940_3308 .array/port v0x87eda6940, 3308;
E_0x87ed06b00/827 .event anyedge, v0x87eda6940_3305, v0x87eda6940_3306, v0x87eda6940_3307, v0x87eda6940_3308;
v0x87eda6940_3309 .array/port v0x87eda6940, 3309;
v0x87eda6940_3310 .array/port v0x87eda6940, 3310;
v0x87eda6940_3311 .array/port v0x87eda6940, 3311;
v0x87eda6940_3312 .array/port v0x87eda6940, 3312;
E_0x87ed06b00/828 .event anyedge, v0x87eda6940_3309, v0x87eda6940_3310, v0x87eda6940_3311, v0x87eda6940_3312;
v0x87eda6940_3313 .array/port v0x87eda6940, 3313;
v0x87eda6940_3314 .array/port v0x87eda6940, 3314;
v0x87eda6940_3315 .array/port v0x87eda6940, 3315;
v0x87eda6940_3316 .array/port v0x87eda6940, 3316;
E_0x87ed06b00/829 .event anyedge, v0x87eda6940_3313, v0x87eda6940_3314, v0x87eda6940_3315, v0x87eda6940_3316;
v0x87eda6940_3317 .array/port v0x87eda6940, 3317;
v0x87eda6940_3318 .array/port v0x87eda6940, 3318;
v0x87eda6940_3319 .array/port v0x87eda6940, 3319;
v0x87eda6940_3320 .array/port v0x87eda6940, 3320;
E_0x87ed06b00/830 .event anyedge, v0x87eda6940_3317, v0x87eda6940_3318, v0x87eda6940_3319, v0x87eda6940_3320;
v0x87eda6940_3321 .array/port v0x87eda6940, 3321;
v0x87eda6940_3322 .array/port v0x87eda6940, 3322;
v0x87eda6940_3323 .array/port v0x87eda6940, 3323;
v0x87eda6940_3324 .array/port v0x87eda6940, 3324;
E_0x87ed06b00/831 .event anyedge, v0x87eda6940_3321, v0x87eda6940_3322, v0x87eda6940_3323, v0x87eda6940_3324;
v0x87eda6940_3325 .array/port v0x87eda6940, 3325;
v0x87eda6940_3326 .array/port v0x87eda6940, 3326;
v0x87eda6940_3327 .array/port v0x87eda6940, 3327;
v0x87eda6940_3328 .array/port v0x87eda6940, 3328;
E_0x87ed06b00/832 .event anyedge, v0x87eda6940_3325, v0x87eda6940_3326, v0x87eda6940_3327, v0x87eda6940_3328;
v0x87eda6940_3329 .array/port v0x87eda6940, 3329;
v0x87eda6940_3330 .array/port v0x87eda6940, 3330;
v0x87eda6940_3331 .array/port v0x87eda6940, 3331;
v0x87eda6940_3332 .array/port v0x87eda6940, 3332;
E_0x87ed06b00/833 .event anyedge, v0x87eda6940_3329, v0x87eda6940_3330, v0x87eda6940_3331, v0x87eda6940_3332;
v0x87eda6940_3333 .array/port v0x87eda6940, 3333;
v0x87eda6940_3334 .array/port v0x87eda6940, 3334;
v0x87eda6940_3335 .array/port v0x87eda6940, 3335;
v0x87eda6940_3336 .array/port v0x87eda6940, 3336;
E_0x87ed06b00/834 .event anyedge, v0x87eda6940_3333, v0x87eda6940_3334, v0x87eda6940_3335, v0x87eda6940_3336;
v0x87eda6940_3337 .array/port v0x87eda6940, 3337;
v0x87eda6940_3338 .array/port v0x87eda6940, 3338;
v0x87eda6940_3339 .array/port v0x87eda6940, 3339;
v0x87eda6940_3340 .array/port v0x87eda6940, 3340;
E_0x87ed06b00/835 .event anyedge, v0x87eda6940_3337, v0x87eda6940_3338, v0x87eda6940_3339, v0x87eda6940_3340;
v0x87eda6940_3341 .array/port v0x87eda6940, 3341;
v0x87eda6940_3342 .array/port v0x87eda6940, 3342;
v0x87eda6940_3343 .array/port v0x87eda6940, 3343;
v0x87eda6940_3344 .array/port v0x87eda6940, 3344;
E_0x87ed06b00/836 .event anyedge, v0x87eda6940_3341, v0x87eda6940_3342, v0x87eda6940_3343, v0x87eda6940_3344;
v0x87eda6940_3345 .array/port v0x87eda6940, 3345;
v0x87eda6940_3346 .array/port v0x87eda6940, 3346;
v0x87eda6940_3347 .array/port v0x87eda6940, 3347;
v0x87eda6940_3348 .array/port v0x87eda6940, 3348;
E_0x87ed06b00/837 .event anyedge, v0x87eda6940_3345, v0x87eda6940_3346, v0x87eda6940_3347, v0x87eda6940_3348;
v0x87eda6940_3349 .array/port v0x87eda6940, 3349;
v0x87eda6940_3350 .array/port v0x87eda6940, 3350;
v0x87eda6940_3351 .array/port v0x87eda6940, 3351;
v0x87eda6940_3352 .array/port v0x87eda6940, 3352;
E_0x87ed06b00/838 .event anyedge, v0x87eda6940_3349, v0x87eda6940_3350, v0x87eda6940_3351, v0x87eda6940_3352;
v0x87eda6940_3353 .array/port v0x87eda6940, 3353;
v0x87eda6940_3354 .array/port v0x87eda6940, 3354;
v0x87eda6940_3355 .array/port v0x87eda6940, 3355;
v0x87eda6940_3356 .array/port v0x87eda6940, 3356;
E_0x87ed06b00/839 .event anyedge, v0x87eda6940_3353, v0x87eda6940_3354, v0x87eda6940_3355, v0x87eda6940_3356;
v0x87eda6940_3357 .array/port v0x87eda6940, 3357;
v0x87eda6940_3358 .array/port v0x87eda6940, 3358;
v0x87eda6940_3359 .array/port v0x87eda6940, 3359;
v0x87eda6940_3360 .array/port v0x87eda6940, 3360;
E_0x87ed06b00/840 .event anyedge, v0x87eda6940_3357, v0x87eda6940_3358, v0x87eda6940_3359, v0x87eda6940_3360;
v0x87eda6940_3361 .array/port v0x87eda6940, 3361;
v0x87eda6940_3362 .array/port v0x87eda6940, 3362;
v0x87eda6940_3363 .array/port v0x87eda6940, 3363;
v0x87eda6940_3364 .array/port v0x87eda6940, 3364;
E_0x87ed06b00/841 .event anyedge, v0x87eda6940_3361, v0x87eda6940_3362, v0x87eda6940_3363, v0x87eda6940_3364;
v0x87eda6940_3365 .array/port v0x87eda6940, 3365;
v0x87eda6940_3366 .array/port v0x87eda6940, 3366;
v0x87eda6940_3367 .array/port v0x87eda6940, 3367;
v0x87eda6940_3368 .array/port v0x87eda6940, 3368;
E_0x87ed06b00/842 .event anyedge, v0x87eda6940_3365, v0x87eda6940_3366, v0x87eda6940_3367, v0x87eda6940_3368;
v0x87eda6940_3369 .array/port v0x87eda6940, 3369;
v0x87eda6940_3370 .array/port v0x87eda6940, 3370;
v0x87eda6940_3371 .array/port v0x87eda6940, 3371;
v0x87eda6940_3372 .array/port v0x87eda6940, 3372;
E_0x87ed06b00/843 .event anyedge, v0x87eda6940_3369, v0x87eda6940_3370, v0x87eda6940_3371, v0x87eda6940_3372;
v0x87eda6940_3373 .array/port v0x87eda6940, 3373;
v0x87eda6940_3374 .array/port v0x87eda6940, 3374;
v0x87eda6940_3375 .array/port v0x87eda6940, 3375;
v0x87eda6940_3376 .array/port v0x87eda6940, 3376;
E_0x87ed06b00/844 .event anyedge, v0x87eda6940_3373, v0x87eda6940_3374, v0x87eda6940_3375, v0x87eda6940_3376;
v0x87eda6940_3377 .array/port v0x87eda6940, 3377;
v0x87eda6940_3378 .array/port v0x87eda6940, 3378;
v0x87eda6940_3379 .array/port v0x87eda6940, 3379;
v0x87eda6940_3380 .array/port v0x87eda6940, 3380;
E_0x87ed06b00/845 .event anyedge, v0x87eda6940_3377, v0x87eda6940_3378, v0x87eda6940_3379, v0x87eda6940_3380;
v0x87eda6940_3381 .array/port v0x87eda6940, 3381;
v0x87eda6940_3382 .array/port v0x87eda6940, 3382;
v0x87eda6940_3383 .array/port v0x87eda6940, 3383;
v0x87eda6940_3384 .array/port v0x87eda6940, 3384;
E_0x87ed06b00/846 .event anyedge, v0x87eda6940_3381, v0x87eda6940_3382, v0x87eda6940_3383, v0x87eda6940_3384;
v0x87eda6940_3385 .array/port v0x87eda6940, 3385;
v0x87eda6940_3386 .array/port v0x87eda6940, 3386;
v0x87eda6940_3387 .array/port v0x87eda6940, 3387;
v0x87eda6940_3388 .array/port v0x87eda6940, 3388;
E_0x87ed06b00/847 .event anyedge, v0x87eda6940_3385, v0x87eda6940_3386, v0x87eda6940_3387, v0x87eda6940_3388;
v0x87eda6940_3389 .array/port v0x87eda6940, 3389;
v0x87eda6940_3390 .array/port v0x87eda6940, 3390;
v0x87eda6940_3391 .array/port v0x87eda6940, 3391;
v0x87eda6940_3392 .array/port v0x87eda6940, 3392;
E_0x87ed06b00/848 .event anyedge, v0x87eda6940_3389, v0x87eda6940_3390, v0x87eda6940_3391, v0x87eda6940_3392;
v0x87eda6940_3393 .array/port v0x87eda6940, 3393;
v0x87eda6940_3394 .array/port v0x87eda6940, 3394;
v0x87eda6940_3395 .array/port v0x87eda6940, 3395;
v0x87eda6940_3396 .array/port v0x87eda6940, 3396;
E_0x87ed06b00/849 .event anyedge, v0x87eda6940_3393, v0x87eda6940_3394, v0x87eda6940_3395, v0x87eda6940_3396;
v0x87eda6940_3397 .array/port v0x87eda6940, 3397;
v0x87eda6940_3398 .array/port v0x87eda6940, 3398;
v0x87eda6940_3399 .array/port v0x87eda6940, 3399;
v0x87eda6940_3400 .array/port v0x87eda6940, 3400;
E_0x87ed06b00/850 .event anyedge, v0x87eda6940_3397, v0x87eda6940_3398, v0x87eda6940_3399, v0x87eda6940_3400;
v0x87eda6940_3401 .array/port v0x87eda6940, 3401;
v0x87eda6940_3402 .array/port v0x87eda6940, 3402;
v0x87eda6940_3403 .array/port v0x87eda6940, 3403;
v0x87eda6940_3404 .array/port v0x87eda6940, 3404;
E_0x87ed06b00/851 .event anyedge, v0x87eda6940_3401, v0x87eda6940_3402, v0x87eda6940_3403, v0x87eda6940_3404;
v0x87eda6940_3405 .array/port v0x87eda6940, 3405;
v0x87eda6940_3406 .array/port v0x87eda6940, 3406;
v0x87eda6940_3407 .array/port v0x87eda6940, 3407;
v0x87eda6940_3408 .array/port v0x87eda6940, 3408;
E_0x87ed06b00/852 .event anyedge, v0x87eda6940_3405, v0x87eda6940_3406, v0x87eda6940_3407, v0x87eda6940_3408;
v0x87eda6940_3409 .array/port v0x87eda6940, 3409;
v0x87eda6940_3410 .array/port v0x87eda6940, 3410;
v0x87eda6940_3411 .array/port v0x87eda6940, 3411;
v0x87eda6940_3412 .array/port v0x87eda6940, 3412;
E_0x87ed06b00/853 .event anyedge, v0x87eda6940_3409, v0x87eda6940_3410, v0x87eda6940_3411, v0x87eda6940_3412;
v0x87eda6940_3413 .array/port v0x87eda6940, 3413;
v0x87eda6940_3414 .array/port v0x87eda6940, 3414;
v0x87eda6940_3415 .array/port v0x87eda6940, 3415;
v0x87eda6940_3416 .array/port v0x87eda6940, 3416;
E_0x87ed06b00/854 .event anyedge, v0x87eda6940_3413, v0x87eda6940_3414, v0x87eda6940_3415, v0x87eda6940_3416;
v0x87eda6940_3417 .array/port v0x87eda6940, 3417;
v0x87eda6940_3418 .array/port v0x87eda6940, 3418;
v0x87eda6940_3419 .array/port v0x87eda6940, 3419;
v0x87eda6940_3420 .array/port v0x87eda6940, 3420;
E_0x87ed06b00/855 .event anyedge, v0x87eda6940_3417, v0x87eda6940_3418, v0x87eda6940_3419, v0x87eda6940_3420;
v0x87eda6940_3421 .array/port v0x87eda6940, 3421;
v0x87eda6940_3422 .array/port v0x87eda6940, 3422;
v0x87eda6940_3423 .array/port v0x87eda6940, 3423;
v0x87eda6940_3424 .array/port v0x87eda6940, 3424;
E_0x87ed06b00/856 .event anyedge, v0x87eda6940_3421, v0x87eda6940_3422, v0x87eda6940_3423, v0x87eda6940_3424;
v0x87eda6940_3425 .array/port v0x87eda6940, 3425;
v0x87eda6940_3426 .array/port v0x87eda6940, 3426;
v0x87eda6940_3427 .array/port v0x87eda6940, 3427;
v0x87eda6940_3428 .array/port v0x87eda6940, 3428;
E_0x87ed06b00/857 .event anyedge, v0x87eda6940_3425, v0x87eda6940_3426, v0x87eda6940_3427, v0x87eda6940_3428;
v0x87eda6940_3429 .array/port v0x87eda6940, 3429;
v0x87eda6940_3430 .array/port v0x87eda6940, 3430;
v0x87eda6940_3431 .array/port v0x87eda6940, 3431;
v0x87eda6940_3432 .array/port v0x87eda6940, 3432;
E_0x87ed06b00/858 .event anyedge, v0x87eda6940_3429, v0x87eda6940_3430, v0x87eda6940_3431, v0x87eda6940_3432;
v0x87eda6940_3433 .array/port v0x87eda6940, 3433;
v0x87eda6940_3434 .array/port v0x87eda6940, 3434;
v0x87eda6940_3435 .array/port v0x87eda6940, 3435;
v0x87eda6940_3436 .array/port v0x87eda6940, 3436;
E_0x87ed06b00/859 .event anyedge, v0x87eda6940_3433, v0x87eda6940_3434, v0x87eda6940_3435, v0x87eda6940_3436;
v0x87eda6940_3437 .array/port v0x87eda6940, 3437;
v0x87eda6940_3438 .array/port v0x87eda6940, 3438;
v0x87eda6940_3439 .array/port v0x87eda6940, 3439;
v0x87eda6940_3440 .array/port v0x87eda6940, 3440;
E_0x87ed06b00/860 .event anyedge, v0x87eda6940_3437, v0x87eda6940_3438, v0x87eda6940_3439, v0x87eda6940_3440;
v0x87eda6940_3441 .array/port v0x87eda6940, 3441;
v0x87eda6940_3442 .array/port v0x87eda6940, 3442;
v0x87eda6940_3443 .array/port v0x87eda6940, 3443;
v0x87eda6940_3444 .array/port v0x87eda6940, 3444;
E_0x87ed06b00/861 .event anyedge, v0x87eda6940_3441, v0x87eda6940_3442, v0x87eda6940_3443, v0x87eda6940_3444;
v0x87eda6940_3445 .array/port v0x87eda6940, 3445;
v0x87eda6940_3446 .array/port v0x87eda6940, 3446;
v0x87eda6940_3447 .array/port v0x87eda6940, 3447;
v0x87eda6940_3448 .array/port v0x87eda6940, 3448;
E_0x87ed06b00/862 .event anyedge, v0x87eda6940_3445, v0x87eda6940_3446, v0x87eda6940_3447, v0x87eda6940_3448;
v0x87eda6940_3449 .array/port v0x87eda6940, 3449;
v0x87eda6940_3450 .array/port v0x87eda6940, 3450;
v0x87eda6940_3451 .array/port v0x87eda6940, 3451;
v0x87eda6940_3452 .array/port v0x87eda6940, 3452;
E_0x87ed06b00/863 .event anyedge, v0x87eda6940_3449, v0x87eda6940_3450, v0x87eda6940_3451, v0x87eda6940_3452;
v0x87eda6940_3453 .array/port v0x87eda6940, 3453;
v0x87eda6940_3454 .array/port v0x87eda6940, 3454;
v0x87eda6940_3455 .array/port v0x87eda6940, 3455;
v0x87eda6940_3456 .array/port v0x87eda6940, 3456;
E_0x87ed06b00/864 .event anyedge, v0x87eda6940_3453, v0x87eda6940_3454, v0x87eda6940_3455, v0x87eda6940_3456;
v0x87eda6940_3457 .array/port v0x87eda6940, 3457;
v0x87eda6940_3458 .array/port v0x87eda6940, 3458;
v0x87eda6940_3459 .array/port v0x87eda6940, 3459;
v0x87eda6940_3460 .array/port v0x87eda6940, 3460;
E_0x87ed06b00/865 .event anyedge, v0x87eda6940_3457, v0x87eda6940_3458, v0x87eda6940_3459, v0x87eda6940_3460;
v0x87eda6940_3461 .array/port v0x87eda6940, 3461;
v0x87eda6940_3462 .array/port v0x87eda6940, 3462;
v0x87eda6940_3463 .array/port v0x87eda6940, 3463;
v0x87eda6940_3464 .array/port v0x87eda6940, 3464;
E_0x87ed06b00/866 .event anyedge, v0x87eda6940_3461, v0x87eda6940_3462, v0x87eda6940_3463, v0x87eda6940_3464;
v0x87eda6940_3465 .array/port v0x87eda6940, 3465;
v0x87eda6940_3466 .array/port v0x87eda6940, 3466;
v0x87eda6940_3467 .array/port v0x87eda6940, 3467;
v0x87eda6940_3468 .array/port v0x87eda6940, 3468;
E_0x87ed06b00/867 .event anyedge, v0x87eda6940_3465, v0x87eda6940_3466, v0x87eda6940_3467, v0x87eda6940_3468;
v0x87eda6940_3469 .array/port v0x87eda6940, 3469;
v0x87eda6940_3470 .array/port v0x87eda6940, 3470;
v0x87eda6940_3471 .array/port v0x87eda6940, 3471;
v0x87eda6940_3472 .array/port v0x87eda6940, 3472;
E_0x87ed06b00/868 .event anyedge, v0x87eda6940_3469, v0x87eda6940_3470, v0x87eda6940_3471, v0x87eda6940_3472;
v0x87eda6940_3473 .array/port v0x87eda6940, 3473;
v0x87eda6940_3474 .array/port v0x87eda6940, 3474;
v0x87eda6940_3475 .array/port v0x87eda6940, 3475;
v0x87eda6940_3476 .array/port v0x87eda6940, 3476;
E_0x87ed06b00/869 .event anyedge, v0x87eda6940_3473, v0x87eda6940_3474, v0x87eda6940_3475, v0x87eda6940_3476;
v0x87eda6940_3477 .array/port v0x87eda6940, 3477;
v0x87eda6940_3478 .array/port v0x87eda6940, 3478;
v0x87eda6940_3479 .array/port v0x87eda6940, 3479;
v0x87eda6940_3480 .array/port v0x87eda6940, 3480;
E_0x87ed06b00/870 .event anyedge, v0x87eda6940_3477, v0x87eda6940_3478, v0x87eda6940_3479, v0x87eda6940_3480;
v0x87eda6940_3481 .array/port v0x87eda6940, 3481;
v0x87eda6940_3482 .array/port v0x87eda6940, 3482;
v0x87eda6940_3483 .array/port v0x87eda6940, 3483;
v0x87eda6940_3484 .array/port v0x87eda6940, 3484;
E_0x87ed06b00/871 .event anyedge, v0x87eda6940_3481, v0x87eda6940_3482, v0x87eda6940_3483, v0x87eda6940_3484;
v0x87eda6940_3485 .array/port v0x87eda6940, 3485;
v0x87eda6940_3486 .array/port v0x87eda6940, 3486;
v0x87eda6940_3487 .array/port v0x87eda6940, 3487;
v0x87eda6940_3488 .array/port v0x87eda6940, 3488;
E_0x87ed06b00/872 .event anyedge, v0x87eda6940_3485, v0x87eda6940_3486, v0x87eda6940_3487, v0x87eda6940_3488;
v0x87eda6940_3489 .array/port v0x87eda6940, 3489;
v0x87eda6940_3490 .array/port v0x87eda6940, 3490;
v0x87eda6940_3491 .array/port v0x87eda6940, 3491;
v0x87eda6940_3492 .array/port v0x87eda6940, 3492;
E_0x87ed06b00/873 .event anyedge, v0x87eda6940_3489, v0x87eda6940_3490, v0x87eda6940_3491, v0x87eda6940_3492;
v0x87eda6940_3493 .array/port v0x87eda6940, 3493;
v0x87eda6940_3494 .array/port v0x87eda6940, 3494;
v0x87eda6940_3495 .array/port v0x87eda6940, 3495;
v0x87eda6940_3496 .array/port v0x87eda6940, 3496;
E_0x87ed06b00/874 .event anyedge, v0x87eda6940_3493, v0x87eda6940_3494, v0x87eda6940_3495, v0x87eda6940_3496;
v0x87eda6940_3497 .array/port v0x87eda6940, 3497;
v0x87eda6940_3498 .array/port v0x87eda6940, 3498;
v0x87eda6940_3499 .array/port v0x87eda6940, 3499;
v0x87eda6940_3500 .array/port v0x87eda6940, 3500;
E_0x87ed06b00/875 .event anyedge, v0x87eda6940_3497, v0x87eda6940_3498, v0x87eda6940_3499, v0x87eda6940_3500;
v0x87eda6940_3501 .array/port v0x87eda6940, 3501;
v0x87eda6940_3502 .array/port v0x87eda6940, 3502;
v0x87eda6940_3503 .array/port v0x87eda6940, 3503;
v0x87eda6940_3504 .array/port v0x87eda6940, 3504;
E_0x87ed06b00/876 .event anyedge, v0x87eda6940_3501, v0x87eda6940_3502, v0x87eda6940_3503, v0x87eda6940_3504;
v0x87eda6940_3505 .array/port v0x87eda6940, 3505;
v0x87eda6940_3506 .array/port v0x87eda6940, 3506;
v0x87eda6940_3507 .array/port v0x87eda6940, 3507;
v0x87eda6940_3508 .array/port v0x87eda6940, 3508;
E_0x87ed06b00/877 .event anyedge, v0x87eda6940_3505, v0x87eda6940_3506, v0x87eda6940_3507, v0x87eda6940_3508;
v0x87eda6940_3509 .array/port v0x87eda6940, 3509;
v0x87eda6940_3510 .array/port v0x87eda6940, 3510;
v0x87eda6940_3511 .array/port v0x87eda6940, 3511;
v0x87eda6940_3512 .array/port v0x87eda6940, 3512;
E_0x87ed06b00/878 .event anyedge, v0x87eda6940_3509, v0x87eda6940_3510, v0x87eda6940_3511, v0x87eda6940_3512;
v0x87eda6940_3513 .array/port v0x87eda6940, 3513;
v0x87eda6940_3514 .array/port v0x87eda6940, 3514;
v0x87eda6940_3515 .array/port v0x87eda6940, 3515;
v0x87eda6940_3516 .array/port v0x87eda6940, 3516;
E_0x87ed06b00/879 .event anyedge, v0x87eda6940_3513, v0x87eda6940_3514, v0x87eda6940_3515, v0x87eda6940_3516;
v0x87eda6940_3517 .array/port v0x87eda6940, 3517;
v0x87eda6940_3518 .array/port v0x87eda6940, 3518;
v0x87eda6940_3519 .array/port v0x87eda6940, 3519;
v0x87eda6940_3520 .array/port v0x87eda6940, 3520;
E_0x87ed06b00/880 .event anyedge, v0x87eda6940_3517, v0x87eda6940_3518, v0x87eda6940_3519, v0x87eda6940_3520;
v0x87eda6940_3521 .array/port v0x87eda6940, 3521;
v0x87eda6940_3522 .array/port v0x87eda6940, 3522;
v0x87eda6940_3523 .array/port v0x87eda6940, 3523;
v0x87eda6940_3524 .array/port v0x87eda6940, 3524;
E_0x87ed06b00/881 .event anyedge, v0x87eda6940_3521, v0x87eda6940_3522, v0x87eda6940_3523, v0x87eda6940_3524;
v0x87eda6940_3525 .array/port v0x87eda6940, 3525;
v0x87eda6940_3526 .array/port v0x87eda6940, 3526;
v0x87eda6940_3527 .array/port v0x87eda6940, 3527;
v0x87eda6940_3528 .array/port v0x87eda6940, 3528;
E_0x87ed06b00/882 .event anyedge, v0x87eda6940_3525, v0x87eda6940_3526, v0x87eda6940_3527, v0x87eda6940_3528;
v0x87eda6940_3529 .array/port v0x87eda6940, 3529;
v0x87eda6940_3530 .array/port v0x87eda6940, 3530;
v0x87eda6940_3531 .array/port v0x87eda6940, 3531;
v0x87eda6940_3532 .array/port v0x87eda6940, 3532;
E_0x87ed06b00/883 .event anyedge, v0x87eda6940_3529, v0x87eda6940_3530, v0x87eda6940_3531, v0x87eda6940_3532;
v0x87eda6940_3533 .array/port v0x87eda6940, 3533;
v0x87eda6940_3534 .array/port v0x87eda6940, 3534;
v0x87eda6940_3535 .array/port v0x87eda6940, 3535;
v0x87eda6940_3536 .array/port v0x87eda6940, 3536;
E_0x87ed06b00/884 .event anyedge, v0x87eda6940_3533, v0x87eda6940_3534, v0x87eda6940_3535, v0x87eda6940_3536;
v0x87eda6940_3537 .array/port v0x87eda6940, 3537;
v0x87eda6940_3538 .array/port v0x87eda6940, 3538;
v0x87eda6940_3539 .array/port v0x87eda6940, 3539;
v0x87eda6940_3540 .array/port v0x87eda6940, 3540;
E_0x87ed06b00/885 .event anyedge, v0x87eda6940_3537, v0x87eda6940_3538, v0x87eda6940_3539, v0x87eda6940_3540;
v0x87eda6940_3541 .array/port v0x87eda6940, 3541;
v0x87eda6940_3542 .array/port v0x87eda6940, 3542;
v0x87eda6940_3543 .array/port v0x87eda6940, 3543;
v0x87eda6940_3544 .array/port v0x87eda6940, 3544;
E_0x87ed06b00/886 .event anyedge, v0x87eda6940_3541, v0x87eda6940_3542, v0x87eda6940_3543, v0x87eda6940_3544;
v0x87eda6940_3545 .array/port v0x87eda6940, 3545;
v0x87eda6940_3546 .array/port v0x87eda6940, 3546;
v0x87eda6940_3547 .array/port v0x87eda6940, 3547;
v0x87eda6940_3548 .array/port v0x87eda6940, 3548;
E_0x87ed06b00/887 .event anyedge, v0x87eda6940_3545, v0x87eda6940_3546, v0x87eda6940_3547, v0x87eda6940_3548;
v0x87eda6940_3549 .array/port v0x87eda6940, 3549;
v0x87eda6940_3550 .array/port v0x87eda6940, 3550;
v0x87eda6940_3551 .array/port v0x87eda6940, 3551;
v0x87eda6940_3552 .array/port v0x87eda6940, 3552;
E_0x87ed06b00/888 .event anyedge, v0x87eda6940_3549, v0x87eda6940_3550, v0x87eda6940_3551, v0x87eda6940_3552;
v0x87eda6940_3553 .array/port v0x87eda6940, 3553;
v0x87eda6940_3554 .array/port v0x87eda6940, 3554;
v0x87eda6940_3555 .array/port v0x87eda6940, 3555;
v0x87eda6940_3556 .array/port v0x87eda6940, 3556;
E_0x87ed06b00/889 .event anyedge, v0x87eda6940_3553, v0x87eda6940_3554, v0x87eda6940_3555, v0x87eda6940_3556;
v0x87eda6940_3557 .array/port v0x87eda6940, 3557;
v0x87eda6940_3558 .array/port v0x87eda6940, 3558;
v0x87eda6940_3559 .array/port v0x87eda6940, 3559;
v0x87eda6940_3560 .array/port v0x87eda6940, 3560;
E_0x87ed06b00/890 .event anyedge, v0x87eda6940_3557, v0x87eda6940_3558, v0x87eda6940_3559, v0x87eda6940_3560;
v0x87eda6940_3561 .array/port v0x87eda6940, 3561;
v0x87eda6940_3562 .array/port v0x87eda6940, 3562;
v0x87eda6940_3563 .array/port v0x87eda6940, 3563;
v0x87eda6940_3564 .array/port v0x87eda6940, 3564;
E_0x87ed06b00/891 .event anyedge, v0x87eda6940_3561, v0x87eda6940_3562, v0x87eda6940_3563, v0x87eda6940_3564;
v0x87eda6940_3565 .array/port v0x87eda6940, 3565;
v0x87eda6940_3566 .array/port v0x87eda6940, 3566;
v0x87eda6940_3567 .array/port v0x87eda6940, 3567;
v0x87eda6940_3568 .array/port v0x87eda6940, 3568;
E_0x87ed06b00/892 .event anyedge, v0x87eda6940_3565, v0x87eda6940_3566, v0x87eda6940_3567, v0x87eda6940_3568;
v0x87eda6940_3569 .array/port v0x87eda6940, 3569;
v0x87eda6940_3570 .array/port v0x87eda6940, 3570;
v0x87eda6940_3571 .array/port v0x87eda6940, 3571;
v0x87eda6940_3572 .array/port v0x87eda6940, 3572;
E_0x87ed06b00/893 .event anyedge, v0x87eda6940_3569, v0x87eda6940_3570, v0x87eda6940_3571, v0x87eda6940_3572;
v0x87eda6940_3573 .array/port v0x87eda6940, 3573;
v0x87eda6940_3574 .array/port v0x87eda6940, 3574;
v0x87eda6940_3575 .array/port v0x87eda6940, 3575;
v0x87eda6940_3576 .array/port v0x87eda6940, 3576;
E_0x87ed06b00/894 .event anyedge, v0x87eda6940_3573, v0x87eda6940_3574, v0x87eda6940_3575, v0x87eda6940_3576;
v0x87eda6940_3577 .array/port v0x87eda6940, 3577;
v0x87eda6940_3578 .array/port v0x87eda6940, 3578;
v0x87eda6940_3579 .array/port v0x87eda6940, 3579;
v0x87eda6940_3580 .array/port v0x87eda6940, 3580;
E_0x87ed06b00/895 .event anyedge, v0x87eda6940_3577, v0x87eda6940_3578, v0x87eda6940_3579, v0x87eda6940_3580;
v0x87eda6940_3581 .array/port v0x87eda6940, 3581;
v0x87eda6940_3582 .array/port v0x87eda6940, 3582;
v0x87eda6940_3583 .array/port v0x87eda6940, 3583;
v0x87eda6940_3584 .array/port v0x87eda6940, 3584;
E_0x87ed06b00/896 .event anyedge, v0x87eda6940_3581, v0x87eda6940_3582, v0x87eda6940_3583, v0x87eda6940_3584;
v0x87eda6940_3585 .array/port v0x87eda6940, 3585;
v0x87eda6940_3586 .array/port v0x87eda6940, 3586;
v0x87eda6940_3587 .array/port v0x87eda6940, 3587;
v0x87eda6940_3588 .array/port v0x87eda6940, 3588;
E_0x87ed06b00/897 .event anyedge, v0x87eda6940_3585, v0x87eda6940_3586, v0x87eda6940_3587, v0x87eda6940_3588;
v0x87eda6940_3589 .array/port v0x87eda6940, 3589;
v0x87eda6940_3590 .array/port v0x87eda6940, 3590;
v0x87eda6940_3591 .array/port v0x87eda6940, 3591;
v0x87eda6940_3592 .array/port v0x87eda6940, 3592;
E_0x87ed06b00/898 .event anyedge, v0x87eda6940_3589, v0x87eda6940_3590, v0x87eda6940_3591, v0x87eda6940_3592;
v0x87eda6940_3593 .array/port v0x87eda6940, 3593;
v0x87eda6940_3594 .array/port v0x87eda6940, 3594;
v0x87eda6940_3595 .array/port v0x87eda6940, 3595;
v0x87eda6940_3596 .array/port v0x87eda6940, 3596;
E_0x87ed06b00/899 .event anyedge, v0x87eda6940_3593, v0x87eda6940_3594, v0x87eda6940_3595, v0x87eda6940_3596;
v0x87eda6940_3597 .array/port v0x87eda6940, 3597;
v0x87eda6940_3598 .array/port v0x87eda6940, 3598;
v0x87eda6940_3599 .array/port v0x87eda6940, 3599;
v0x87eda6940_3600 .array/port v0x87eda6940, 3600;
E_0x87ed06b00/900 .event anyedge, v0x87eda6940_3597, v0x87eda6940_3598, v0x87eda6940_3599, v0x87eda6940_3600;
v0x87eda6940_3601 .array/port v0x87eda6940, 3601;
v0x87eda6940_3602 .array/port v0x87eda6940, 3602;
v0x87eda6940_3603 .array/port v0x87eda6940, 3603;
v0x87eda6940_3604 .array/port v0x87eda6940, 3604;
E_0x87ed06b00/901 .event anyedge, v0x87eda6940_3601, v0x87eda6940_3602, v0x87eda6940_3603, v0x87eda6940_3604;
v0x87eda6940_3605 .array/port v0x87eda6940, 3605;
v0x87eda6940_3606 .array/port v0x87eda6940, 3606;
v0x87eda6940_3607 .array/port v0x87eda6940, 3607;
v0x87eda6940_3608 .array/port v0x87eda6940, 3608;
E_0x87ed06b00/902 .event anyedge, v0x87eda6940_3605, v0x87eda6940_3606, v0x87eda6940_3607, v0x87eda6940_3608;
v0x87eda6940_3609 .array/port v0x87eda6940, 3609;
v0x87eda6940_3610 .array/port v0x87eda6940, 3610;
v0x87eda6940_3611 .array/port v0x87eda6940, 3611;
v0x87eda6940_3612 .array/port v0x87eda6940, 3612;
E_0x87ed06b00/903 .event anyedge, v0x87eda6940_3609, v0x87eda6940_3610, v0x87eda6940_3611, v0x87eda6940_3612;
v0x87eda6940_3613 .array/port v0x87eda6940, 3613;
v0x87eda6940_3614 .array/port v0x87eda6940, 3614;
v0x87eda6940_3615 .array/port v0x87eda6940, 3615;
v0x87eda6940_3616 .array/port v0x87eda6940, 3616;
E_0x87ed06b00/904 .event anyedge, v0x87eda6940_3613, v0x87eda6940_3614, v0x87eda6940_3615, v0x87eda6940_3616;
v0x87eda6940_3617 .array/port v0x87eda6940, 3617;
v0x87eda6940_3618 .array/port v0x87eda6940, 3618;
v0x87eda6940_3619 .array/port v0x87eda6940, 3619;
v0x87eda6940_3620 .array/port v0x87eda6940, 3620;
E_0x87ed06b00/905 .event anyedge, v0x87eda6940_3617, v0x87eda6940_3618, v0x87eda6940_3619, v0x87eda6940_3620;
v0x87eda6940_3621 .array/port v0x87eda6940, 3621;
v0x87eda6940_3622 .array/port v0x87eda6940, 3622;
v0x87eda6940_3623 .array/port v0x87eda6940, 3623;
v0x87eda6940_3624 .array/port v0x87eda6940, 3624;
E_0x87ed06b00/906 .event anyedge, v0x87eda6940_3621, v0x87eda6940_3622, v0x87eda6940_3623, v0x87eda6940_3624;
v0x87eda6940_3625 .array/port v0x87eda6940, 3625;
v0x87eda6940_3626 .array/port v0x87eda6940, 3626;
v0x87eda6940_3627 .array/port v0x87eda6940, 3627;
v0x87eda6940_3628 .array/port v0x87eda6940, 3628;
E_0x87ed06b00/907 .event anyedge, v0x87eda6940_3625, v0x87eda6940_3626, v0x87eda6940_3627, v0x87eda6940_3628;
v0x87eda6940_3629 .array/port v0x87eda6940, 3629;
v0x87eda6940_3630 .array/port v0x87eda6940, 3630;
v0x87eda6940_3631 .array/port v0x87eda6940, 3631;
v0x87eda6940_3632 .array/port v0x87eda6940, 3632;
E_0x87ed06b00/908 .event anyedge, v0x87eda6940_3629, v0x87eda6940_3630, v0x87eda6940_3631, v0x87eda6940_3632;
v0x87eda6940_3633 .array/port v0x87eda6940, 3633;
v0x87eda6940_3634 .array/port v0x87eda6940, 3634;
v0x87eda6940_3635 .array/port v0x87eda6940, 3635;
v0x87eda6940_3636 .array/port v0x87eda6940, 3636;
E_0x87ed06b00/909 .event anyedge, v0x87eda6940_3633, v0x87eda6940_3634, v0x87eda6940_3635, v0x87eda6940_3636;
v0x87eda6940_3637 .array/port v0x87eda6940, 3637;
v0x87eda6940_3638 .array/port v0x87eda6940, 3638;
v0x87eda6940_3639 .array/port v0x87eda6940, 3639;
v0x87eda6940_3640 .array/port v0x87eda6940, 3640;
E_0x87ed06b00/910 .event anyedge, v0x87eda6940_3637, v0x87eda6940_3638, v0x87eda6940_3639, v0x87eda6940_3640;
v0x87eda6940_3641 .array/port v0x87eda6940, 3641;
v0x87eda6940_3642 .array/port v0x87eda6940, 3642;
v0x87eda6940_3643 .array/port v0x87eda6940, 3643;
v0x87eda6940_3644 .array/port v0x87eda6940, 3644;
E_0x87ed06b00/911 .event anyedge, v0x87eda6940_3641, v0x87eda6940_3642, v0x87eda6940_3643, v0x87eda6940_3644;
v0x87eda6940_3645 .array/port v0x87eda6940, 3645;
v0x87eda6940_3646 .array/port v0x87eda6940, 3646;
v0x87eda6940_3647 .array/port v0x87eda6940, 3647;
v0x87eda6940_3648 .array/port v0x87eda6940, 3648;
E_0x87ed06b00/912 .event anyedge, v0x87eda6940_3645, v0x87eda6940_3646, v0x87eda6940_3647, v0x87eda6940_3648;
v0x87eda6940_3649 .array/port v0x87eda6940, 3649;
v0x87eda6940_3650 .array/port v0x87eda6940, 3650;
v0x87eda6940_3651 .array/port v0x87eda6940, 3651;
v0x87eda6940_3652 .array/port v0x87eda6940, 3652;
E_0x87ed06b00/913 .event anyedge, v0x87eda6940_3649, v0x87eda6940_3650, v0x87eda6940_3651, v0x87eda6940_3652;
v0x87eda6940_3653 .array/port v0x87eda6940, 3653;
v0x87eda6940_3654 .array/port v0x87eda6940, 3654;
v0x87eda6940_3655 .array/port v0x87eda6940, 3655;
v0x87eda6940_3656 .array/port v0x87eda6940, 3656;
E_0x87ed06b00/914 .event anyedge, v0x87eda6940_3653, v0x87eda6940_3654, v0x87eda6940_3655, v0x87eda6940_3656;
v0x87eda6940_3657 .array/port v0x87eda6940, 3657;
v0x87eda6940_3658 .array/port v0x87eda6940, 3658;
v0x87eda6940_3659 .array/port v0x87eda6940, 3659;
v0x87eda6940_3660 .array/port v0x87eda6940, 3660;
E_0x87ed06b00/915 .event anyedge, v0x87eda6940_3657, v0x87eda6940_3658, v0x87eda6940_3659, v0x87eda6940_3660;
v0x87eda6940_3661 .array/port v0x87eda6940, 3661;
v0x87eda6940_3662 .array/port v0x87eda6940, 3662;
v0x87eda6940_3663 .array/port v0x87eda6940, 3663;
v0x87eda6940_3664 .array/port v0x87eda6940, 3664;
E_0x87ed06b00/916 .event anyedge, v0x87eda6940_3661, v0x87eda6940_3662, v0x87eda6940_3663, v0x87eda6940_3664;
v0x87eda6940_3665 .array/port v0x87eda6940, 3665;
v0x87eda6940_3666 .array/port v0x87eda6940, 3666;
v0x87eda6940_3667 .array/port v0x87eda6940, 3667;
v0x87eda6940_3668 .array/port v0x87eda6940, 3668;
E_0x87ed06b00/917 .event anyedge, v0x87eda6940_3665, v0x87eda6940_3666, v0x87eda6940_3667, v0x87eda6940_3668;
v0x87eda6940_3669 .array/port v0x87eda6940, 3669;
v0x87eda6940_3670 .array/port v0x87eda6940, 3670;
v0x87eda6940_3671 .array/port v0x87eda6940, 3671;
v0x87eda6940_3672 .array/port v0x87eda6940, 3672;
E_0x87ed06b00/918 .event anyedge, v0x87eda6940_3669, v0x87eda6940_3670, v0x87eda6940_3671, v0x87eda6940_3672;
v0x87eda6940_3673 .array/port v0x87eda6940, 3673;
v0x87eda6940_3674 .array/port v0x87eda6940, 3674;
v0x87eda6940_3675 .array/port v0x87eda6940, 3675;
v0x87eda6940_3676 .array/port v0x87eda6940, 3676;
E_0x87ed06b00/919 .event anyedge, v0x87eda6940_3673, v0x87eda6940_3674, v0x87eda6940_3675, v0x87eda6940_3676;
v0x87eda6940_3677 .array/port v0x87eda6940, 3677;
v0x87eda6940_3678 .array/port v0x87eda6940, 3678;
v0x87eda6940_3679 .array/port v0x87eda6940, 3679;
v0x87eda6940_3680 .array/port v0x87eda6940, 3680;
E_0x87ed06b00/920 .event anyedge, v0x87eda6940_3677, v0x87eda6940_3678, v0x87eda6940_3679, v0x87eda6940_3680;
v0x87eda6940_3681 .array/port v0x87eda6940, 3681;
v0x87eda6940_3682 .array/port v0x87eda6940, 3682;
v0x87eda6940_3683 .array/port v0x87eda6940, 3683;
v0x87eda6940_3684 .array/port v0x87eda6940, 3684;
E_0x87ed06b00/921 .event anyedge, v0x87eda6940_3681, v0x87eda6940_3682, v0x87eda6940_3683, v0x87eda6940_3684;
v0x87eda6940_3685 .array/port v0x87eda6940, 3685;
v0x87eda6940_3686 .array/port v0x87eda6940, 3686;
v0x87eda6940_3687 .array/port v0x87eda6940, 3687;
v0x87eda6940_3688 .array/port v0x87eda6940, 3688;
E_0x87ed06b00/922 .event anyedge, v0x87eda6940_3685, v0x87eda6940_3686, v0x87eda6940_3687, v0x87eda6940_3688;
v0x87eda6940_3689 .array/port v0x87eda6940, 3689;
v0x87eda6940_3690 .array/port v0x87eda6940, 3690;
v0x87eda6940_3691 .array/port v0x87eda6940, 3691;
v0x87eda6940_3692 .array/port v0x87eda6940, 3692;
E_0x87ed06b00/923 .event anyedge, v0x87eda6940_3689, v0x87eda6940_3690, v0x87eda6940_3691, v0x87eda6940_3692;
v0x87eda6940_3693 .array/port v0x87eda6940, 3693;
v0x87eda6940_3694 .array/port v0x87eda6940, 3694;
v0x87eda6940_3695 .array/port v0x87eda6940, 3695;
v0x87eda6940_3696 .array/port v0x87eda6940, 3696;
E_0x87ed06b00/924 .event anyedge, v0x87eda6940_3693, v0x87eda6940_3694, v0x87eda6940_3695, v0x87eda6940_3696;
v0x87eda6940_3697 .array/port v0x87eda6940, 3697;
v0x87eda6940_3698 .array/port v0x87eda6940, 3698;
v0x87eda6940_3699 .array/port v0x87eda6940, 3699;
v0x87eda6940_3700 .array/port v0x87eda6940, 3700;
E_0x87ed06b00/925 .event anyedge, v0x87eda6940_3697, v0x87eda6940_3698, v0x87eda6940_3699, v0x87eda6940_3700;
v0x87eda6940_3701 .array/port v0x87eda6940, 3701;
v0x87eda6940_3702 .array/port v0x87eda6940, 3702;
v0x87eda6940_3703 .array/port v0x87eda6940, 3703;
v0x87eda6940_3704 .array/port v0x87eda6940, 3704;
E_0x87ed06b00/926 .event anyedge, v0x87eda6940_3701, v0x87eda6940_3702, v0x87eda6940_3703, v0x87eda6940_3704;
v0x87eda6940_3705 .array/port v0x87eda6940, 3705;
v0x87eda6940_3706 .array/port v0x87eda6940, 3706;
v0x87eda6940_3707 .array/port v0x87eda6940, 3707;
v0x87eda6940_3708 .array/port v0x87eda6940, 3708;
E_0x87ed06b00/927 .event anyedge, v0x87eda6940_3705, v0x87eda6940_3706, v0x87eda6940_3707, v0x87eda6940_3708;
v0x87eda6940_3709 .array/port v0x87eda6940, 3709;
v0x87eda6940_3710 .array/port v0x87eda6940, 3710;
v0x87eda6940_3711 .array/port v0x87eda6940, 3711;
v0x87eda6940_3712 .array/port v0x87eda6940, 3712;
E_0x87ed06b00/928 .event anyedge, v0x87eda6940_3709, v0x87eda6940_3710, v0x87eda6940_3711, v0x87eda6940_3712;
v0x87eda6940_3713 .array/port v0x87eda6940, 3713;
v0x87eda6940_3714 .array/port v0x87eda6940, 3714;
v0x87eda6940_3715 .array/port v0x87eda6940, 3715;
v0x87eda6940_3716 .array/port v0x87eda6940, 3716;
E_0x87ed06b00/929 .event anyedge, v0x87eda6940_3713, v0x87eda6940_3714, v0x87eda6940_3715, v0x87eda6940_3716;
v0x87eda6940_3717 .array/port v0x87eda6940, 3717;
v0x87eda6940_3718 .array/port v0x87eda6940, 3718;
v0x87eda6940_3719 .array/port v0x87eda6940, 3719;
v0x87eda6940_3720 .array/port v0x87eda6940, 3720;
E_0x87ed06b00/930 .event anyedge, v0x87eda6940_3717, v0x87eda6940_3718, v0x87eda6940_3719, v0x87eda6940_3720;
v0x87eda6940_3721 .array/port v0x87eda6940, 3721;
v0x87eda6940_3722 .array/port v0x87eda6940, 3722;
v0x87eda6940_3723 .array/port v0x87eda6940, 3723;
v0x87eda6940_3724 .array/port v0x87eda6940, 3724;
E_0x87ed06b00/931 .event anyedge, v0x87eda6940_3721, v0x87eda6940_3722, v0x87eda6940_3723, v0x87eda6940_3724;
v0x87eda6940_3725 .array/port v0x87eda6940, 3725;
v0x87eda6940_3726 .array/port v0x87eda6940, 3726;
v0x87eda6940_3727 .array/port v0x87eda6940, 3727;
v0x87eda6940_3728 .array/port v0x87eda6940, 3728;
E_0x87ed06b00/932 .event anyedge, v0x87eda6940_3725, v0x87eda6940_3726, v0x87eda6940_3727, v0x87eda6940_3728;
v0x87eda6940_3729 .array/port v0x87eda6940, 3729;
v0x87eda6940_3730 .array/port v0x87eda6940, 3730;
v0x87eda6940_3731 .array/port v0x87eda6940, 3731;
v0x87eda6940_3732 .array/port v0x87eda6940, 3732;
E_0x87ed06b00/933 .event anyedge, v0x87eda6940_3729, v0x87eda6940_3730, v0x87eda6940_3731, v0x87eda6940_3732;
v0x87eda6940_3733 .array/port v0x87eda6940, 3733;
v0x87eda6940_3734 .array/port v0x87eda6940, 3734;
v0x87eda6940_3735 .array/port v0x87eda6940, 3735;
v0x87eda6940_3736 .array/port v0x87eda6940, 3736;
E_0x87ed06b00/934 .event anyedge, v0x87eda6940_3733, v0x87eda6940_3734, v0x87eda6940_3735, v0x87eda6940_3736;
v0x87eda6940_3737 .array/port v0x87eda6940, 3737;
v0x87eda6940_3738 .array/port v0x87eda6940, 3738;
v0x87eda6940_3739 .array/port v0x87eda6940, 3739;
v0x87eda6940_3740 .array/port v0x87eda6940, 3740;
E_0x87ed06b00/935 .event anyedge, v0x87eda6940_3737, v0x87eda6940_3738, v0x87eda6940_3739, v0x87eda6940_3740;
v0x87eda6940_3741 .array/port v0x87eda6940, 3741;
v0x87eda6940_3742 .array/port v0x87eda6940, 3742;
v0x87eda6940_3743 .array/port v0x87eda6940, 3743;
v0x87eda6940_3744 .array/port v0x87eda6940, 3744;
E_0x87ed06b00/936 .event anyedge, v0x87eda6940_3741, v0x87eda6940_3742, v0x87eda6940_3743, v0x87eda6940_3744;
v0x87eda6940_3745 .array/port v0x87eda6940, 3745;
v0x87eda6940_3746 .array/port v0x87eda6940, 3746;
v0x87eda6940_3747 .array/port v0x87eda6940, 3747;
v0x87eda6940_3748 .array/port v0x87eda6940, 3748;
E_0x87ed06b00/937 .event anyedge, v0x87eda6940_3745, v0x87eda6940_3746, v0x87eda6940_3747, v0x87eda6940_3748;
v0x87eda6940_3749 .array/port v0x87eda6940, 3749;
v0x87eda6940_3750 .array/port v0x87eda6940, 3750;
v0x87eda6940_3751 .array/port v0x87eda6940, 3751;
v0x87eda6940_3752 .array/port v0x87eda6940, 3752;
E_0x87ed06b00/938 .event anyedge, v0x87eda6940_3749, v0x87eda6940_3750, v0x87eda6940_3751, v0x87eda6940_3752;
v0x87eda6940_3753 .array/port v0x87eda6940, 3753;
v0x87eda6940_3754 .array/port v0x87eda6940, 3754;
v0x87eda6940_3755 .array/port v0x87eda6940, 3755;
v0x87eda6940_3756 .array/port v0x87eda6940, 3756;
E_0x87ed06b00/939 .event anyedge, v0x87eda6940_3753, v0x87eda6940_3754, v0x87eda6940_3755, v0x87eda6940_3756;
v0x87eda6940_3757 .array/port v0x87eda6940, 3757;
v0x87eda6940_3758 .array/port v0x87eda6940, 3758;
v0x87eda6940_3759 .array/port v0x87eda6940, 3759;
v0x87eda6940_3760 .array/port v0x87eda6940, 3760;
E_0x87ed06b00/940 .event anyedge, v0x87eda6940_3757, v0x87eda6940_3758, v0x87eda6940_3759, v0x87eda6940_3760;
v0x87eda6940_3761 .array/port v0x87eda6940, 3761;
v0x87eda6940_3762 .array/port v0x87eda6940, 3762;
v0x87eda6940_3763 .array/port v0x87eda6940, 3763;
v0x87eda6940_3764 .array/port v0x87eda6940, 3764;
E_0x87ed06b00/941 .event anyedge, v0x87eda6940_3761, v0x87eda6940_3762, v0x87eda6940_3763, v0x87eda6940_3764;
v0x87eda6940_3765 .array/port v0x87eda6940, 3765;
v0x87eda6940_3766 .array/port v0x87eda6940, 3766;
v0x87eda6940_3767 .array/port v0x87eda6940, 3767;
v0x87eda6940_3768 .array/port v0x87eda6940, 3768;
E_0x87ed06b00/942 .event anyedge, v0x87eda6940_3765, v0x87eda6940_3766, v0x87eda6940_3767, v0x87eda6940_3768;
v0x87eda6940_3769 .array/port v0x87eda6940, 3769;
v0x87eda6940_3770 .array/port v0x87eda6940, 3770;
v0x87eda6940_3771 .array/port v0x87eda6940, 3771;
v0x87eda6940_3772 .array/port v0x87eda6940, 3772;
E_0x87ed06b00/943 .event anyedge, v0x87eda6940_3769, v0x87eda6940_3770, v0x87eda6940_3771, v0x87eda6940_3772;
v0x87eda6940_3773 .array/port v0x87eda6940, 3773;
v0x87eda6940_3774 .array/port v0x87eda6940, 3774;
v0x87eda6940_3775 .array/port v0x87eda6940, 3775;
v0x87eda6940_3776 .array/port v0x87eda6940, 3776;
E_0x87ed06b00/944 .event anyedge, v0x87eda6940_3773, v0x87eda6940_3774, v0x87eda6940_3775, v0x87eda6940_3776;
v0x87eda6940_3777 .array/port v0x87eda6940, 3777;
v0x87eda6940_3778 .array/port v0x87eda6940, 3778;
v0x87eda6940_3779 .array/port v0x87eda6940, 3779;
v0x87eda6940_3780 .array/port v0x87eda6940, 3780;
E_0x87ed06b00/945 .event anyedge, v0x87eda6940_3777, v0x87eda6940_3778, v0x87eda6940_3779, v0x87eda6940_3780;
v0x87eda6940_3781 .array/port v0x87eda6940, 3781;
v0x87eda6940_3782 .array/port v0x87eda6940, 3782;
v0x87eda6940_3783 .array/port v0x87eda6940, 3783;
v0x87eda6940_3784 .array/port v0x87eda6940, 3784;
E_0x87ed06b00/946 .event anyedge, v0x87eda6940_3781, v0x87eda6940_3782, v0x87eda6940_3783, v0x87eda6940_3784;
v0x87eda6940_3785 .array/port v0x87eda6940, 3785;
v0x87eda6940_3786 .array/port v0x87eda6940, 3786;
v0x87eda6940_3787 .array/port v0x87eda6940, 3787;
v0x87eda6940_3788 .array/port v0x87eda6940, 3788;
E_0x87ed06b00/947 .event anyedge, v0x87eda6940_3785, v0x87eda6940_3786, v0x87eda6940_3787, v0x87eda6940_3788;
v0x87eda6940_3789 .array/port v0x87eda6940, 3789;
v0x87eda6940_3790 .array/port v0x87eda6940, 3790;
v0x87eda6940_3791 .array/port v0x87eda6940, 3791;
v0x87eda6940_3792 .array/port v0x87eda6940, 3792;
E_0x87ed06b00/948 .event anyedge, v0x87eda6940_3789, v0x87eda6940_3790, v0x87eda6940_3791, v0x87eda6940_3792;
v0x87eda6940_3793 .array/port v0x87eda6940, 3793;
v0x87eda6940_3794 .array/port v0x87eda6940, 3794;
v0x87eda6940_3795 .array/port v0x87eda6940, 3795;
v0x87eda6940_3796 .array/port v0x87eda6940, 3796;
E_0x87ed06b00/949 .event anyedge, v0x87eda6940_3793, v0x87eda6940_3794, v0x87eda6940_3795, v0x87eda6940_3796;
v0x87eda6940_3797 .array/port v0x87eda6940, 3797;
v0x87eda6940_3798 .array/port v0x87eda6940, 3798;
v0x87eda6940_3799 .array/port v0x87eda6940, 3799;
v0x87eda6940_3800 .array/port v0x87eda6940, 3800;
E_0x87ed06b00/950 .event anyedge, v0x87eda6940_3797, v0x87eda6940_3798, v0x87eda6940_3799, v0x87eda6940_3800;
v0x87eda6940_3801 .array/port v0x87eda6940, 3801;
v0x87eda6940_3802 .array/port v0x87eda6940, 3802;
v0x87eda6940_3803 .array/port v0x87eda6940, 3803;
v0x87eda6940_3804 .array/port v0x87eda6940, 3804;
E_0x87ed06b00/951 .event anyedge, v0x87eda6940_3801, v0x87eda6940_3802, v0x87eda6940_3803, v0x87eda6940_3804;
v0x87eda6940_3805 .array/port v0x87eda6940, 3805;
v0x87eda6940_3806 .array/port v0x87eda6940, 3806;
v0x87eda6940_3807 .array/port v0x87eda6940, 3807;
v0x87eda6940_3808 .array/port v0x87eda6940, 3808;
E_0x87ed06b00/952 .event anyedge, v0x87eda6940_3805, v0x87eda6940_3806, v0x87eda6940_3807, v0x87eda6940_3808;
v0x87eda6940_3809 .array/port v0x87eda6940, 3809;
v0x87eda6940_3810 .array/port v0x87eda6940, 3810;
v0x87eda6940_3811 .array/port v0x87eda6940, 3811;
v0x87eda6940_3812 .array/port v0x87eda6940, 3812;
E_0x87ed06b00/953 .event anyedge, v0x87eda6940_3809, v0x87eda6940_3810, v0x87eda6940_3811, v0x87eda6940_3812;
v0x87eda6940_3813 .array/port v0x87eda6940, 3813;
v0x87eda6940_3814 .array/port v0x87eda6940, 3814;
v0x87eda6940_3815 .array/port v0x87eda6940, 3815;
v0x87eda6940_3816 .array/port v0x87eda6940, 3816;
E_0x87ed06b00/954 .event anyedge, v0x87eda6940_3813, v0x87eda6940_3814, v0x87eda6940_3815, v0x87eda6940_3816;
v0x87eda6940_3817 .array/port v0x87eda6940, 3817;
v0x87eda6940_3818 .array/port v0x87eda6940, 3818;
v0x87eda6940_3819 .array/port v0x87eda6940, 3819;
v0x87eda6940_3820 .array/port v0x87eda6940, 3820;
E_0x87ed06b00/955 .event anyedge, v0x87eda6940_3817, v0x87eda6940_3818, v0x87eda6940_3819, v0x87eda6940_3820;
v0x87eda6940_3821 .array/port v0x87eda6940, 3821;
v0x87eda6940_3822 .array/port v0x87eda6940, 3822;
v0x87eda6940_3823 .array/port v0x87eda6940, 3823;
v0x87eda6940_3824 .array/port v0x87eda6940, 3824;
E_0x87ed06b00/956 .event anyedge, v0x87eda6940_3821, v0x87eda6940_3822, v0x87eda6940_3823, v0x87eda6940_3824;
v0x87eda6940_3825 .array/port v0x87eda6940, 3825;
v0x87eda6940_3826 .array/port v0x87eda6940, 3826;
v0x87eda6940_3827 .array/port v0x87eda6940, 3827;
v0x87eda6940_3828 .array/port v0x87eda6940, 3828;
E_0x87ed06b00/957 .event anyedge, v0x87eda6940_3825, v0x87eda6940_3826, v0x87eda6940_3827, v0x87eda6940_3828;
v0x87eda6940_3829 .array/port v0x87eda6940, 3829;
v0x87eda6940_3830 .array/port v0x87eda6940, 3830;
v0x87eda6940_3831 .array/port v0x87eda6940, 3831;
v0x87eda6940_3832 .array/port v0x87eda6940, 3832;
E_0x87ed06b00/958 .event anyedge, v0x87eda6940_3829, v0x87eda6940_3830, v0x87eda6940_3831, v0x87eda6940_3832;
v0x87eda6940_3833 .array/port v0x87eda6940, 3833;
v0x87eda6940_3834 .array/port v0x87eda6940, 3834;
v0x87eda6940_3835 .array/port v0x87eda6940, 3835;
v0x87eda6940_3836 .array/port v0x87eda6940, 3836;
E_0x87ed06b00/959 .event anyedge, v0x87eda6940_3833, v0x87eda6940_3834, v0x87eda6940_3835, v0x87eda6940_3836;
v0x87eda6940_3837 .array/port v0x87eda6940, 3837;
v0x87eda6940_3838 .array/port v0x87eda6940, 3838;
v0x87eda6940_3839 .array/port v0x87eda6940, 3839;
v0x87eda6940_3840 .array/port v0x87eda6940, 3840;
E_0x87ed06b00/960 .event anyedge, v0x87eda6940_3837, v0x87eda6940_3838, v0x87eda6940_3839, v0x87eda6940_3840;
v0x87eda6940_3841 .array/port v0x87eda6940, 3841;
v0x87eda6940_3842 .array/port v0x87eda6940, 3842;
v0x87eda6940_3843 .array/port v0x87eda6940, 3843;
v0x87eda6940_3844 .array/port v0x87eda6940, 3844;
E_0x87ed06b00/961 .event anyedge, v0x87eda6940_3841, v0x87eda6940_3842, v0x87eda6940_3843, v0x87eda6940_3844;
v0x87eda6940_3845 .array/port v0x87eda6940, 3845;
v0x87eda6940_3846 .array/port v0x87eda6940, 3846;
v0x87eda6940_3847 .array/port v0x87eda6940, 3847;
v0x87eda6940_3848 .array/port v0x87eda6940, 3848;
E_0x87ed06b00/962 .event anyedge, v0x87eda6940_3845, v0x87eda6940_3846, v0x87eda6940_3847, v0x87eda6940_3848;
v0x87eda6940_3849 .array/port v0x87eda6940, 3849;
v0x87eda6940_3850 .array/port v0x87eda6940, 3850;
v0x87eda6940_3851 .array/port v0x87eda6940, 3851;
v0x87eda6940_3852 .array/port v0x87eda6940, 3852;
E_0x87ed06b00/963 .event anyedge, v0x87eda6940_3849, v0x87eda6940_3850, v0x87eda6940_3851, v0x87eda6940_3852;
v0x87eda6940_3853 .array/port v0x87eda6940, 3853;
v0x87eda6940_3854 .array/port v0x87eda6940, 3854;
v0x87eda6940_3855 .array/port v0x87eda6940, 3855;
v0x87eda6940_3856 .array/port v0x87eda6940, 3856;
E_0x87ed06b00/964 .event anyedge, v0x87eda6940_3853, v0x87eda6940_3854, v0x87eda6940_3855, v0x87eda6940_3856;
v0x87eda6940_3857 .array/port v0x87eda6940, 3857;
v0x87eda6940_3858 .array/port v0x87eda6940, 3858;
v0x87eda6940_3859 .array/port v0x87eda6940, 3859;
v0x87eda6940_3860 .array/port v0x87eda6940, 3860;
E_0x87ed06b00/965 .event anyedge, v0x87eda6940_3857, v0x87eda6940_3858, v0x87eda6940_3859, v0x87eda6940_3860;
v0x87eda6940_3861 .array/port v0x87eda6940, 3861;
v0x87eda6940_3862 .array/port v0x87eda6940, 3862;
v0x87eda6940_3863 .array/port v0x87eda6940, 3863;
v0x87eda6940_3864 .array/port v0x87eda6940, 3864;
E_0x87ed06b00/966 .event anyedge, v0x87eda6940_3861, v0x87eda6940_3862, v0x87eda6940_3863, v0x87eda6940_3864;
v0x87eda6940_3865 .array/port v0x87eda6940, 3865;
v0x87eda6940_3866 .array/port v0x87eda6940, 3866;
v0x87eda6940_3867 .array/port v0x87eda6940, 3867;
v0x87eda6940_3868 .array/port v0x87eda6940, 3868;
E_0x87ed06b00/967 .event anyedge, v0x87eda6940_3865, v0x87eda6940_3866, v0x87eda6940_3867, v0x87eda6940_3868;
v0x87eda6940_3869 .array/port v0x87eda6940, 3869;
v0x87eda6940_3870 .array/port v0x87eda6940, 3870;
v0x87eda6940_3871 .array/port v0x87eda6940, 3871;
v0x87eda6940_3872 .array/port v0x87eda6940, 3872;
E_0x87ed06b00/968 .event anyedge, v0x87eda6940_3869, v0x87eda6940_3870, v0x87eda6940_3871, v0x87eda6940_3872;
v0x87eda6940_3873 .array/port v0x87eda6940, 3873;
v0x87eda6940_3874 .array/port v0x87eda6940, 3874;
v0x87eda6940_3875 .array/port v0x87eda6940, 3875;
v0x87eda6940_3876 .array/port v0x87eda6940, 3876;
E_0x87ed06b00/969 .event anyedge, v0x87eda6940_3873, v0x87eda6940_3874, v0x87eda6940_3875, v0x87eda6940_3876;
v0x87eda6940_3877 .array/port v0x87eda6940, 3877;
v0x87eda6940_3878 .array/port v0x87eda6940, 3878;
v0x87eda6940_3879 .array/port v0x87eda6940, 3879;
v0x87eda6940_3880 .array/port v0x87eda6940, 3880;
E_0x87ed06b00/970 .event anyedge, v0x87eda6940_3877, v0x87eda6940_3878, v0x87eda6940_3879, v0x87eda6940_3880;
v0x87eda6940_3881 .array/port v0x87eda6940, 3881;
v0x87eda6940_3882 .array/port v0x87eda6940, 3882;
v0x87eda6940_3883 .array/port v0x87eda6940, 3883;
v0x87eda6940_3884 .array/port v0x87eda6940, 3884;
E_0x87ed06b00/971 .event anyedge, v0x87eda6940_3881, v0x87eda6940_3882, v0x87eda6940_3883, v0x87eda6940_3884;
v0x87eda6940_3885 .array/port v0x87eda6940, 3885;
v0x87eda6940_3886 .array/port v0x87eda6940, 3886;
v0x87eda6940_3887 .array/port v0x87eda6940, 3887;
v0x87eda6940_3888 .array/port v0x87eda6940, 3888;
E_0x87ed06b00/972 .event anyedge, v0x87eda6940_3885, v0x87eda6940_3886, v0x87eda6940_3887, v0x87eda6940_3888;
v0x87eda6940_3889 .array/port v0x87eda6940, 3889;
v0x87eda6940_3890 .array/port v0x87eda6940, 3890;
v0x87eda6940_3891 .array/port v0x87eda6940, 3891;
v0x87eda6940_3892 .array/port v0x87eda6940, 3892;
E_0x87ed06b00/973 .event anyedge, v0x87eda6940_3889, v0x87eda6940_3890, v0x87eda6940_3891, v0x87eda6940_3892;
v0x87eda6940_3893 .array/port v0x87eda6940, 3893;
v0x87eda6940_3894 .array/port v0x87eda6940, 3894;
v0x87eda6940_3895 .array/port v0x87eda6940, 3895;
v0x87eda6940_3896 .array/port v0x87eda6940, 3896;
E_0x87ed06b00/974 .event anyedge, v0x87eda6940_3893, v0x87eda6940_3894, v0x87eda6940_3895, v0x87eda6940_3896;
v0x87eda6940_3897 .array/port v0x87eda6940, 3897;
v0x87eda6940_3898 .array/port v0x87eda6940, 3898;
v0x87eda6940_3899 .array/port v0x87eda6940, 3899;
v0x87eda6940_3900 .array/port v0x87eda6940, 3900;
E_0x87ed06b00/975 .event anyedge, v0x87eda6940_3897, v0x87eda6940_3898, v0x87eda6940_3899, v0x87eda6940_3900;
v0x87eda6940_3901 .array/port v0x87eda6940, 3901;
v0x87eda6940_3902 .array/port v0x87eda6940, 3902;
v0x87eda6940_3903 .array/port v0x87eda6940, 3903;
v0x87eda6940_3904 .array/port v0x87eda6940, 3904;
E_0x87ed06b00/976 .event anyedge, v0x87eda6940_3901, v0x87eda6940_3902, v0x87eda6940_3903, v0x87eda6940_3904;
v0x87eda6940_3905 .array/port v0x87eda6940, 3905;
v0x87eda6940_3906 .array/port v0x87eda6940, 3906;
v0x87eda6940_3907 .array/port v0x87eda6940, 3907;
v0x87eda6940_3908 .array/port v0x87eda6940, 3908;
E_0x87ed06b00/977 .event anyedge, v0x87eda6940_3905, v0x87eda6940_3906, v0x87eda6940_3907, v0x87eda6940_3908;
v0x87eda6940_3909 .array/port v0x87eda6940, 3909;
v0x87eda6940_3910 .array/port v0x87eda6940, 3910;
v0x87eda6940_3911 .array/port v0x87eda6940, 3911;
v0x87eda6940_3912 .array/port v0x87eda6940, 3912;
E_0x87ed06b00/978 .event anyedge, v0x87eda6940_3909, v0x87eda6940_3910, v0x87eda6940_3911, v0x87eda6940_3912;
v0x87eda6940_3913 .array/port v0x87eda6940, 3913;
v0x87eda6940_3914 .array/port v0x87eda6940, 3914;
v0x87eda6940_3915 .array/port v0x87eda6940, 3915;
v0x87eda6940_3916 .array/port v0x87eda6940, 3916;
E_0x87ed06b00/979 .event anyedge, v0x87eda6940_3913, v0x87eda6940_3914, v0x87eda6940_3915, v0x87eda6940_3916;
v0x87eda6940_3917 .array/port v0x87eda6940, 3917;
v0x87eda6940_3918 .array/port v0x87eda6940, 3918;
v0x87eda6940_3919 .array/port v0x87eda6940, 3919;
v0x87eda6940_3920 .array/port v0x87eda6940, 3920;
E_0x87ed06b00/980 .event anyedge, v0x87eda6940_3917, v0x87eda6940_3918, v0x87eda6940_3919, v0x87eda6940_3920;
v0x87eda6940_3921 .array/port v0x87eda6940, 3921;
v0x87eda6940_3922 .array/port v0x87eda6940, 3922;
v0x87eda6940_3923 .array/port v0x87eda6940, 3923;
v0x87eda6940_3924 .array/port v0x87eda6940, 3924;
E_0x87ed06b00/981 .event anyedge, v0x87eda6940_3921, v0x87eda6940_3922, v0x87eda6940_3923, v0x87eda6940_3924;
v0x87eda6940_3925 .array/port v0x87eda6940, 3925;
v0x87eda6940_3926 .array/port v0x87eda6940, 3926;
v0x87eda6940_3927 .array/port v0x87eda6940, 3927;
v0x87eda6940_3928 .array/port v0x87eda6940, 3928;
E_0x87ed06b00/982 .event anyedge, v0x87eda6940_3925, v0x87eda6940_3926, v0x87eda6940_3927, v0x87eda6940_3928;
v0x87eda6940_3929 .array/port v0x87eda6940, 3929;
v0x87eda6940_3930 .array/port v0x87eda6940, 3930;
v0x87eda6940_3931 .array/port v0x87eda6940, 3931;
v0x87eda6940_3932 .array/port v0x87eda6940, 3932;
E_0x87ed06b00/983 .event anyedge, v0x87eda6940_3929, v0x87eda6940_3930, v0x87eda6940_3931, v0x87eda6940_3932;
v0x87eda6940_3933 .array/port v0x87eda6940, 3933;
v0x87eda6940_3934 .array/port v0x87eda6940, 3934;
v0x87eda6940_3935 .array/port v0x87eda6940, 3935;
v0x87eda6940_3936 .array/port v0x87eda6940, 3936;
E_0x87ed06b00/984 .event anyedge, v0x87eda6940_3933, v0x87eda6940_3934, v0x87eda6940_3935, v0x87eda6940_3936;
v0x87eda6940_3937 .array/port v0x87eda6940, 3937;
v0x87eda6940_3938 .array/port v0x87eda6940, 3938;
v0x87eda6940_3939 .array/port v0x87eda6940, 3939;
v0x87eda6940_3940 .array/port v0x87eda6940, 3940;
E_0x87ed06b00/985 .event anyedge, v0x87eda6940_3937, v0x87eda6940_3938, v0x87eda6940_3939, v0x87eda6940_3940;
v0x87eda6940_3941 .array/port v0x87eda6940, 3941;
v0x87eda6940_3942 .array/port v0x87eda6940, 3942;
v0x87eda6940_3943 .array/port v0x87eda6940, 3943;
v0x87eda6940_3944 .array/port v0x87eda6940, 3944;
E_0x87ed06b00/986 .event anyedge, v0x87eda6940_3941, v0x87eda6940_3942, v0x87eda6940_3943, v0x87eda6940_3944;
v0x87eda6940_3945 .array/port v0x87eda6940, 3945;
v0x87eda6940_3946 .array/port v0x87eda6940, 3946;
v0x87eda6940_3947 .array/port v0x87eda6940, 3947;
v0x87eda6940_3948 .array/port v0x87eda6940, 3948;
E_0x87ed06b00/987 .event anyedge, v0x87eda6940_3945, v0x87eda6940_3946, v0x87eda6940_3947, v0x87eda6940_3948;
v0x87eda6940_3949 .array/port v0x87eda6940, 3949;
v0x87eda6940_3950 .array/port v0x87eda6940, 3950;
v0x87eda6940_3951 .array/port v0x87eda6940, 3951;
v0x87eda6940_3952 .array/port v0x87eda6940, 3952;
E_0x87ed06b00/988 .event anyedge, v0x87eda6940_3949, v0x87eda6940_3950, v0x87eda6940_3951, v0x87eda6940_3952;
v0x87eda6940_3953 .array/port v0x87eda6940, 3953;
v0x87eda6940_3954 .array/port v0x87eda6940, 3954;
v0x87eda6940_3955 .array/port v0x87eda6940, 3955;
v0x87eda6940_3956 .array/port v0x87eda6940, 3956;
E_0x87ed06b00/989 .event anyedge, v0x87eda6940_3953, v0x87eda6940_3954, v0x87eda6940_3955, v0x87eda6940_3956;
v0x87eda6940_3957 .array/port v0x87eda6940, 3957;
v0x87eda6940_3958 .array/port v0x87eda6940, 3958;
v0x87eda6940_3959 .array/port v0x87eda6940, 3959;
v0x87eda6940_3960 .array/port v0x87eda6940, 3960;
E_0x87ed06b00/990 .event anyedge, v0x87eda6940_3957, v0x87eda6940_3958, v0x87eda6940_3959, v0x87eda6940_3960;
v0x87eda6940_3961 .array/port v0x87eda6940, 3961;
v0x87eda6940_3962 .array/port v0x87eda6940, 3962;
v0x87eda6940_3963 .array/port v0x87eda6940, 3963;
v0x87eda6940_3964 .array/port v0x87eda6940, 3964;
E_0x87ed06b00/991 .event anyedge, v0x87eda6940_3961, v0x87eda6940_3962, v0x87eda6940_3963, v0x87eda6940_3964;
v0x87eda6940_3965 .array/port v0x87eda6940, 3965;
v0x87eda6940_3966 .array/port v0x87eda6940, 3966;
v0x87eda6940_3967 .array/port v0x87eda6940, 3967;
v0x87eda6940_3968 .array/port v0x87eda6940, 3968;
E_0x87ed06b00/992 .event anyedge, v0x87eda6940_3965, v0x87eda6940_3966, v0x87eda6940_3967, v0x87eda6940_3968;
v0x87eda6940_3969 .array/port v0x87eda6940, 3969;
v0x87eda6940_3970 .array/port v0x87eda6940, 3970;
v0x87eda6940_3971 .array/port v0x87eda6940, 3971;
v0x87eda6940_3972 .array/port v0x87eda6940, 3972;
E_0x87ed06b00/993 .event anyedge, v0x87eda6940_3969, v0x87eda6940_3970, v0x87eda6940_3971, v0x87eda6940_3972;
v0x87eda6940_3973 .array/port v0x87eda6940, 3973;
v0x87eda6940_3974 .array/port v0x87eda6940, 3974;
v0x87eda6940_3975 .array/port v0x87eda6940, 3975;
v0x87eda6940_3976 .array/port v0x87eda6940, 3976;
E_0x87ed06b00/994 .event anyedge, v0x87eda6940_3973, v0x87eda6940_3974, v0x87eda6940_3975, v0x87eda6940_3976;
v0x87eda6940_3977 .array/port v0x87eda6940, 3977;
v0x87eda6940_3978 .array/port v0x87eda6940, 3978;
v0x87eda6940_3979 .array/port v0x87eda6940, 3979;
v0x87eda6940_3980 .array/port v0x87eda6940, 3980;
E_0x87ed06b00/995 .event anyedge, v0x87eda6940_3977, v0x87eda6940_3978, v0x87eda6940_3979, v0x87eda6940_3980;
v0x87eda6940_3981 .array/port v0x87eda6940, 3981;
v0x87eda6940_3982 .array/port v0x87eda6940, 3982;
v0x87eda6940_3983 .array/port v0x87eda6940, 3983;
v0x87eda6940_3984 .array/port v0x87eda6940, 3984;
E_0x87ed06b00/996 .event anyedge, v0x87eda6940_3981, v0x87eda6940_3982, v0x87eda6940_3983, v0x87eda6940_3984;
v0x87eda6940_3985 .array/port v0x87eda6940, 3985;
v0x87eda6940_3986 .array/port v0x87eda6940, 3986;
v0x87eda6940_3987 .array/port v0x87eda6940, 3987;
v0x87eda6940_3988 .array/port v0x87eda6940, 3988;
E_0x87ed06b00/997 .event anyedge, v0x87eda6940_3985, v0x87eda6940_3986, v0x87eda6940_3987, v0x87eda6940_3988;
v0x87eda6940_3989 .array/port v0x87eda6940, 3989;
v0x87eda6940_3990 .array/port v0x87eda6940, 3990;
v0x87eda6940_3991 .array/port v0x87eda6940, 3991;
v0x87eda6940_3992 .array/port v0x87eda6940, 3992;
E_0x87ed06b00/998 .event anyedge, v0x87eda6940_3989, v0x87eda6940_3990, v0x87eda6940_3991, v0x87eda6940_3992;
v0x87eda6940_3993 .array/port v0x87eda6940, 3993;
v0x87eda6940_3994 .array/port v0x87eda6940, 3994;
v0x87eda6940_3995 .array/port v0x87eda6940, 3995;
v0x87eda6940_3996 .array/port v0x87eda6940, 3996;
E_0x87ed06b00/999 .event anyedge, v0x87eda6940_3993, v0x87eda6940_3994, v0x87eda6940_3995, v0x87eda6940_3996;
v0x87eda6940_3997 .array/port v0x87eda6940, 3997;
v0x87eda6940_3998 .array/port v0x87eda6940, 3998;
v0x87eda6940_3999 .array/port v0x87eda6940, 3999;
v0x87eda6940_4000 .array/port v0x87eda6940, 4000;
E_0x87ed06b00/1000 .event anyedge, v0x87eda6940_3997, v0x87eda6940_3998, v0x87eda6940_3999, v0x87eda6940_4000;
v0x87eda6940_4001 .array/port v0x87eda6940, 4001;
v0x87eda6940_4002 .array/port v0x87eda6940, 4002;
v0x87eda6940_4003 .array/port v0x87eda6940, 4003;
v0x87eda6940_4004 .array/port v0x87eda6940, 4004;
E_0x87ed06b00/1001 .event anyedge, v0x87eda6940_4001, v0x87eda6940_4002, v0x87eda6940_4003, v0x87eda6940_4004;
v0x87eda6940_4005 .array/port v0x87eda6940, 4005;
v0x87eda6940_4006 .array/port v0x87eda6940, 4006;
v0x87eda6940_4007 .array/port v0x87eda6940, 4007;
v0x87eda6940_4008 .array/port v0x87eda6940, 4008;
E_0x87ed06b00/1002 .event anyedge, v0x87eda6940_4005, v0x87eda6940_4006, v0x87eda6940_4007, v0x87eda6940_4008;
v0x87eda6940_4009 .array/port v0x87eda6940, 4009;
v0x87eda6940_4010 .array/port v0x87eda6940, 4010;
v0x87eda6940_4011 .array/port v0x87eda6940, 4011;
v0x87eda6940_4012 .array/port v0x87eda6940, 4012;
E_0x87ed06b00/1003 .event anyedge, v0x87eda6940_4009, v0x87eda6940_4010, v0x87eda6940_4011, v0x87eda6940_4012;
v0x87eda6940_4013 .array/port v0x87eda6940, 4013;
v0x87eda6940_4014 .array/port v0x87eda6940, 4014;
v0x87eda6940_4015 .array/port v0x87eda6940, 4015;
v0x87eda6940_4016 .array/port v0x87eda6940, 4016;
E_0x87ed06b00/1004 .event anyedge, v0x87eda6940_4013, v0x87eda6940_4014, v0x87eda6940_4015, v0x87eda6940_4016;
v0x87eda6940_4017 .array/port v0x87eda6940, 4017;
v0x87eda6940_4018 .array/port v0x87eda6940, 4018;
v0x87eda6940_4019 .array/port v0x87eda6940, 4019;
v0x87eda6940_4020 .array/port v0x87eda6940, 4020;
E_0x87ed06b00/1005 .event anyedge, v0x87eda6940_4017, v0x87eda6940_4018, v0x87eda6940_4019, v0x87eda6940_4020;
v0x87eda6940_4021 .array/port v0x87eda6940, 4021;
v0x87eda6940_4022 .array/port v0x87eda6940, 4022;
v0x87eda6940_4023 .array/port v0x87eda6940, 4023;
v0x87eda6940_4024 .array/port v0x87eda6940, 4024;
E_0x87ed06b00/1006 .event anyedge, v0x87eda6940_4021, v0x87eda6940_4022, v0x87eda6940_4023, v0x87eda6940_4024;
v0x87eda6940_4025 .array/port v0x87eda6940, 4025;
v0x87eda6940_4026 .array/port v0x87eda6940, 4026;
v0x87eda6940_4027 .array/port v0x87eda6940, 4027;
v0x87eda6940_4028 .array/port v0x87eda6940, 4028;
E_0x87ed06b00/1007 .event anyedge, v0x87eda6940_4025, v0x87eda6940_4026, v0x87eda6940_4027, v0x87eda6940_4028;
v0x87eda6940_4029 .array/port v0x87eda6940, 4029;
v0x87eda6940_4030 .array/port v0x87eda6940, 4030;
v0x87eda6940_4031 .array/port v0x87eda6940, 4031;
v0x87eda6940_4032 .array/port v0x87eda6940, 4032;
E_0x87ed06b00/1008 .event anyedge, v0x87eda6940_4029, v0x87eda6940_4030, v0x87eda6940_4031, v0x87eda6940_4032;
v0x87eda6940_4033 .array/port v0x87eda6940, 4033;
v0x87eda6940_4034 .array/port v0x87eda6940, 4034;
v0x87eda6940_4035 .array/port v0x87eda6940, 4035;
v0x87eda6940_4036 .array/port v0x87eda6940, 4036;
E_0x87ed06b00/1009 .event anyedge, v0x87eda6940_4033, v0x87eda6940_4034, v0x87eda6940_4035, v0x87eda6940_4036;
v0x87eda6940_4037 .array/port v0x87eda6940, 4037;
v0x87eda6940_4038 .array/port v0x87eda6940, 4038;
v0x87eda6940_4039 .array/port v0x87eda6940, 4039;
v0x87eda6940_4040 .array/port v0x87eda6940, 4040;
E_0x87ed06b00/1010 .event anyedge, v0x87eda6940_4037, v0x87eda6940_4038, v0x87eda6940_4039, v0x87eda6940_4040;
v0x87eda6940_4041 .array/port v0x87eda6940, 4041;
v0x87eda6940_4042 .array/port v0x87eda6940, 4042;
v0x87eda6940_4043 .array/port v0x87eda6940, 4043;
v0x87eda6940_4044 .array/port v0x87eda6940, 4044;
E_0x87ed06b00/1011 .event anyedge, v0x87eda6940_4041, v0x87eda6940_4042, v0x87eda6940_4043, v0x87eda6940_4044;
v0x87eda6940_4045 .array/port v0x87eda6940, 4045;
v0x87eda6940_4046 .array/port v0x87eda6940, 4046;
v0x87eda6940_4047 .array/port v0x87eda6940, 4047;
v0x87eda6940_4048 .array/port v0x87eda6940, 4048;
E_0x87ed06b00/1012 .event anyedge, v0x87eda6940_4045, v0x87eda6940_4046, v0x87eda6940_4047, v0x87eda6940_4048;
v0x87eda6940_4049 .array/port v0x87eda6940, 4049;
v0x87eda6940_4050 .array/port v0x87eda6940, 4050;
v0x87eda6940_4051 .array/port v0x87eda6940, 4051;
v0x87eda6940_4052 .array/port v0x87eda6940, 4052;
E_0x87ed06b00/1013 .event anyedge, v0x87eda6940_4049, v0x87eda6940_4050, v0x87eda6940_4051, v0x87eda6940_4052;
v0x87eda6940_4053 .array/port v0x87eda6940, 4053;
v0x87eda6940_4054 .array/port v0x87eda6940, 4054;
v0x87eda6940_4055 .array/port v0x87eda6940, 4055;
v0x87eda6940_4056 .array/port v0x87eda6940, 4056;
E_0x87ed06b00/1014 .event anyedge, v0x87eda6940_4053, v0x87eda6940_4054, v0x87eda6940_4055, v0x87eda6940_4056;
v0x87eda6940_4057 .array/port v0x87eda6940, 4057;
v0x87eda6940_4058 .array/port v0x87eda6940, 4058;
v0x87eda6940_4059 .array/port v0x87eda6940, 4059;
v0x87eda6940_4060 .array/port v0x87eda6940, 4060;
E_0x87ed06b00/1015 .event anyedge, v0x87eda6940_4057, v0x87eda6940_4058, v0x87eda6940_4059, v0x87eda6940_4060;
v0x87eda6940_4061 .array/port v0x87eda6940, 4061;
v0x87eda6940_4062 .array/port v0x87eda6940, 4062;
v0x87eda6940_4063 .array/port v0x87eda6940, 4063;
v0x87eda6940_4064 .array/port v0x87eda6940, 4064;
E_0x87ed06b00/1016 .event anyedge, v0x87eda6940_4061, v0x87eda6940_4062, v0x87eda6940_4063, v0x87eda6940_4064;
v0x87eda6940_4065 .array/port v0x87eda6940, 4065;
v0x87eda6940_4066 .array/port v0x87eda6940, 4066;
v0x87eda6940_4067 .array/port v0x87eda6940, 4067;
v0x87eda6940_4068 .array/port v0x87eda6940, 4068;
E_0x87ed06b00/1017 .event anyedge, v0x87eda6940_4065, v0x87eda6940_4066, v0x87eda6940_4067, v0x87eda6940_4068;
v0x87eda6940_4069 .array/port v0x87eda6940, 4069;
v0x87eda6940_4070 .array/port v0x87eda6940, 4070;
v0x87eda6940_4071 .array/port v0x87eda6940, 4071;
v0x87eda6940_4072 .array/port v0x87eda6940, 4072;
E_0x87ed06b00/1018 .event anyedge, v0x87eda6940_4069, v0x87eda6940_4070, v0x87eda6940_4071, v0x87eda6940_4072;
v0x87eda6940_4073 .array/port v0x87eda6940, 4073;
v0x87eda6940_4074 .array/port v0x87eda6940, 4074;
v0x87eda6940_4075 .array/port v0x87eda6940, 4075;
v0x87eda6940_4076 .array/port v0x87eda6940, 4076;
E_0x87ed06b00/1019 .event anyedge, v0x87eda6940_4073, v0x87eda6940_4074, v0x87eda6940_4075, v0x87eda6940_4076;
v0x87eda6940_4077 .array/port v0x87eda6940, 4077;
v0x87eda6940_4078 .array/port v0x87eda6940, 4078;
v0x87eda6940_4079 .array/port v0x87eda6940, 4079;
v0x87eda6940_4080 .array/port v0x87eda6940, 4080;
E_0x87ed06b00/1020 .event anyedge, v0x87eda6940_4077, v0x87eda6940_4078, v0x87eda6940_4079, v0x87eda6940_4080;
v0x87eda6940_4081 .array/port v0x87eda6940, 4081;
v0x87eda6940_4082 .array/port v0x87eda6940, 4082;
v0x87eda6940_4083 .array/port v0x87eda6940, 4083;
v0x87eda6940_4084 .array/port v0x87eda6940, 4084;
E_0x87ed06b00/1021 .event anyedge, v0x87eda6940_4081, v0x87eda6940_4082, v0x87eda6940_4083, v0x87eda6940_4084;
v0x87eda6940_4085 .array/port v0x87eda6940, 4085;
v0x87eda6940_4086 .array/port v0x87eda6940, 4086;
v0x87eda6940_4087 .array/port v0x87eda6940, 4087;
v0x87eda6940_4088 .array/port v0x87eda6940, 4088;
E_0x87ed06b00/1022 .event anyedge, v0x87eda6940_4085, v0x87eda6940_4086, v0x87eda6940_4087, v0x87eda6940_4088;
v0x87eda6940_4089 .array/port v0x87eda6940, 4089;
v0x87eda6940_4090 .array/port v0x87eda6940, 4090;
v0x87eda6940_4091 .array/port v0x87eda6940, 4091;
v0x87eda6940_4092 .array/port v0x87eda6940, 4092;
E_0x87ed06b00/1023 .event anyedge, v0x87eda6940_4089, v0x87eda6940_4090, v0x87eda6940_4091, v0x87eda6940_4092;
v0x87eda6940_4093 .array/port v0x87eda6940, 4093;
v0x87eda6940_4094 .array/port v0x87eda6940, 4094;
v0x87eda6940_4095 .array/port v0x87eda6940, 4095;
E_0x87ed06b00/1024 .event anyedge, v0x87eda6940_4093, v0x87eda6940_4094, v0x87eda6940_4095;
E_0x87ed06b00 .event/or E_0x87ed06b00/0, E_0x87ed06b00/1, E_0x87ed06b00/2, E_0x87ed06b00/3, E_0x87ed06b00/4, E_0x87ed06b00/5, E_0x87ed06b00/6, E_0x87ed06b00/7, E_0x87ed06b00/8, E_0x87ed06b00/9, E_0x87ed06b00/10, E_0x87ed06b00/11, E_0x87ed06b00/12, E_0x87ed06b00/13, E_0x87ed06b00/14, E_0x87ed06b00/15, E_0x87ed06b00/16, E_0x87ed06b00/17, E_0x87ed06b00/18, E_0x87ed06b00/19, E_0x87ed06b00/20, E_0x87ed06b00/21, E_0x87ed06b00/22, E_0x87ed06b00/23, E_0x87ed06b00/24, E_0x87ed06b00/25, E_0x87ed06b00/26, E_0x87ed06b00/27, E_0x87ed06b00/28, E_0x87ed06b00/29, E_0x87ed06b00/30, E_0x87ed06b00/31, E_0x87ed06b00/32, E_0x87ed06b00/33, E_0x87ed06b00/34, E_0x87ed06b00/35, E_0x87ed06b00/36, E_0x87ed06b00/37, E_0x87ed06b00/38, E_0x87ed06b00/39, E_0x87ed06b00/40, E_0x87ed06b00/41, E_0x87ed06b00/42, E_0x87ed06b00/43, E_0x87ed06b00/44, E_0x87ed06b00/45, E_0x87ed06b00/46, E_0x87ed06b00/47, E_0x87ed06b00/48, E_0x87ed06b00/49, E_0x87ed06b00/50, E_0x87ed06b00/51, E_0x87ed06b00/52, E_0x87ed06b00/53, E_0x87ed06b00/54, E_0x87ed06b00/55, E_0x87ed06b00/56, E_0x87ed06b00/57, E_0x87ed06b00/58, E_0x87ed06b00/59, E_0x87ed06b00/60, E_0x87ed06b00/61, E_0x87ed06b00/62, E_0x87ed06b00/63, E_0x87ed06b00/64, E_0x87ed06b00/65, E_0x87ed06b00/66, E_0x87ed06b00/67, E_0x87ed06b00/68, E_0x87ed06b00/69, E_0x87ed06b00/70, E_0x87ed06b00/71, E_0x87ed06b00/72, E_0x87ed06b00/73, E_0x87ed06b00/74, E_0x87ed06b00/75, E_0x87ed06b00/76, E_0x87ed06b00/77, E_0x87ed06b00/78, E_0x87ed06b00/79, E_0x87ed06b00/80, E_0x87ed06b00/81, E_0x87ed06b00/82, E_0x87ed06b00/83, E_0x87ed06b00/84, E_0x87ed06b00/85, E_0x87ed06b00/86, E_0x87ed06b00/87, E_0x87ed06b00/88, E_0x87ed06b00/89, E_0x87ed06b00/90, E_0x87ed06b00/91, E_0x87ed06b00/92, E_0x87ed06b00/93, E_0x87ed06b00/94, E_0x87ed06b00/95, E_0x87ed06b00/96, E_0x87ed06b00/97, E_0x87ed06b00/98, E_0x87ed06b00/99, E_0x87ed06b00/100, E_0x87ed06b00/101, E_0x87ed06b00/102, E_0x87ed06b00/103, E_0x87ed06b00/104, E_0x87ed06b00/105, E_0x87ed06b00/106, E_0x87ed06b00/107, E_0x87ed06b00/108, E_0x87ed06b00/109, E_0x87ed06b00/110, E_0x87ed06b00/111, E_0x87ed06b00/112, E_0x87ed06b00/113, E_0x87ed06b00/114, E_0x87ed06b00/115, E_0x87ed06b00/116, E_0x87ed06b00/117, E_0x87ed06b00/118, E_0x87ed06b00/119, E_0x87ed06b00/120, E_0x87ed06b00/121, E_0x87ed06b00/122, E_0x87ed06b00/123, E_0x87ed06b00/124, E_0x87ed06b00/125, E_0x87ed06b00/126, E_0x87ed06b00/127, E_0x87ed06b00/128, E_0x87ed06b00/129, E_0x87ed06b00/130, E_0x87ed06b00/131, E_0x87ed06b00/132, E_0x87ed06b00/133, E_0x87ed06b00/134, E_0x87ed06b00/135, E_0x87ed06b00/136, E_0x87ed06b00/137, E_0x87ed06b00/138, E_0x87ed06b00/139, E_0x87ed06b00/140, E_0x87ed06b00/141, E_0x87ed06b00/142, E_0x87ed06b00/143, E_0x87ed06b00/144, E_0x87ed06b00/145, E_0x87ed06b00/146, E_0x87ed06b00/147, E_0x87ed06b00/148, E_0x87ed06b00/149, E_0x87ed06b00/150, E_0x87ed06b00/151, E_0x87ed06b00/152, E_0x87ed06b00/153, E_0x87ed06b00/154, E_0x87ed06b00/155, E_0x87ed06b00/156, E_0x87ed06b00/157, E_0x87ed06b00/158, E_0x87ed06b00/159, E_0x87ed06b00/160, E_0x87ed06b00/161, E_0x87ed06b00/162, E_0x87ed06b00/163, E_0x87ed06b00/164, E_0x87ed06b00/165, E_0x87ed06b00/166, E_0x87ed06b00/167, E_0x87ed06b00/168, E_0x87ed06b00/169, E_0x87ed06b00/170, E_0x87ed06b00/171, E_0x87ed06b00/172, E_0x87ed06b00/173, E_0x87ed06b00/174, E_0x87ed06b00/175, E_0x87ed06b00/176, E_0x87ed06b00/177, E_0x87ed06b00/178, E_0x87ed06b00/179, E_0x87ed06b00/180, E_0x87ed06b00/181, E_0x87ed06b00/182, E_0x87ed06b00/183, E_0x87ed06b00/184, E_0x87ed06b00/185, E_0x87ed06b00/186, E_0x87ed06b00/187, E_0x87ed06b00/188, E_0x87ed06b00/189, E_0x87ed06b00/190, E_0x87ed06b00/191, E_0x87ed06b00/192, E_0x87ed06b00/193, E_0x87ed06b00/194, E_0x87ed06b00/195, E_0x87ed06b00/196, E_0x87ed06b00/197, E_0x87ed06b00/198, E_0x87ed06b00/199, E_0x87ed06b00/200, E_0x87ed06b00/201, E_0x87ed06b00/202, E_0x87ed06b00/203, E_0x87ed06b00/204, E_0x87ed06b00/205, E_0x87ed06b00/206, E_0x87ed06b00/207, E_0x87ed06b00/208, E_0x87ed06b00/209, E_0x87ed06b00/210, E_0x87ed06b00/211, E_0x87ed06b00/212, E_0x87ed06b00/213, E_0x87ed06b00/214, E_0x87ed06b00/215, E_0x87ed06b00/216, E_0x87ed06b00/217, E_0x87ed06b00/218, E_0x87ed06b00/219, E_0x87ed06b00/220, E_0x87ed06b00/221, E_0x87ed06b00/222, E_0x87ed06b00/223, E_0x87ed06b00/224, E_0x87ed06b00/225, E_0x87ed06b00/226, E_0x87ed06b00/227, E_0x87ed06b00/228, E_0x87ed06b00/229, E_0x87ed06b00/230, E_0x87ed06b00/231, E_0x87ed06b00/232, E_0x87ed06b00/233, E_0x87ed06b00/234, E_0x87ed06b00/235, E_0x87ed06b00/236, E_0x87ed06b00/237, E_0x87ed06b00/238, E_0x87ed06b00/239, E_0x87ed06b00/240, E_0x87ed06b00/241, E_0x87ed06b00/242, E_0x87ed06b00/243, E_0x87ed06b00/244, E_0x87ed06b00/245, E_0x87ed06b00/246, E_0x87ed06b00/247, E_0x87ed06b00/248, E_0x87ed06b00/249, E_0x87ed06b00/250, E_0x87ed06b00/251, E_0x87ed06b00/252, E_0x87ed06b00/253, E_0x87ed06b00/254, E_0x87ed06b00/255, E_0x87ed06b00/256, E_0x87ed06b00/257, E_0x87ed06b00/258, E_0x87ed06b00/259, E_0x87ed06b00/260, E_0x87ed06b00/261, E_0x87ed06b00/262, E_0x87ed06b00/263, E_0x87ed06b00/264, E_0x87ed06b00/265, E_0x87ed06b00/266, E_0x87ed06b00/267, E_0x87ed06b00/268, E_0x87ed06b00/269, E_0x87ed06b00/270, E_0x87ed06b00/271, E_0x87ed06b00/272, E_0x87ed06b00/273, E_0x87ed06b00/274, E_0x87ed06b00/275, E_0x87ed06b00/276, E_0x87ed06b00/277, E_0x87ed06b00/278, E_0x87ed06b00/279, E_0x87ed06b00/280, E_0x87ed06b00/281, E_0x87ed06b00/282, E_0x87ed06b00/283, E_0x87ed06b00/284, E_0x87ed06b00/285, E_0x87ed06b00/286, E_0x87ed06b00/287, E_0x87ed06b00/288, E_0x87ed06b00/289, E_0x87ed06b00/290, E_0x87ed06b00/291, E_0x87ed06b00/292, E_0x87ed06b00/293, E_0x87ed06b00/294, E_0x87ed06b00/295, E_0x87ed06b00/296, E_0x87ed06b00/297, E_0x87ed06b00/298, E_0x87ed06b00/299, E_0x87ed06b00/300, E_0x87ed06b00/301, E_0x87ed06b00/302, E_0x87ed06b00/303, E_0x87ed06b00/304, E_0x87ed06b00/305, E_0x87ed06b00/306, E_0x87ed06b00/307, E_0x87ed06b00/308, E_0x87ed06b00/309, E_0x87ed06b00/310, E_0x87ed06b00/311, E_0x87ed06b00/312, E_0x87ed06b00/313, E_0x87ed06b00/314, E_0x87ed06b00/315, E_0x87ed06b00/316, E_0x87ed06b00/317, E_0x87ed06b00/318, E_0x87ed06b00/319, E_0x87ed06b00/320, E_0x87ed06b00/321, E_0x87ed06b00/322, E_0x87ed06b00/323, E_0x87ed06b00/324, E_0x87ed06b00/325, E_0x87ed06b00/326, E_0x87ed06b00/327, E_0x87ed06b00/328, E_0x87ed06b00/329, E_0x87ed06b00/330, E_0x87ed06b00/331, E_0x87ed06b00/332, E_0x87ed06b00/333, E_0x87ed06b00/334, E_0x87ed06b00/335, E_0x87ed06b00/336, E_0x87ed06b00/337, E_0x87ed06b00/338, E_0x87ed06b00/339, E_0x87ed06b00/340, E_0x87ed06b00/341, E_0x87ed06b00/342, E_0x87ed06b00/343, E_0x87ed06b00/344, E_0x87ed06b00/345, E_0x87ed06b00/346, E_0x87ed06b00/347, E_0x87ed06b00/348, E_0x87ed06b00/349, E_0x87ed06b00/350, E_0x87ed06b00/351, E_0x87ed06b00/352, E_0x87ed06b00/353, E_0x87ed06b00/354, E_0x87ed06b00/355, E_0x87ed06b00/356, E_0x87ed06b00/357, E_0x87ed06b00/358, E_0x87ed06b00/359, E_0x87ed06b00/360, E_0x87ed06b00/361, E_0x87ed06b00/362, E_0x87ed06b00/363, E_0x87ed06b00/364, E_0x87ed06b00/365, E_0x87ed06b00/366, E_0x87ed06b00/367, E_0x87ed06b00/368, E_0x87ed06b00/369, E_0x87ed06b00/370, E_0x87ed06b00/371, E_0x87ed06b00/372, E_0x87ed06b00/373, E_0x87ed06b00/374, E_0x87ed06b00/375, E_0x87ed06b00/376, E_0x87ed06b00/377, E_0x87ed06b00/378, E_0x87ed06b00/379, E_0x87ed06b00/380, E_0x87ed06b00/381, E_0x87ed06b00/382, E_0x87ed06b00/383, E_0x87ed06b00/384, E_0x87ed06b00/385, E_0x87ed06b00/386, E_0x87ed06b00/387, E_0x87ed06b00/388, E_0x87ed06b00/389, E_0x87ed06b00/390, E_0x87ed06b00/391, E_0x87ed06b00/392, E_0x87ed06b00/393, E_0x87ed06b00/394, E_0x87ed06b00/395, E_0x87ed06b00/396, E_0x87ed06b00/397, E_0x87ed06b00/398, E_0x87ed06b00/399, E_0x87ed06b00/400, E_0x87ed06b00/401, E_0x87ed06b00/402, E_0x87ed06b00/403, E_0x87ed06b00/404, E_0x87ed06b00/405, E_0x87ed06b00/406, E_0x87ed06b00/407, E_0x87ed06b00/408, E_0x87ed06b00/409, E_0x87ed06b00/410, E_0x87ed06b00/411, E_0x87ed06b00/412, E_0x87ed06b00/413, E_0x87ed06b00/414, E_0x87ed06b00/415, E_0x87ed06b00/416, E_0x87ed06b00/417, E_0x87ed06b00/418, E_0x87ed06b00/419, E_0x87ed06b00/420, E_0x87ed06b00/421, E_0x87ed06b00/422, E_0x87ed06b00/423, E_0x87ed06b00/424, E_0x87ed06b00/425, E_0x87ed06b00/426, E_0x87ed06b00/427, E_0x87ed06b00/428, E_0x87ed06b00/429, E_0x87ed06b00/430, E_0x87ed06b00/431, E_0x87ed06b00/432, E_0x87ed06b00/433, E_0x87ed06b00/434, E_0x87ed06b00/435, E_0x87ed06b00/436, E_0x87ed06b00/437, E_0x87ed06b00/438, E_0x87ed06b00/439, E_0x87ed06b00/440, E_0x87ed06b00/441, E_0x87ed06b00/442, E_0x87ed06b00/443, E_0x87ed06b00/444, E_0x87ed06b00/445, E_0x87ed06b00/446, E_0x87ed06b00/447, E_0x87ed06b00/448, E_0x87ed06b00/449, E_0x87ed06b00/450, E_0x87ed06b00/451, E_0x87ed06b00/452, E_0x87ed06b00/453, E_0x87ed06b00/454, E_0x87ed06b00/455, E_0x87ed06b00/456, E_0x87ed06b00/457, E_0x87ed06b00/458, E_0x87ed06b00/459, E_0x87ed06b00/460, E_0x87ed06b00/461, E_0x87ed06b00/462, E_0x87ed06b00/463, E_0x87ed06b00/464, E_0x87ed06b00/465, E_0x87ed06b00/466, E_0x87ed06b00/467, E_0x87ed06b00/468, E_0x87ed06b00/469, E_0x87ed06b00/470, E_0x87ed06b00/471, E_0x87ed06b00/472, E_0x87ed06b00/473, E_0x87ed06b00/474, E_0x87ed06b00/475, E_0x87ed06b00/476, E_0x87ed06b00/477, E_0x87ed06b00/478, E_0x87ed06b00/479, E_0x87ed06b00/480, E_0x87ed06b00/481, E_0x87ed06b00/482, E_0x87ed06b00/483, E_0x87ed06b00/484, E_0x87ed06b00/485, E_0x87ed06b00/486, E_0x87ed06b00/487, E_0x87ed06b00/488, E_0x87ed06b00/489, E_0x87ed06b00/490, E_0x87ed06b00/491, E_0x87ed06b00/492, E_0x87ed06b00/493, E_0x87ed06b00/494, E_0x87ed06b00/495, E_0x87ed06b00/496, E_0x87ed06b00/497, E_0x87ed06b00/498, E_0x87ed06b00/499, E_0x87ed06b00/500, E_0x87ed06b00/501, E_0x87ed06b00/502, E_0x87ed06b00/503, E_0x87ed06b00/504, E_0x87ed06b00/505, E_0x87ed06b00/506, E_0x87ed06b00/507, E_0x87ed06b00/508, E_0x87ed06b00/509, E_0x87ed06b00/510, E_0x87ed06b00/511, E_0x87ed06b00/512, E_0x87ed06b00/513, E_0x87ed06b00/514, E_0x87ed06b00/515, E_0x87ed06b00/516, E_0x87ed06b00/517, E_0x87ed06b00/518, E_0x87ed06b00/519, E_0x87ed06b00/520, E_0x87ed06b00/521, E_0x87ed06b00/522, E_0x87ed06b00/523, E_0x87ed06b00/524, E_0x87ed06b00/525, E_0x87ed06b00/526, E_0x87ed06b00/527, E_0x87ed06b00/528, E_0x87ed06b00/529, E_0x87ed06b00/530, E_0x87ed06b00/531, E_0x87ed06b00/532, E_0x87ed06b00/533, E_0x87ed06b00/534, E_0x87ed06b00/535, E_0x87ed06b00/536, E_0x87ed06b00/537, E_0x87ed06b00/538, E_0x87ed06b00/539, E_0x87ed06b00/540, E_0x87ed06b00/541, E_0x87ed06b00/542, E_0x87ed06b00/543, E_0x87ed06b00/544, E_0x87ed06b00/545, E_0x87ed06b00/546, E_0x87ed06b00/547, E_0x87ed06b00/548, E_0x87ed06b00/549, E_0x87ed06b00/550, E_0x87ed06b00/551, E_0x87ed06b00/552, E_0x87ed06b00/553, E_0x87ed06b00/554, E_0x87ed06b00/555, E_0x87ed06b00/556, E_0x87ed06b00/557, E_0x87ed06b00/558, E_0x87ed06b00/559, E_0x87ed06b00/560, E_0x87ed06b00/561, E_0x87ed06b00/562, E_0x87ed06b00/563, E_0x87ed06b00/564, E_0x87ed06b00/565, E_0x87ed06b00/566, E_0x87ed06b00/567, E_0x87ed06b00/568, E_0x87ed06b00/569, E_0x87ed06b00/570, E_0x87ed06b00/571, E_0x87ed06b00/572, E_0x87ed06b00/573, E_0x87ed06b00/574, E_0x87ed06b00/575, E_0x87ed06b00/576, E_0x87ed06b00/577, E_0x87ed06b00/578, E_0x87ed06b00/579, E_0x87ed06b00/580, E_0x87ed06b00/581, E_0x87ed06b00/582, E_0x87ed06b00/583, E_0x87ed06b00/584, E_0x87ed06b00/585, E_0x87ed06b00/586, E_0x87ed06b00/587, E_0x87ed06b00/588, E_0x87ed06b00/589, E_0x87ed06b00/590, E_0x87ed06b00/591, E_0x87ed06b00/592, E_0x87ed06b00/593, E_0x87ed06b00/594, E_0x87ed06b00/595, E_0x87ed06b00/596, E_0x87ed06b00/597, E_0x87ed06b00/598, E_0x87ed06b00/599, E_0x87ed06b00/600, E_0x87ed06b00/601, E_0x87ed06b00/602, E_0x87ed06b00/603, E_0x87ed06b00/604, E_0x87ed06b00/605, E_0x87ed06b00/606, E_0x87ed06b00/607, E_0x87ed06b00/608, E_0x87ed06b00/609, E_0x87ed06b00/610, E_0x87ed06b00/611, E_0x87ed06b00/612, E_0x87ed06b00/613, E_0x87ed06b00/614, E_0x87ed06b00/615, E_0x87ed06b00/616, E_0x87ed06b00/617, E_0x87ed06b00/618, E_0x87ed06b00/619, E_0x87ed06b00/620, E_0x87ed06b00/621, E_0x87ed06b00/622, E_0x87ed06b00/623, E_0x87ed06b00/624, E_0x87ed06b00/625, E_0x87ed06b00/626, E_0x87ed06b00/627, E_0x87ed06b00/628, E_0x87ed06b00/629, E_0x87ed06b00/630, E_0x87ed06b00/631, E_0x87ed06b00/632, E_0x87ed06b00/633, E_0x87ed06b00/634, E_0x87ed06b00/635, E_0x87ed06b00/636, E_0x87ed06b00/637, E_0x87ed06b00/638, E_0x87ed06b00/639, E_0x87ed06b00/640, E_0x87ed06b00/641, E_0x87ed06b00/642, E_0x87ed06b00/643, E_0x87ed06b00/644, E_0x87ed06b00/645, E_0x87ed06b00/646, E_0x87ed06b00/647, E_0x87ed06b00/648, E_0x87ed06b00/649, E_0x87ed06b00/650, E_0x87ed06b00/651, E_0x87ed06b00/652, E_0x87ed06b00/653, E_0x87ed06b00/654, E_0x87ed06b00/655, E_0x87ed06b00/656, E_0x87ed06b00/657, E_0x87ed06b00/658, E_0x87ed06b00/659, E_0x87ed06b00/660, E_0x87ed06b00/661, E_0x87ed06b00/662, E_0x87ed06b00/663, E_0x87ed06b00/664, E_0x87ed06b00/665, E_0x87ed06b00/666, E_0x87ed06b00/667, E_0x87ed06b00/668, E_0x87ed06b00/669, E_0x87ed06b00/670, E_0x87ed06b00/671, E_0x87ed06b00/672, E_0x87ed06b00/673, E_0x87ed06b00/674, E_0x87ed06b00/675, E_0x87ed06b00/676, E_0x87ed06b00/677, E_0x87ed06b00/678, E_0x87ed06b00/679, E_0x87ed06b00/680, E_0x87ed06b00/681, E_0x87ed06b00/682, E_0x87ed06b00/683, E_0x87ed06b00/684, E_0x87ed06b00/685, E_0x87ed06b00/686, E_0x87ed06b00/687, E_0x87ed06b00/688, E_0x87ed06b00/689, E_0x87ed06b00/690, E_0x87ed06b00/691, E_0x87ed06b00/692, E_0x87ed06b00/693, E_0x87ed06b00/694, E_0x87ed06b00/695, E_0x87ed06b00/696, E_0x87ed06b00/697, E_0x87ed06b00/698, E_0x87ed06b00/699, E_0x87ed06b00/700, E_0x87ed06b00/701, E_0x87ed06b00/702, E_0x87ed06b00/703, E_0x87ed06b00/704, E_0x87ed06b00/705, E_0x87ed06b00/706, E_0x87ed06b00/707, E_0x87ed06b00/708, E_0x87ed06b00/709, E_0x87ed06b00/710, E_0x87ed06b00/711, E_0x87ed06b00/712, E_0x87ed06b00/713, E_0x87ed06b00/714, E_0x87ed06b00/715, E_0x87ed06b00/716, E_0x87ed06b00/717, E_0x87ed06b00/718, E_0x87ed06b00/719, E_0x87ed06b00/720, E_0x87ed06b00/721, E_0x87ed06b00/722, E_0x87ed06b00/723, E_0x87ed06b00/724, E_0x87ed06b00/725, E_0x87ed06b00/726, E_0x87ed06b00/727, E_0x87ed06b00/728, E_0x87ed06b00/729, E_0x87ed06b00/730, E_0x87ed06b00/731, E_0x87ed06b00/732, E_0x87ed06b00/733, E_0x87ed06b00/734, E_0x87ed06b00/735, E_0x87ed06b00/736, E_0x87ed06b00/737, E_0x87ed06b00/738, E_0x87ed06b00/739, E_0x87ed06b00/740, E_0x87ed06b00/741, E_0x87ed06b00/742, E_0x87ed06b00/743, E_0x87ed06b00/744, E_0x87ed06b00/745, E_0x87ed06b00/746, E_0x87ed06b00/747, E_0x87ed06b00/748, E_0x87ed06b00/749, E_0x87ed06b00/750, E_0x87ed06b00/751, E_0x87ed06b00/752, E_0x87ed06b00/753, E_0x87ed06b00/754, E_0x87ed06b00/755, E_0x87ed06b00/756, E_0x87ed06b00/757, E_0x87ed06b00/758, E_0x87ed06b00/759, E_0x87ed06b00/760, E_0x87ed06b00/761, E_0x87ed06b00/762, E_0x87ed06b00/763, E_0x87ed06b00/764, E_0x87ed06b00/765, E_0x87ed06b00/766, E_0x87ed06b00/767, E_0x87ed06b00/768, E_0x87ed06b00/769, E_0x87ed06b00/770, E_0x87ed06b00/771, E_0x87ed06b00/772, E_0x87ed06b00/773, E_0x87ed06b00/774, E_0x87ed06b00/775, E_0x87ed06b00/776, E_0x87ed06b00/777, E_0x87ed06b00/778, E_0x87ed06b00/779, E_0x87ed06b00/780, E_0x87ed06b00/781, E_0x87ed06b00/782, E_0x87ed06b00/783, E_0x87ed06b00/784, E_0x87ed06b00/785, E_0x87ed06b00/786, E_0x87ed06b00/787, E_0x87ed06b00/788, E_0x87ed06b00/789, E_0x87ed06b00/790, E_0x87ed06b00/791, E_0x87ed06b00/792, E_0x87ed06b00/793, E_0x87ed06b00/794, E_0x87ed06b00/795, E_0x87ed06b00/796, E_0x87ed06b00/797, E_0x87ed06b00/798, E_0x87ed06b00/799, E_0x87ed06b00/800, E_0x87ed06b00/801, E_0x87ed06b00/802, E_0x87ed06b00/803, E_0x87ed06b00/804, E_0x87ed06b00/805, E_0x87ed06b00/806, E_0x87ed06b00/807, E_0x87ed06b00/808, E_0x87ed06b00/809, E_0x87ed06b00/810, E_0x87ed06b00/811, E_0x87ed06b00/812, E_0x87ed06b00/813, E_0x87ed06b00/814, E_0x87ed06b00/815, E_0x87ed06b00/816, E_0x87ed06b00/817, E_0x87ed06b00/818, E_0x87ed06b00/819, E_0x87ed06b00/820, E_0x87ed06b00/821, E_0x87ed06b00/822, E_0x87ed06b00/823, E_0x87ed06b00/824, E_0x87ed06b00/825, E_0x87ed06b00/826, E_0x87ed06b00/827, E_0x87ed06b00/828, E_0x87ed06b00/829, E_0x87ed06b00/830, E_0x87ed06b00/831, E_0x87ed06b00/832, E_0x87ed06b00/833, E_0x87ed06b00/834, E_0x87ed06b00/835, E_0x87ed06b00/836, E_0x87ed06b00/837, E_0x87ed06b00/838, E_0x87ed06b00/839, E_0x87ed06b00/840, E_0x87ed06b00/841, E_0x87ed06b00/842, E_0x87ed06b00/843, E_0x87ed06b00/844, E_0x87ed06b00/845, E_0x87ed06b00/846, E_0x87ed06b00/847, E_0x87ed06b00/848, E_0x87ed06b00/849, E_0x87ed06b00/850, E_0x87ed06b00/851, E_0x87ed06b00/852, E_0x87ed06b00/853, E_0x87ed06b00/854, E_0x87ed06b00/855, E_0x87ed06b00/856, E_0x87ed06b00/857, E_0x87ed06b00/858, E_0x87ed06b00/859, E_0x87ed06b00/860, E_0x87ed06b00/861, E_0x87ed06b00/862, E_0x87ed06b00/863, E_0x87ed06b00/864, E_0x87ed06b00/865, E_0x87ed06b00/866, E_0x87ed06b00/867, E_0x87ed06b00/868, E_0x87ed06b00/869, E_0x87ed06b00/870, E_0x87ed06b00/871, E_0x87ed06b00/872, E_0x87ed06b00/873, E_0x87ed06b00/874, E_0x87ed06b00/875, E_0x87ed06b00/876, E_0x87ed06b00/877, E_0x87ed06b00/878, E_0x87ed06b00/879, E_0x87ed06b00/880, E_0x87ed06b00/881, E_0x87ed06b00/882, E_0x87ed06b00/883, E_0x87ed06b00/884, E_0x87ed06b00/885, E_0x87ed06b00/886, E_0x87ed06b00/887, E_0x87ed06b00/888, E_0x87ed06b00/889, E_0x87ed06b00/890, E_0x87ed06b00/891, E_0x87ed06b00/892, E_0x87ed06b00/893, E_0x87ed06b00/894, E_0x87ed06b00/895, E_0x87ed06b00/896, E_0x87ed06b00/897, E_0x87ed06b00/898, E_0x87ed06b00/899, E_0x87ed06b00/900, E_0x87ed06b00/901, E_0x87ed06b00/902, E_0x87ed06b00/903, E_0x87ed06b00/904, E_0x87ed06b00/905, E_0x87ed06b00/906, E_0x87ed06b00/907, E_0x87ed06b00/908, E_0x87ed06b00/909, E_0x87ed06b00/910, E_0x87ed06b00/911, E_0x87ed06b00/912, E_0x87ed06b00/913, E_0x87ed06b00/914, E_0x87ed06b00/915, E_0x87ed06b00/916, E_0x87ed06b00/917, E_0x87ed06b00/918, E_0x87ed06b00/919, E_0x87ed06b00/920, E_0x87ed06b00/921, E_0x87ed06b00/922, E_0x87ed06b00/923, E_0x87ed06b00/924, E_0x87ed06b00/925, E_0x87ed06b00/926, E_0x87ed06b00/927, E_0x87ed06b00/928, E_0x87ed06b00/929, E_0x87ed06b00/930, E_0x87ed06b00/931, E_0x87ed06b00/932, E_0x87ed06b00/933, E_0x87ed06b00/934, E_0x87ed06b00/935, E_0x87ed06b00/936, E_0x87ed06b00/937, E_0x87ed06b00/938, E_0x87ed06b00/939, E_0x87ed06b00/940, E_0x87ed06b00/941, E_0x87ed06b00/942, E_0x87ed06b00/943, E_0x87ed06b00/944, E_0x87ed06b00/945, E_0x87ed06b00/946, E_0x87ed06b00/947, E_0x87ed06b00/948, E_0x87ed06b00/949, E_0x87ed06b00/950, E_0x87ed06b00/951, E_0x87ed06b00/952, E_0x87ed06b00/953, E_0x87ed06b00/954, E_0x87ed06b00/955, E_0x87ed06b00/956, E_0x87ed06b00/957, E_0x87ed06b00/958, E_0x87ed06b00/959, E_0x87ed06b00/960, E_0x87ed06b00/961, E_0x87ed06b00/962, E_0x87ed06b00/963, E_0x87ed06b00/964, E_0x87ed06b00/965, E_0x87ed06b00/966, E_0x87ed06b00/967, E_0x87ed06b00/968, E_0x87ed06b00/969, E_0x87ed06b00/970, E_0x87ed06b00/971, E_0x87ed06b00/972, E_0x87ed06b00/973, E_0x87ed06b00/974, E_0x87ed06b00/975, E_0x87ed06b00/976, E_0x87ed06b00/977, E_0x87ed06b00/978, E_0x87ed06b00/979, E_0x87ed06b00/980, E_0x87ed06b00/981, E_0x87ed06b00/982, E_0x87ed06b00/983, E_0x87ed06b00/984, E_0x87ed06b00/985, E_0x87ed06b00/986, E_0x87ed06b00/987, E_0x87ed06b00/988, E_0x87ed06b00/989, E_0x87ed06b00/990, E_0x87ed06b00/991, E_0x87ed06b00/992, E_0x87ed06b00/993, E_0x87ed06b00/994, E_0x87ed06b00/995, E_0x87ed06b00/996, E_0x87ed06b00/997, E_0x87ed06b00/998, E_0x87ed06b00/999, E_0x87ed06b00/1000, E_0x87ed06b00/1001, E_0x87ed06b00/1002, E_0x87ed06b00/1003, E_0x87ed06b00/1004, E_0x87ed06b00/1005, E_0x87ed06b00/1006, E_0x87ed06b00/1007, E_0x87ed06b00/1008, E_0x87ed06b00/1009, E_0x87ed06b00/1010, E_0x87ed06b00/1011, E_0x87ed06b00/1012, E_0x87ed06b00/1013, E_0x87ed06b00/1014, E_0x87ed06b00/1015, E_0x87ed06b00/1016, E_0x87ed06b00/1017, E_0x87ed06b00/1018, E_0x87ed06b00/1019, E_0x87ed06b00/1020, E_0x87ed06b00/1021, E_0x87ed06b00/1022, E_0x87ed06b00/1023, E_0x87ed06b00/1024;
S_0x87f554780 .scope task, "load_word" "load_word" 20 70, 20 70 0, S_0x87f554600;
 .timescale 0 0;
v0x87eda6620_0 .var "a", 31 0;
v0x87eda66c0_0 .var "d", 31 0;
TD_tb_cpu.uut.u_memory.load_word ;
    %load/vec4 v0x87eda66c0_0;
    %parti/s 8, 0, 2;
    %load/vec4 v0x87eda6620_0;
    %addi 0, 0, 32;
    %ix/vec4 4;
    %store/vec4a v0x87eda6940, 4, 0;
    %load/vec4 v0x87eda66c0_0;
    %parti/s 8, 8, 5;
    %load/vec4 v0x87eda6620_0;
    %addi 1, 0, 32;
    %ix/vec4 4;
    %store/vec4a v0x87eda6940, 4, 0;
    %load/vec4 v0x87eda66c0_0;
    %parti/s 8, 16, 6;
    %load/vec4 v0x87eda6620_0;
    %addi 2, 0, 32;
    %ix/vec4 4;
    %store/vec4a v0x87eda6940, 4, 0;
    %load/vec4 v0x87eda66c0_0;
    %parti/s 8, 24, 6;
    %load/vec4 v0x87eda6620_0;
    %addi 3, 0, 32;
    %ix/vec4 4;
    %store/vec4a v0x87eda6940, 4, 0;
    %end;
    .scope S_0x10239c050;
T_1 ;
    %wait E_0x87ed066c0;
    %pushi/vec4 0, 0, 1;
    %store/vec4 v0x87ecf1a40_0, 0, 1;
    %pushi/vec4 0, 0, 32;
    %store/vec4 v0x87ecf1900_0, 0, 32;
    %pushi/vec4 0, 0, 1;
    %store/vec4 v0x87ecf2080_0, 0, 1;
    %pushi/vec4 0, 0, 1;
    %store/vec4 v0x87ecf2300_0, 0, 1;
    %pushi/vec4 0, 0, 32;
    %store/vec4 v0x87ecf1f40_0, 0, 32;
    %pushi/vec4 2, 0, 2;
    %store/vec4 v0x87ecf21c0_0, 0, 2;
    %pushi/vec4 0, 0, 32;
    %store/vec4 v0x87ecf2260_0, 0, 32;
    %load/vec4 v0x87ecf19a0_0;
    %flag_set/vec4 8;
    %jmp/1 T_1.2, 8;
    %load/vec4 v0x87ecf1c20_0;
    %flag_set/vec4 9;
    %flag_or 8, 9;
T_1.2;
    %jmp/0xz  T_1.0, 8;
    %load/vec4 v0x87ecf1d60_0;
    %flag_set/vec4 8;
    %jmp/0xz  T_1.3, 8;
    %pushi/vec4 1, 0, 1;
    %store/vec4 v0x87ecf1a40_0, 0, 1;
    %load/vec4 v0x87ecf1ae0_0;
    %dup/vec4;
    %pushi/vec4 0, 0, 2;
    %cmp/u;
    %jmp/1 T_1.5, 6;
    %dup/vec4;
    %pushi/vec4 1, 0, 2;
    %cmp/u;
    %jmp/1 T_1.6, 6;
    %load/vec4 v0x87ecf1ea0_0;
    %pad/u 8;
    %ix/vec4 4;
    %load/vec4a v0x87ecf1cc0, 4;
    %load/vec4 v0x87ecf23a0_0;
    %pad/u 32;
    %muli 8, 0, 32;
    %part/u 32;
    %store/vec4 v0x87ecf1900_0, 0, 32;
    %jmp T_1.8;
T_1.5 ;
    %load/vec4 v0x87ecf1ea0_0;
    %pad/u 8;
    %ix/vec4 4;
    %load/vec4a v0x87ecf1cc0, 4;
    %load/vec4 v0x87ecf23a0_0;
    %pad/u 32;
    %muli 8, 0, 32;
    %addi 7, 0, 32;
    %part/u 1;
    %replicate 24;
    %load/vec4 v0x87ecf1ea0_0;
    %pad/u 8;
    %ix/vec4 4;
    %load/vec4a v0x87ecf1cc0, 4;
    %load/vec4 v0x87ecf23a0_0;
    %pad/u 32;
    %muli 8, 0, 32;
    %part/u 8;
    %concat/vec4; draw_concat_vec4
    %store/vec4 v0x87ecf1900_0, 0, 32;
    %jmp T_1.8;
T_1.6 ;
    %load/vec4 v0x87ecf1ea0_0;
    %pad/u 8;
    %ix/vec4 4;
    %load/vec4a v0x87ecf1cc0, 4;
    %load/vec4 v0x87ecf23a0_0;
    %pad/u 32;
    %muli 8, 0, 32;
    %addi 15, 0, 32;
    %part/u 1;
    %replicate 16;
    %load/vec4 v0x87ecf1ea0_0;
    %pad/u 8;
    %ix/vec4 4;
    %load/vec4a v0x87ecf1cc0, 4;
    %load/vec4 v0x87ecf23a0_0;
    %pad/u 32;
    %muli 8, 0, 32;
    %part/u 16;
    %concat/vec4; draw_concat_vec4
    %store/vec4 v0x87ecf1900_0, 0, 32;
    %jmp T_1.8;
T_1.8 ;
    %pop/vec4 1;
    %jmp T_1.4;
T_1.3 ;
    %load/vec4 v0x87ecf19a0_0;
    %store/vec4 v0x87ecf2080_0, 0, 1;
    %load/vec4 v0x87ecf1c20_0;
    %store/vec4 v0x87ecf2300_0, 0, 1;
    %load/vec4 v0x87ecf1860_0;
    %store/vec4 v0x87ecf1f40_0, 0, 32;
    %load/vec4 v0x87ecf1ae0_0;
    %store/vec4 v0x87ecf21c0_0, 0, 2;
    %load/vec4 v0x87ecf1b80_0;
    %store/vec4 v0x87ecf2260_0, 0, 32;
    %load/vec4 v0x87ecf2120_0;
    %flag_set/vec4 8;
    %jmp/0xz  T_1.9, 8;
    %pushi/vec4 1, 0, 1;
    %store/vec4 v0x87ecf1a40_0, 0, 1;
    %load/vec4 v0x87ecf1fe0_0;
    %store/vec4 v0x87ecf1900_0, 0, 32;
T_1.9 ;
T_1.4 ;
T_1.0 ;
    %jmp T_1;
    .thread T_1, $push;
    .scope S_0x10239c050;
T_2 ;
    %wait E_0x87ed06680;
    %load/vec4 v0x87ecf2440_0;
    %nor/r;
    %flag_set/vec4 8;
    %jmp/0xz  T_2.0, 8;
    %pushi/vec4 0, 0, 32;
    %store/vec4 v0x87ecf1e00_0, 0, 32;
T_2.2 ; Top of for-loop
    %load/vec4 v0x87ecf1e00_0;
    %cmpi/s 64, 0, 32;
	  %jmp/0xz T_2.3, 5;
    %pushi/vec4 0, 0, 1;
    %ix/getv/s 3, v0x87ecf1e00_0;
    %ix/load 4, 0, 0; Constant delay
    %assign/vec4/a/d v0x87ecf2620, 0, 4;
    %pushi/vec4 0, 0, 22;
    %ix/getv/s 3, v0x87ecf1e00_0;
    %ix/load 4, 0, 0; Constant delay
    %assign/vec4/a/d v0x87ecf2580, 0, 4;
T_2.4 ; for-loop step statement
    %load/vec4 v0x87ecf1e00_0;
    %addi 1, 0, 32;
    %store/vec4 v0x87ecf1e00_0, 0, 32;
    %jmp T_2.2;
T_2.3 ; for-loop exit label
    %jmp T_2.1;
T_2.0 ;
    %load/vec4 v0x87ecf19a0_0;
    %flag_set/vec4 10;
    %jmp/1 T_2.9, 10;
    %load/vec4 v0x87ecf1c20_0;
    %flag_set/vec4 11;
    %flag_or 10, 11;
T_2.9;
    %flag_get/vec4 10;
    %jmp/0 T_2.8, 10;
    %load/vec4 v0x87ecf1d60_0;
    %nor/r;
    %and;
T_2.8;
    %flag_set/vec4 9;
    %flag_get/vec4 9;
    %jmp/0 T_2.7, 9;
    %load/vec4 v0x87ecf2120_0;
    %and;
T_2.7;
    %flag_set/vec4 8;
    %jmp/0xz  T_2.5, 8;
    %pushi/vec4 1, 0, 1;
    %load/vec4 v0x87ecf1ea0_0;
    %pad/u 8;
    %ix/vec4 3;
    %ix/load 4, 0, 0; Constant delay
    %assign/vec4/a/d v0x87ecf2620, 0, 4;
    %load/vec4 v0x87ecf24e0_0;
    %load/vec4 v0x87ecf1ea0_0;
    %pad/u 8;
    %ix/vec4 3;
    %ix/load 4, 0, 0; Constant delay
    %assign/vec4/a/d v0x87ecf2580, 0, 4;
    %load/vec4 v0x87ecf1fe0_0;
    %load/vec4 v0x87ecf1ea0_0;
    %pad/u 8;
    %ix/vec4 4;
    %flag_mov 8, 4;
    %load/vec4 v0x87ecf23a0_0;
    %pad/u 32;
    %muli 8, 0, 32;
    %ix/vec4 5;
    %flag_or 8, 4;
    %ix/load 6, 0, 0; Constant delay
    %ix/mov 3, 4;
    %flag_mov 4, 8;
    %assign/vec4/a/d v0x87ecf1cc0, 5, 6;
T_2.5 ;
    %load/vec4 v0x87ecf1c20_0;
    %flag_set/vec4 9;
    %flag_get/vec4 9;
    %jmp/0 T_2.12, 9;
    %load/vec4 v0x87ecf1d60_0;
    %and;
T_2.12;
    %flag_set/vec4 8;
    %jmp/0xz  T_2.10, 8;
    %load/vec4 v0x87ecf1ae0_0;
    %dup/vec4;
    %pushi/vec4 0, 0, 2;
    %cmp/u;
    %jmp/1 T_2.13, 6;
    %dup/vec4;
    %pushi/vec4 1, 0, 2;
    %cmp/u;
    %jmp/1 T_2.14, 6;
    %load/vec4 v0x87ecf1b80_0;
    %load/vec4 v0x87ecf1ea0_0;
    %pad/u 8;
    %ix/vec4 4;
    %flag_mov 8, 4;
    %load/vec4 v0x87ecf23a0_0;
    %pad/u 32;
    %muli 8, 0, 32;
    %ix/vec4 5;
    %flag_or 8, 4;
    %ix/load 6, 0, 0; Constant delay
    %ix/mov 3, 4;
    %flag_mov 4, 8;
    %assign/vec4/a/d v0x87ecf1cc0, 5, 6;
    %jmp T_2.16;
T_2.13 ;
    %load/vec4 v0x87ecf1b80_0;
    %parti/s 8, 0, 2;
    %load/vec4 v0x87ecf1ea0_0;
    %pad/u 8;
    %ix/vec4 4;
    %flag_mov 8, 4;
    %load/vec4 v0x87ecf23a0_0;
    %pad/u 32;
    %muli 8, 0, 32;
    %ix/vec4 5;
    %flag_or 8, 4;
    %ix/load 6, 0, 0; Constant delay
    %ix/mov 3, 4;
    %flag_mov 4, 8;
    %assign/vec4/a/d v0x87ecf1cc0, 5, 6;
    %jmp T_2.16;
T_2.14 ;
    %load/vec4 v0x87ecf1b80_0;
    %parti/s 16, 0, 2;
    %load/vec4 v0x87ecf1ea0_0;
    %pad/u 8;
    %ix/vec4 4;
    %flag_mov 8, 4;
    %load/vec4 v0x87ecf23a0_0;
    %pad/u 32;
    %muli 8, 0, 32;
    %ix/vec4 5;
    %flag_or 8, 4;
    %ix/load 6, 0, 0; Constant delay
    %ix/mov 3, 4;
    %flag_mov 4, 8;
    %assign/vec4/a/d v0x87ecf1cc0, 5, 6;
    %jmp T_2.16;
T_2.16 ;
    %pop/vec4 1;
T_2.10 ;
T_2.1 ;
    %jmp T_2;
    .thread T_2;
    .scope S_0x87f554000;
T_3 ;
    %wait E_0x87ed06a00;
    %load/vec4 v0x87ed9e8a0_0;
    %store/vec4 v0x87ed9e800_0, 0, 1;
    %load/vec4 v0x87ed9e8a0_0;
    %flag_set/vec4 8;
    %jmp/0xz  T_3.0, 8;
    %load/vec4 v0x87ed9e6c0_0;
    %pad/u 8;
    %ix/vec4 4;
    %load/vec4a v0x87ed9e440, 4;
    %parti/s 1, 1, 2;
    %store/vec4 v0x87ed9e760_0, 0, 1;
    %jmp T_3.1;
T_3.0 ;
    %pushi/vec4 0, 0, 1;
    %store/vec4 v0x87ed9e760_0, 0, 1;
T_3.1 ;
    %jmp T_3;
    .thread T_3, $push;
    .scope S_0x87f554000;
T_4 ;
    %wait E_0x87ed06840;
    %load/vec4 v0x87ed9e940_0;
    %nor/r;
    %flag_set/vec4 8;
    %jmp/0xz  T_4.0, 8;
    %pushi/vec4 0, 0, 32;
    %store/vec4 v0x87ed9e580_0, 0, 32;
T_4.2 ; Top of for-loop
    %load/vec4 v0x87ed9e580_0;
    %cmpi/s 64, 0, 32;
	  %jmp/0xz T_4.3, 5;
    %pushi/vec4 1, 0, 2;
    %ix/getv/s 3, v0x87ed9e580_0;
    %ix/load 4, 0, 0; Constant delay
    %assign/vec4/a/d v0x87ed9e440, 0, 4;
T_4.4 ; for-loop step statement
    %load/vec4 v0x87ed9e580_0;
    %addi 1, 0, 32;
    %store/vec4 v0x87ed9e580_0, 0, 32;
    %jmp T_4.2;
T_4.3 ; for-loop exit label
    %jmp T_4.1;
T_4.0 ;
    %load/vec4 v0x87ed9e9e0_0;
    %flag_set/vec4 8;
    %jmp/0xz  T_4.5, 8;
    %load/vec4 v0x87ed9ea80_0;
    %pad/u 8;
    %ix/vec4 4;
    %load/vec4a v0x87ed9e440, 4;
    %dup/vec4;
    %pushi/vec4 0, 0, 2;
    %cmp/u;
    %jmp/1 T_4.7, 6;
    %dup/vec4;
    %pushi/vec4 1, 0, 2;
    %cmp/u;
    %jmp/1 T_4.8, 6;
    %dup/vec4;
    %pushi/vec4 2, 0, 2;
    %cmp/u;
    %jmp/1 T_4.9, 6;
    %dup/vec4;
    %pushi/vec4 3, 0, 2;
    %cmp/u;
    %jmp/1 T_4.10, 6;
    %jmp T_4.11;
T_4.7 ;
    %load/vec4 v0x87ed9e3a0_0;
    %flag_set/vec4 8;
    %jmp/0 T_4.12, 8;
    %pushi/vec4 1, 0, 2;
    %jmp/1 T_4.13, 8;
T_4.12 ; End of true expr.
    %pushi/vec4 0, 0, 2;
    %jmp/0 T_4.13, 8;
 ; End of false expr.
    %blend;
T_4.13;
    %load/vec4 v0x87ed9ea80_0;
    %pad/u 8;
    %ix/vec4 3;
    %ix/load 4, 0, 0; Constant delay
    %assign/vec4/a/d v0x87ed9e440, 0, 4;
    %jmp T_4.11;
T_4.8 ;
    %load/vec4 v0x87ed9e3a0_0;
    %flag_set/vec4 8;
    %jmp/0 T_4.14, 8;
    %pushi/vec4 2, 0, 2;
    %jmp/1 T_4.15, 8;
T_4.14 ; End of true expr.
    %pushi/vec4 0, 0, 2;
    %jmp/0 T_4.15, 8;
 ; End of false expr.
    %blend;
T_4.15;
    %load/vec4 v0x87ed9ea80_0;
    %pad/u 8;
    %ix/vec4 3;
    %ix/load 4, 0, 0; Constant delay
    %assign/vec4/a/d v0x87ed9e440, 0, 4;
    %jmp T_4.11;
T_4.9 ;
    %load/vec4 v0x87ed9e3a0_0;
    %flag_set/vec4 8;
    %jmp/0 T_4.16, 8;
    %pushi/vec4 3, 0, 2;
    %jmp/1 T_4.17, 8;
T_4.16 ; End of true expr.
    %pushi/vec4 1, 0, 2;
    %jmp/0 T_4.17, 8;
 ; End of false expr.
    %blend;
T_4.17;
    %load/vec4 v0x87ed9ea80_0;
    %pad/u 8;
    %ix/vec4 3;
    %ix/load 4, 0, 0; Constant delay
    %assign/vec4/a/d v0x87ed9e440, 0, 4;
    %jmp T_4.11;
T_4.10 ;
    %load/vec4 v0x87ed9e3a0_0;
    %flag_set/vec4 8;
    %jmp/0 T_4.18, 8;
    %pushi/vec4 3, 0, 2;
    %jmp/1 T_4.19, 8;
T_4.18 ; End of true expr.
    %pushi/vec4 2, 0, 2;
    %jmp/0 T_4.19, 8;
 ; End of false expr.
    %blend;
T_4.19;
    %load/vec4 v0x87ed9ea80_0;
    %pad/u 8;
    %ix/vec4 3;
    %ix/load 4, 0, 0; Constant delay
    %assign/vec4/a/d v0x87ed9e440, 0, 4;
    %jmp T_4.11;
T_4.11 ;
    %pop/vec4 1;
T_4.5 ;
T_4.1 ;
    %jmp T_4;
    .thread T_4;
    .scope S_0x10238eab0;
T_5 ;
    %wait E_0x87ed06880;
    %pushi/vec4 0, 0, 1;
    %store/vec4 v0x87ecf32a0_0, 0, 1;
    %pushi/vec4 0, 0, 32;
    %store/vec4 v0x87ecf3700_0, 0, 32;
    %load/vec4 v0x87ecf3480_0;
    %flag_set/vec4 10;
    %flag_get/vec4 10;
    %jmp/0 T_5.3, 10;
    %load/vec4 v0x87ecf33e0_0;
    %pad/u 8;
    %ix/vec4 4;
    %load/vec4a v0x87ecf3ac0, 4;
    %and;
T_5.3;
    %flag_set/vec4 9;
    %flag_get/vec4 9;
    %jmp/0 T_5.2, 9;
    %load/vec4 v0x87ecf33e0_0;
    %pad/u 8;
    %ix/vec4 4;
    %load/vec4a v0x87ecf3660, 4;
    %load/vec4 v0x87ecf3520_0;
    %cmp/e;
    %flag_get/vec4 4;
    %and;
T_5.2;
    %flag_set/vec4 8;
    %jmp/0xz  T_5.0, 8;
    %pushi/vec4 1, 0, 1;
    %store/vec4 v0x87ecf32a0_0, 0, 1;
    %load/vec4 v0x87ecf33e0_0;
    %pad/u 8;
    %ix/vec4 4;
    %load/vec4a v0x87ecf37a0, 4;
    %store/vec4 v0x87ecf3700_0, 0, 32;
T_5.0 ;
    %jmp T_5;
    .thread T_5, $push;
    .scope S_0x10238eab0;
T_6 ;
    %wait E_0x87ed06840;
    %load/vec4 v0x87ecf35c0_0;
    %nor/r;
    %flag_set/vec4 8;
    %jmp/0xz  T_6.0, 8;
    %pushi/vec4 0, 0, 32;
    %store/vec4 v0x87ecf3340_0, 0, 32;
T_6.2 ; Top of for-loop
    %load/vec4 v0x87ecf3340_0;
    %cmpi/s 64, 0, 32;
	  %jmp/0xz T_6.3, 5;
    %pushi/vec4 0, 0, 1;
    %ix/getv/s 3, v0x87ecf3340_0;
    %ix/load 4, 0, 0; Constant delay
    %assign/vec4/a/d v0x87ecf3ac0, 0, 4;
    %pushi/vec4 0, 0, 32;
    %ix/getv/s 3, v0x87ecf3340_0;
    %ix/load 4, 0, 0; Constant delay
    %assign/vec4/a/d v0x87ecf3660, 0, 4;
    %pushi/vec4 0, 0, 32;
    %ix/getv/s 3, v0x87ecf3340_0;
    %ix/load 4, 0, 0; Constant delay
    %assign/vec4/a/d v0x87ecf37a0, 0, 4;
T_6.4 ; for-loop step statement
    %load/vec4 v0x87ecf3340_0;
    %addi 1, 0, 32;
    %store/vec4 v0x87ecf3340_0, 0, 32;
    %jmp T_6.2;
T_6.3 ; for-loop exit label
    %jmp T_6.1;
T_6.0 ;
    %load/vec4 v0x87ecf3840_0;
    %flag_set/vec4 8;
    %jmp/0xz  T_6.5, 8;
    %pushi/vec4 1, 0, 1;
    %load/vec4 v0x87ecf38e0_0;
    %pad/u 8;
    %ix/vec4 3;
    %ix/load 4, 0, 0; Constant delay
    %assign/vec4/a/d v0x87ecf3ac0, 0, 4;
    %load/vec4 v0x87ecf3980_0;
    %load/vec4 v0x87ecf38e0_0;
    %pad/u 8;
    %ix/vec4 3;
    %ix/load 4, 0, 0; Constant delay
    %assign/vec4/a/d v0x87ecf3660, 0, 4;
    %load/vec4 v0x87ecf3a20_0;
    %load/vec4 v0x87ecf38e0_0;
    %pad/u 8;
    %ix/vec4 3;
    %ix/load 4, 0, 0; Constant delay
    %assign/vec4/a/d v0x87ecf37a0, 0, 4;
T_6.5 ;
T_6.1 ;
    %jmp T_6;
    .thread T_6;
    .scope S_0x1023ab770;
T_7 ;
    %wait E_0x87ed06900;
    %load/vec4 v0x87ed9c6e0_0;
    %parti/s 1, 31, 6;
    %replicate 20;
    %load/vec4 v0x87ed9c6e0_0;
    %parti/s 12, 20, 6;
    %concat/vec4; draw_concat_vec4
    %store/vec4 v0x87ed9c460_0, 0, 32;
    %load/vec4 v0x87ed9c6e0_0;
    %parti/s 1, 31, 6;
    %replicate 20;
    %load/vec4 v0x87ed9c6e0_0;
    %parti/s 7, 25, 6;
    %concat/vec4; draw_concat_vec4
    %load/vec4 v0x87ed9c6e0_0;
    %parti/s 5, 7, 4;
    %concat/vec4; draw_concat_vec4
    %store/vec4 v0x87ed9c5a0_0, 0, 32;
    %load/vec4 v0x87ed9c6e0_0;
    %parti/s 1, 31, 6;
    %replicate 19;
    %load/vec4 v0x87ed9c6e0_0;
    %parti/s 1, 31, 6;
    %concat/vec4; draw_concat_vec4
    %load/vec4 v0x87ed9c6e0_0;
    %parti/s 1, 7, 4;
    %concat/vec4; draw_concat_vec4
    %load/vec4 v0x87ed9c6e0_0;
    %parti/s 6, 25, 6;
    %concat/vec4; draw_concat_vec4
    %load/vec4 v0x87ed9c6e0_0;
    %parti/s 4, 8, 5;
    %concat/vec4; draw_concat_vec4
    %concati/vec4 0, 0, 1;
    %store/vec4 v0x87ed9c3c0_0, 0, 32;
    %load/vec4 v0x87ed9c6e0_0;
    %parti/s 1, 31, 6;
    %pop/vec4 1; skip zero replication
    %load/vec4 v0x87ed9c6e0_0;
    %parti/s 20, 12, 5;
    %concati/vec4 0, 0, 12;
    %store/vec4 v0x87ed9c640_0, 0, 32;
    %load/vec4 v0x87ed9c6e0_0;
    %parti/s 1, 31, 6;
    %replicate 11;
    %load/vec4 v0x87ed9c6e0_0;
    %parti/s 1, 31, 6;
    %concat/vec4; draw_concat_vec4
    %load/vec4 v0x87ed9c6e0_0;
    %parti/s 8, 12, 5;
    %concat/vec4; draw_concat_vec4
    %load/vec4 v0x87ed9c6e0_0;
    %parti/s 1, 20, 6;
    %concat/vec4; draw_concat_vec4
    %load/vec4 v0x87ed9c6e0_0;
    %parti/s 10, 21, 6;
    %concat/vec4; draw_concat_vec4
    %concati/vec4 0, 0, 1;
    %store/vec4 v0x87ed9c500_0, 0, 32;
    %jmp T_7;
    .thread T_7, $push;
    .scope S_0x1023ab770;
T_8 ;
    %wait E_0x87ed068c0;
    %load/vec4 v0x87ed9cdc0_0;
    %dup/vec4;
    %pushi/vec4 3, 0, 7;
    %cmp/u;
    %jmp/1 T_8.0, 6;
    %dup/vec4;
    %pushi/vec4 19, 0, 7;
    %cmp/u;
    %jmp/1 T_8.1, 6;
    %dup/vec4;
    %pushi/vec4 103, 0, 7;
    %cmp/u;
    %jmp/1 T_8.2, 6;
    %dup/vec4;
    %pushi/vec4 35, 0, 7;
    %cmp/u;
    %jmp/1 T_8.3, 6;
    %dup/vec4;
    %pushi/vec4 99, 0, 7;
    %cmp/u;
    %jmp/1 T_8.4, 6;
    %dup/vec4;
    %pushi/vec4 55, 0, 7;
    %cmp/u;
    %jmp/1 T_8.5, 6;
    %dup/vec4;
    %pushi/vec4 23, 0, 7;
    %cmp/u;
    %jmp/1 T_8.6, 6;
    %dup/vec4;
    %pushi/vec4 111, 0, 7;
    %cmp/u;
    %jmp/1 T_8.7, 6;
    %pushi/vec4 0, 0, 32;
    %store/vec4 v0x87ed9c320_0, 0, 32;
    %jmp T_8.9;
T_8.0 ;
    %load/vec4 v0x87ed9c460_0;
    %store/vec4 v0x87ed9c320_0, 0, 32;
    %jmp T_8.9;
T_8.1 ;
    %load/vec4 v0x87ed9c460_0;
    %store/vec4 v0x87ed9c320_0, 0, 32;
    %jmp T_8.9;
T_8.2 ;
    %load/vec4 v0x87ed9c460_0;
    %store/vec4 v0x87ed9c320_0, 0, 32;
    %jmp T_8.9;
T_8.3 ;
    %load/vec4 v0x87ed9c5a0_0;
    %store/vec4 v0x87ed9c320_0, 0, 32;
    %jmp T_8.9;
T_8.4 ;
    %load/vec4 v0x87ed9c3c0_0;
    %store/vec4 v0x87ed9c320_0, 0, 32;
    %jmp T_8.9;
T_8.5 ;
    %load/vec4 v0x87ed9c640_0;
    %store/vec4 v0x87ed9c320_0, 0, 32;
    %jmp T_8.9;
T_8.6 ;
    %load/vec4 v0x87ed9c640_0;
    %store/vec4 v0x87ed9c320_0, 0, 32;
    %jmp T_8.9;
T_8.7 ;
    %load/vec4 v0x87ed9c500_0;
    %store/vec4 v0x87ed9c320_0, 0, 32;
    %jmp T_8.9;
T_8.9 ;
    %pop/vec4 1;
    %jmp T_8;
    .thread T_8, $push;
    .scope S_0x87f554300;
T_9 ;
    %wait E_0x87ed06a40;
    %pushi/vec4 0, 0, 1;
    %store/vec4 v0x87eda0820_0, 0, 1;
    %pushi/vec4 0, 0, 1;
    %store/vec4 v0x87eda0500_0, 0, 1;
    %pushi/vec4 0, 0, 1;
    %store/vec4 v0x87eda06e0_0, 0, 1;
    %pushi/vec4 0, 0, 1;
    %store/vec4 v0x87eda0640_0, 0, 1;
    %pushi/vec4 0, 0, 1;
    %store/vec4 v0x87ed9fac0_0, 0, 1;
    %pushi/vec4 0, 0, 1;
    %store/vec4 v0x87ed9fd40_0, 0, 1;
    %pushi/vec4 0, 0, 1;
    %store/vec4 v0x87ed9fe80_0, 0, 1;
    %pushi/vec4 0, 0, 1;
    %store/vec4 v0x87eda0000_0, 0, 1;
    %pushi/vec4 0, 0, 1;
    %store/vec4 v0x87eda0280_0, 0, 1;
    %pushi/vec4 0, 0, 5;
    %store/vec4 v0x87ed9fa20_0, 0, 5;
    %pushi/vec4 2, 0, 2;
    %store/vec4 v0x87eda05a0_0, 0, 2;
    %pushi/vec4 0, 0, 1;
    %store/vec4 v0x87eda08c0_0, 0, 1;
    %load/vec4 v0x87eda01e0_0;
    %flag_set/vec4 8;
    %jmp/0xz  T_9.0, 8;
    %pushi/vec4 1, 0, 1;
    %store/vec4 v0x87eda0820_0, 0, 1;
    %pushi/vec4 1, 0, 1;
    %store/vec4 v0x87ed9fac0_0, 0, 1;
    %pushi/vec4 10, 0, 5;
    %store/vec4 v0x87ed9fa20_0, 0, 5;
    %pushi/vec4 1, 0, 1;
    %store/vec4 v0x87eda08c0_0, 0, 1;
    %jmp T_9.1;
T_9.0 ;
    %load/vec4 v0x87ed9fca0_0;
    %flag_set/vec4 8;
    %jmp/0xz  T_9.2, 8;
    %pushi/vec4 1, 0, 1;
    %store/vec4 v0x87eda0820_0, 0, 1;
    %pushi/vec4 1, 0, 1;
    %store/vec4 v0x87ed9fac0_0, 0, 1;
    %pushi/vec4 0, 0, 5;
    %store/vec4 v0x87ed9fa20_0, 0, 5;
    %pushi/vec4 1, 0, 1;
    %store/vec4 v0x87eda08c0_0, 0, 1;
    %jmp T_9.3;
T_9.2 ;
    %load/vec4 v0x87ed9ff20_0;
    %flag_set/vec4 8;
    %jmp/0xz  T_9.4, 8;
    %pushi/vec4 1, 0, 1;
    %store/vec4 v0x87eda0820_0, 0, 1;
    %pushi/vec4 1, 0, 1;
    %store/vec4 v0x87ed9fe80_0, 0, 1;
    %pushi/vec4 1, 0, 1;
    %store/vec4 v0x87eda08c0_0, 0, 1;
    %jmp T_9.5;
T_9.4 ;
    %load/vec4 v0x87eda00a0_0;
    %flag_set/vec4 8;
    %jmp/0xz  T_9.6, 8;
    %pushi/vec4 1, 0, 1;
    %store/vec4 v0x87eda0820_0, 0, 1;
    %pushi/vec4 1, 0, 1;
    %store/vec4 v0x87ed9fac0_0, 0, 1;
    %pushi/vec4 1, 0, 1;
    %store/vec4 v0x87eda0000_0, 0, 1;
    %pushi/vec4 0, 0, 5;
    %store/vec4 v0x87ed9fa20_0, 0, 5;
    %pushi/vec4 1, 0, 1;
    %store/vec4 v0x87eda08c0_0, 0, 1;
    %jmp T_9.7;
T_9.6 ;
    %load/vec4 v0x87ed9fde0_0;
    %flag_set/vec4 8;
    %jmp/0xz  T_9.8, 8;
    %pushi/vec4 1, 0, 1;
    %store/vec4 v0x87ed9fd40_0, 0, 1;
    %pushi/vec4 1, 0, 5;
    %store/vec4 v0x87ed9fa20_0, 0, 5;
    %pushi/vec4 1, 0, 1;
    %store/vec4 v0x87eda08c0_0, 0, 1;
    %jmp T_9.9;
T_9.8 ;
    %load/vec4 v0x87eda0140_0;
    %flag_set/vec4 8;
    %jmp/0xz  T_9.10, 8;
    %pushi/vec4 1, 0, 1;
    %store/vec4 v0x87eda0820_0, 0, 1;
    %pushi/vec4 1, 0, 1;
    %store/vec4 v0x87eda0500_0, 0, 1;
    %pushi/vec4 1, 0, 1;
    %store/vec4 v0x87eda0640_0, 0, 1;
    %pushi/vec4 1, 0, 1;
    %store/vec4 v0x87ed9fac0_0, 0, 1;
    %pushi/vec4 0, 0, 5;
    %store/vec4 v0x87ed9fa20_0, 0, 5;
    %pushi/vec4 1, 0, 1;
    %store/vec4 v0x87eda08c0_0, 0, 1;
    %load/vec4 v0x87ed9fb60_0;
    %dup/vec4;
    %pushi/vec4 0, 0, 3;
    %cmp/u;
    %jmp/1 T_9.12, 6;
    %dup/vec4;
    %pushi/vec4 4, 0, 3;
    %cmp/u;
    %jmp/1 T_9.13, 6;
    %dup/vec4;
    %pushi/vec4 1, 0, 3;
    %cmp/u;
    %jmp/1 T_9.14, 6;
    %dup/vec4;
    %pushi/vec4 5, 0, 3;
    %cmp/u;
    %jmp/1 T_9.15, 6;
    %dup/vec4;
    %pushi/vec4 2, 0, 3;
    %cmp/u;
    %jmp/1 T_9.16, 6;
    %dup/vec4;
    %pushi/vec4 3, 0, 3;
    %cmp/u;
    %jmp/1 T_9.17, 6;
    %pushi/vec4 2, 0, 2;
    %store/vec4 v0x87eda05a0_0, 0, 2;
    %jmp T_9.19;
T_9.12 ;
    %pushi/vec4 0, 0, 2;
    %store/vec4 v0x87eda05a0_0, 0, 2;
    %jmp T_9.19;
T_9.13 ;
    %pushi/vec4 0, 0, 2;
    %store/vec4 v0x87eda05a0_0, 0, 2;
    %jmp T_9.19;
T_9.14 ;
    %pushi/vec4 1, 0, 2;
    %store/vec4 v0x87eda05a0_0, 0, 2;
    %jmp T_9.19;
T_9.15 ;
    %pushi/vec4 1, 0, 2;
    %store/vec4 v0x87eda05a0_0, 0, 2;
    %jmp T_9.19;
T_9.16 ;
    %pushi/vec4 2, 0, 2;
    %store/vec4 v0x87eda05a0_0, 0, 2;
    %jmp T_9.19;
T_9.17 ;
    %pushi/vec4 3, 0, 2;
    %store/vec4 v0x87eda05a0_0, 0, 2;
    %jmp T_9.19;
T_9.19 ;
    %pop/vec4 1;
    %jmp T_9.11;
T_9.10 ;
    %load/vec4 v0x87eda0460_0;
    %flag_set/vec4 8;
    %jmp/0xz  T_9.20, 8;
    %pushi/vec4 1, 0, 1;
    %store/vec4 v0x87eda06e0_0, 0, 1;
    %pushi/vec4 1, 0, 1;
    %store/vec4 v0x87ed9fac0_0, 0, 1;
    %pushi/vec4 0, 0, 5;
    %store/vec4 v0x87ed9fa20_0, 0, 5;
    %pushi/vec4 1, 0, 1;
    %store/vec4 v0x87eda08c0_0, 0, 1;
    %load/vec4 v0x87ed9fb60_0;
    %dup/vec4;
    %pushi/vec4 0, 0, 3;
    %cmp/u;
    %jmp/1 T_9.22, 6;
    %dup/vec4;
    %pushi/vec4 1, 0, 3;
    %cmp/u;
    %jmp/1 T_9.23, 6;
    %dup/vec4;
    %pushi/vec4 2, 0, 3;
    %cmp/u;
    %jmp/1 T_9.24, 6;
    %dup/vec4;
    %pushi/vec4 3, 0, 3;
    %cmp/u;
    %jmp/1 T_9.25, 6;
    %pushi/vec4 2, 0, 2;
    %store/vec4 v0x87eda05a0_0, 0, 2;
    %jmp T_9.27;
T_9.22 ;
    %pushi/vec4 0, 0, 2;
    %store/vec4 v0x87eda05a0_0, 0, 2;
    %jmp T_9.27;
T_9.23 ;
    %pushi/vec4 1, 0, 2;
    %store/vec4 v0x87eda05a0_0, 0, 2;
    %jmp T_9.27;
T_9.24 ;
    %pushi/vec4 2, 0, 2;
    %store/vec4 v0x87eda05a0_0, 0, 2;
    %jmp T_9.27;
T_9.25 ;
    %pushi/vec4 3, 0, 2;
    %store/vec4 v0x87eda05a0_0, 0, 2;
    %jmp T_9.27;
T_9.27 ;
    %pop/vec4 1;
    %jmp T_9.21;
T_9.20 ;
    %load/vec4 v0x87eda03c0_0;
    %flag_set/vec4 8;
    %jmp/0xz  T_9.28, 8;
    %pushi/vec4 1, 0, 1;
    %store/vec4 v0x87eda0820_0, 0, 1;
    %pushi/vec4 1, 0, 1;
    %store/vec4 v0x87ed9fac0_0, 0, 1;
    %pushi/vec4 1, 0, 1;
    %store/vec4 v0x87eda08c0_0, 0, 1;
    %load/vec4 v0x87ed9fb60_0;
    %dup/vec4;
    %pushi/vec4 0, 0, 3;
    %cmp/u;
    %jmp/1 T_9.30, 6;
    %dup/vec4;
    %pushi/vec4 2, 0, 3;
    %cmp/u;
    %jmp/1 T_9.31, 6;
    %dup/vec4;
    %pushi/vec4 3, 0, 3;
    %cmp/u;
    %jmp/1 T_9.32, 6;
    %dup/vec4;
    %pushi/vec4 4, 0, 3;
    %cmp/u;
    %jmp/1 T_9.33, 6;
    %dup/vec4;
    %pushi/vec4 6, 0, 3;
    %cmp/u;
    %jmp/1 T_9.34, 6;
    %dup/vec4;
    %pushi/vec4 7, 0, 3;
    %cmp/u;
    %jmp/1 T_9.35, 6;
    %dup/vec4;
    %pushi/vec4 1, 0, 3;
    %cmp/u;
    %jmp/1 T_9.36, 6;
    %dup/vec4;
    %pushi/vec4 5, 0, 3;
    %cmp/u;
    %jmp/1 T_9.37, 6;
    %pushi/vec4 0, 0, 5;
    %store/vec4 v0x87ed9fa20_0, 0, 5;
    %jmp T_9.39;
T_9.30 ;
    %pushi/vec4 0, 0, 5;
    %store/vec4 v0x87ed9fa20_0, 0, 5;
    %jmp T_9.39;
T_9.31 ;
    %pushi/vec4 3, 0, 5;
    %store/vec4 v0x87ed9fa20_0, 0, 5;
    %jmp T_9.39;
T_9.32 ;
    %pushi/vec4 4, 0, 5;
    %store/vec4 v0x87ed9fa20_0, 0, 5;
    %jmp T_9.39;
T_9.33 ;
    %pushi/vec4 5, 0, 5;
    %store/vec4 v0x87ed9fa20_0, 0, 5;
    %jmp T_9.39;
T_9.34 ;
    %pushi/vec4 8, 0, 5;
    %store/vec4 v0x87ed9fa20_0, 0, 5;
    %jmp T_9.39;
T_9.35 ;
    %pushi/vec4 9, 0, 5;
    %store/vec4 v0x87ed9fa20_0, 0, 5;
    %jmp T_9.39;
T_9.36 ;
    %pushi/vec4 2, 0, 5;
    %store/vec4 v0x87ed9fa20_0, 0, 5;
    %jmp T_9.39;
T_9.37 ;
    %load/vec4 v0x87ed9fc00_0;
    %parti/s 1, 5, 4;
    %flag_set/vec4 8;
    %jmp/0 T_9.40, 8;
    %pushi/vec4 7, 0, 5;
    %jmp/1 T_9.41, 8;
T_9.40 ; End of true expr.
    %pushi/vec4 6, 0, 5;
    %jmp/0 T_9.41, 8;
 ; End of false expr.
    %blend;
T_9.41;
    %store/vec4 v0x87ed9fa20_0, 0, 5;
    %jmp T_9.39;
T_9.39 ;
    %pop/vec4 1;
    %jmp T_9.29;
T_9.28 ;
    %load/vec4 v0x87eda0320_0;
    %flag_set/vec4 9;
    %flag_get/vec4 9;
    %jmp/0 T_9.44, 9;
    %load/vec4 v0x87ed9fc00_0;
    %pushi/vec4 1, 0, 7;
    %cmp/ne;
    %flag_get/vec4 4;
    %and;
T_9.44;
    %flag_set/vec4 8;
    %jmp/0xz  T_9.42, 8;
    %pushi/vec4 1, 0, 1;
    %store/vec4 v0x87eda0820_0, 0, 1;
    %pushi/vec4 1, 0, 1;
    %store/vec4 v0x87eda08c0_0, 0, 1;
    %load/vec4 v0x87ed9fb60_0;
    %dup/vec4;
    %pushi/vec4 0, 0, 3;
    %cmp/u;
    %jmp/1 T_9.45, 6;
    %dup/vec4;
    %pushi/vec4 1, 0, 3;
    %cmp/u;
    %jmp/1 T_9.46, 6;
    %dup/vec4;
    %pushi/vec4 2, 0, 3;
    %cmp/u;
    %jmp/1 T_9.47, 6;
    %dup/vec4;
    %pushi/vec4 3, 0, 3;
    %cmp/u;
    %jmp/1 T_9.48, 6;
    %dup/vec4;
    %pushi/vec4 4, 0, 3;
    %cmp/u;
    %jmp/1 T_9.49, 6;
    %dup/vec4;
    %pushi/vec4 5, 0, 3;
    %cmp/u;
    %jmp/1 T_9.50, 6;
    %dup/vec4;
    %pushi/vec4 6, 0, 3;
    %cmp/u;
    %jmp/1 T_9.51, 6;
    %dup/vec4;
    %pushi/vec4 7, 0, 3;
    %cmp/u;
    %jmp/1 T_9.52, 6;
    %pushi/vec4 0, 0, 5;
    %store/vec4 v0x87ed9fa20_0, 0, 5;
    %jmp T_9.54;
T_9.45 ;
    %load/vec4 v0x87ed9fc00_0;
    %parti/s 1, 5, 4;
    %flag_set/vec4 8;
    %jmp/0 T_9.55, 8;
    %pushi/vec4 1, 0, 5;
    %jmp/1 T_9.56, 8;
T_9.55 ; End of true expr.
    %pushi/vec4 0, 0, 5;
    %jmp/0 T_9.56, 8;
 ; End of false expr.
    %blend;
T_9.56;
    %store/vec4 v0x87ed9fa20_0, 0, 5;
    %jmp T_9.54;
T_9.46 ;
    %pushi/vec4 2, 0, 5;
    %store/vec4 v0x87ed9fa20_0, 0, 5;
    %jmp T_9.54;
T_9.47 ;
    %pushi/vec4 3, 0, 5;
    %store/vec4 v0x87ed9fa20_0, 0, 5;
    %jmp T_9.54;
T_9.48 ;
    %pushi/vec4 4, 0, 5;
    %store/vec4 v0x87ed9fa20_0, 0, 5;
    %jmp T_9.54;
T_9.49 ;
    %pushi/vec4 5, 0, 5;
    %store/vec4 v0x87ed9fa20_0, 0, 5;
    %jmp T_9.54;
T_9.50 ;
    %load/vec4 v0x87ed9fc00_0;
    %parti/s 1, 5, 4;
    %flag_set/vec4 8;
    %jmp/0 T_9.57, 8;
    %pushi/vec4 7, 0, 5;
    %jmp/1 T_9.58, 8;
T_9.57 ; End of true expr.
    %pushi/vec4 6, 0, 5;
    %jmp/0 T_9.58, 8;
 ; End of false expr.
    %blend;
T_9.58;
    %store/vec4 v0x87ed9fa20_0, 0, 5;
    %jmp T_9.54;
T_9.51 ;
    %pushi/vec4 8, 0, 5;
    %store/vec4 v0x87ed9fa20_0, 0, 5;
    %jmp T_9.54;
T_9.52 ;
    %pushi/vec4 9, 0, 5;
    %store/vec4 v0x87ed9fa20_0, 0, 5;
    %jmp T_9.54;
T_9.54 ;
    %pop/vec4 1;
T_9.42 ;
T_9.29 ;
T_9.21 ;
T_9.11 ;
T_9.9 ;
T_9.7 ;
T_9.5 ;
T_9.3 ;
T_9.1 ;
    %jmp T_9;
    .thread T_9, $push;
    .scope S_0x87f554480;
T_10 ;
    %wait E_0x87ed06a80;
    %pushi/vec4 0, 0, 1;
    %store/vec4 v0x87eda0d20_0, 0, 1;
    %pushi/vec4 0, 0, 1;
    %store/vec4 v0x87eda0b40_0, 0, 1;
    %pushi/vec4 0, 0, 5;
    %store/vec4 v0x87eda0960_0, 0, 5;
    %pushi/vec4 0, 0, 1;
    %store/vec4 v0x87eda0dc0_0, 0, 1;
    %load/vec4 v0x87eda0be0_0;
    %flag_set/vec4 9;
    %flag_get/vec4 9;
    %jmp/0 T_10.2, 9;
    %load/vec4 v0x87eda0aa0_0;
    %pushi/vec4 1, 0, 7;
    %cmp/e;
    %flag_get/vec4 4;
    %and;
T_10.2;
    %flag_set/vec4 8;
    %jmp/0xz  T_10.0, 8;
    %pushi/vec4 1, 0, 1;
    %store/vec4 v0x87eda0d20_0, 0, 1;
    %pushi/vec4 1, 0, 1;
    %store/vec4 v0x87eda0b40_0, 0, 1;
    %pushi/vec4 1, 0, 1;
    %store/vec4 v0x87eda0dc0_0, 0, 1;
    %load/vec4 v0x87eda0a00_0;
    %dup/vec4;
    %pushi/vec4 0, 0, 3;
    %cmp/u;
    %jmp/1 T_10.3, 6;
    %dup/vec4;
    %pushi/vec4 1, 0, 3;
    %cmp/u;
    %jmp/1 T_10.4, 6;
    %dup/vec4;
    %pushi/vec4 2, 0, 3;
    %cmp/u;
    %jmp/1 T_10.5, 6;
    %dup/vec4;
    %pushi/vec4 3, 0, 3;
    %cmp/u;
    %jmp/1 T_10.6, 6;
    %dup/vec4;
    %pushi/vec4 4, 0, 3;
    %cmp/u;
    %jmp/1 T_10.7, 6;
    %dup/vec4;
    %pushi/vec4 5, 0, 3;
    %cmp/u;
    %jmp/1 T_10.8, 6;
    %dup/vec4;
    %pushi/vec4 6, 0, 3;
    %cmp/u;
    %jmp/1 T_10.9, 6;
    %dup/vec4;
    %pushi/vec4 7, 0, 3;
    %cmp/u;
    %jmp/1 T_10.10, 6;
    %pushi/vec4 0, 0, 5;
    %store/vec4 v0x87eda0960_0, 0, 5;
    %pushi/vec4 0, 0, 1;
    %store/vec4 v0x87eda0dc0_0, 0, 1;
    %jmp T_10.12;
T_10.3 ;
    %pushi/vec4 11, 0, 5;
    %store/vec4 v0x87eda0960_0, 0, 5;
    %jmp T_10.12;
T_10.4 ;
    %pushi/vec4 12, 0, 5;
    %store/vec4 v0x87eda0960_0, 0, 5;
    %jmp T_10.12;
T_10.5 ;
    %pushi/vec4 13, 0, 5;
    %store/vec4 v0x87eda0960_0, 0, 5;
    %jmp T_10.12;
T_10.6 ;
    %pushi/vec4 14, 0, 5;
    %store/vec4 v0x87eda0960_0, 0, 5;
    %jmp T_10.12;
T_10.7 ;
    %pushi/vec4 15, 0, 5;
    %store/vec4 v0x87eda0960_0, 0, 5;
    %jmp T_10.12;
T_10.8 ;
    %pushi/vec4 16, 0, 5;
    %store/vec4 v0x87eda0960_0, 0, 5;
    %jmp T_10.12;
T_10.9 ;
    %pushi/vec4 17, 0, 5;
    %store/vec4 v0x87eda0960_0, 0, 5;
    %jmp T_10.12;
T_10.10 ;
    %pushi/vec4 18, 0, 5;
    %store/vec4 v0x87eda0960_0, 0, 5;
    %jmp T_10.12;
T_10.12 ;
    %pop/vec4 1;
T_10.0 ;
    %jmp T_10;
    .thread T_10, $push;
    .scope S_0x87f554180;
T_11 ;
    %wait E_0x87ed06840;
    %load/vec4 v0x87ed9f7a0_0;
    %nor/r;
    %flag_set/vec4 8;
    %jmp/0xz  T_11.0, 8;
    %pushi/vec4 0, 0, 32;
    %store/vec4 v0x87ed9f3e0_0, 0, 32;
T_11.2 ; Top of for-loop
    %load/vec4 v0x87ed9f3e0_0;
    %cmpi/s 32, 0, 32;
	  %jmp/0xz T_11.3, 5;
    %pushi/vec4 0, 0, 32;
    %ix/getv/s 3, v0x87ed9f3e0_0;
    %ix/load 4, 0, 0; Constant delay
    %assign/vec4/a/d v0x87ed9f700, 0, 4;
T_11.4 ; for-loop step statement
    %load/vec4 v0x87ed9f3e0_0;
    %addi 1, 0, 32;
    %store/vec4 v0x87ed9f3e0_0, 0, 32;
    %jmp T_11.2;
T_11.3 ; for-loop exit label
    %jmp T_11.1;
T_11.0 ;
    %load/vec4 v0x87ed9f980_0;
    %flag_set/vec4 9;
    %flag_get/vec4 9;
    %jmp/0 T_11.7, 9;
    %load/vec4 v0x87ed9f840_0;
    %pushi/vec4 0, 0, 5;
    %cmp/ne;
    %flag_get/vec4 4;
    %and;
T_11.7;
    %flag_set/vec4 8;
    %jmp/0xz  T_11.5, 8;
    %load/vec4 v0x87ed9f8e0_0;
    %load/vec4 v0x87ed9f840_0;
    %pad/u 7;
    %ix/vec4 3;
    %ix/load 4, 0, 0; Constant delay
    %assign/vec4/a/d v0x87ed9f700, 0, 4;
T_11.5 ;
T_11.1 ;
    %jmp T_11;
    .thread T_11;
    .scope S_0x1023ab8f0;
T_12 ;
    %wait E_0x87ed06980;
    %pushi/vec4 0, 0, 1;
    %store/vec4 v0x87ed9d860_0, 0, 1;
    %pushi/vec4 0, 0, 1;
    %store/vec4 v0x87ed9d680_0, 0, 1;
    %load/vec4 v0x87ed9d540_0;
    %flag_set/vec4 10;
    %flag_get/vec4 10;
    %jmp/0 T_12.3, 10;
    %load/vec4 v0x87ed9d5e0_0;
    %pushi/vec4 0, 0, 5;
    %cmp/ne;
    %flag_get/vec4 4;
    %and;
T_12.3;
    %flag_set/vec4 9;
    %flag_get/vec4 9;
    %jmp/0 T_12.2, 9;
    %load/vec4 v0x87ed9d5e0_0;
    %load/vec4 v0x87ed9d720_0;
    %cmp/e;
    %flag_get/vec4 4;
    %jmp/1 T_12.4, 4;
    %load/vec4 v0x87ed9d5e0_0;
    %load/vec4 v0x87ed9d7c0_0;
    %cmp/e;
    %flag_get/vec4 4;
    %or;
T_12.4;
    %and;
T_12.2;
    %flag_set/vec4 8;
    %jmp/0xz  T_12.0, 8;
    %pushi/vec4 1, 0, 1;
    %store/vec4 v0x87ed9d860_0, 0, 1;
    %pushi/vec4 1, 0, 1;
    %store/vec4 v0x87ed9d680_0, 0, 1;
T_12.0 ;
    %jmp T_12;
    .thread T_12, $push;
    .scope S_0x1023a99f0;
T_13 ;
    %wait E_0x87ed06940;
    %pushi/vec4 0, 0, 2;
    %store/vec4 v0x87ed9d180_0, 0, 2;
    %pushi/vec4 0, 0, 2;
    %store/vec4 v0x87ed9d220_0, 0, 2;
    %load/vec4 v0x87ed9d360_0;
    %flag_set/vec4 10;
    %flag_get/vec4 10;
    %jmp/0 T_13.3, 10;
    %load/vec4 v0x87ed9d2c0_0;
    %pushi/vec4 0, 0, 5;
    %cmp/ne;
    %flag_get/vec4 4;
    %and;
T_13.3;
    %flag_set/vec4 9;
    %flag_get/vec4 9;
    %jmp/0 T_13.2, 9;
    %load/vec4 v0x87ed9d2c0_0;
    %load/vec4 v0x87ed9d040_0;
    %cmp/e;
    %flag_get/vec4 4;
    %and;
T_13.2;
    %flag_set/vec4 8;
    %jmp/0xz  T_13.0, 8;
    %pushi/vec4 1, 0, 2;
    %store/vec4 v0x87ed9d180_0, 0, 2;
    %jmp T_13.1;
T_13.0 ;
    %load/vec4 v0x87ed9d4a0_0;
    %flag_set/vec4 10;
    %flag_get/vec4 10;
    %jmp/0 T_13.7, 10;
    %load/vec4 v0x87ed9d400_0;
    %pushi/vec4 0, 0, 5;
    %cmp/ne;
    %flag_get/vec4 4;
    %and;
T_13.7;
    %flag_set/vec4 9;
    %flag_get/vec4 9;
    %jmp/0 T_13.6, 9;
    %load/vec4 v0x87ed9d400_0;
    %load/vec4 v0x87ed9d040_0;
    %cmp/e;
    %flag_get/vec4 4;
    %and;
T_13.6;
    %flag_set/vec4 8;
    %jmp/0xz  T_13.4, 8;
    %pushi/vec4 2, 0, 2;
    %store/vec4 v0x87ed9d180_0, 0, 2;
T_13.4 ;
T_13.1 ;
    %load/vec4 v0x87ed9d360_0;
    %flag_set/vec4 10;
    %flag_get/vec4 10;
    %jmp/0 T_13.11, 10;
    %load/vec4 v0x87ed9d2c0_0;
    %pushi/vec4 0, 0, 5;
    %cmp/ne;
    %flag_get/vec4 4;
    %and;
T_13.11;
    %flag_set/vec4 9;
    %flag_get/vec4 9;
    %jmp/0 T_13.10, 9;
    %load/vec4 v0x87ed9d2c0_0;
    %load/vec4 v0x87ed9d0e0_0;
    %cmp/e;
    %flag_get/vec4 4;
    %and;
T_13.10;
    %flag_set/vec4 8;
    %jmp/0xz  T_13.8, 8;
    %pushi/vec4 1, 0, 2;
    %store/vec4 v0x87ed9d220_0, 0, 2;
    %jmp T_13.9;
T_13.8 ;
    %load/vec4 v0x87ed9d4a0_0;
    %flag_set/vec4 10;
    %flag_get/vec4 10;
    %jmp/0 T_13.15, 10;
    %load/vec4 v0x87ed9d400_0;
    %pushi/vec4 0, 0, 5;
    %cmp/ne;
    %flag_get/vec4 4;
    %and;
T_13.15;
    %flag_set/vec4 9;
    %flag_get/vec4 9;
    %jmp/0 T_13.14, 9;
    %load/vec4 v0x87ed9d400_0;
    %load/vec4 v0x87ed9d0e0_0;
    %cmp/e;
    %flag_get/vec4 4;
    %and;
T_13.14;
    %flag_set/vec4 8;
    %jmp/0xz  T_13.12, 8;
    %pushi/vec4 2, 0, 2;
    %store/vec4 v0x87ed9d220_0, 0, 2;
T_13.12 ;
T_13.9 ;
    %jmp T_13;
    .thread T_13, $push;
    .scope S_0x1023989c0;
T_14 ;
    %wait E_0x87ed06740;
    %load/vec4 v0x87ecf2940_0;
    %dup/vec4;
    %pushi/vec4 0, 0, 5;
    %cmp/u;
    %jmp/1 T_14.0, 6;
    %dup/vec4;
    %pushi/vec4 1, 0, 5;
    %cmp/u;
    %jmp/1 T_14.1, 6;
    %dup/vec4;
    %pushi/vec4 2, 0, 5;
    %cmp/u;
    %jmp/1 T_14.2, 6;
    %dup/vec4;
    %pushi/vec4 3, 0, 5;
    %cmp/u;
    %jmp/1 T_14.3, 6;
    %dup/vec4;
    %pushi/vec4 4, 0, 5;
    %cmp/u;
    %jmp/1 T_14.4, 6;
    %dup/vec4;
    %pushi/vec4 5, 0, 5;
    %cmp/u;
    %jmp/1 T_14.5, 6;
    %dup/vec4;
    %pushi/vec4 6, 0, 5;
    %cmp/u;
    %jmp/1 T_14.6, 6;
    %dup/vec4;
    %pushi/vec4 7, 0, 5;
    %cmp/u;
    %jmp/1 T_14.7, 6;
    %dup/vec4;
    %pushi/vec4 8, 0, 5;
    %cmp/u;
    %jmp/1 T_14.8, 6;
    %dup/vec4;
    %pushi/vec4 9, 0, 5;
    %cmp/u;
    %jmp/1 T_14.9, 6;
    %dup/vec4;
    %pushi/vec4 10, 0, 5;
    %cmp/u;
    %jmp/1 T_14.10, 6;
    %pushi/vec4 0, 0, 32;
    %store/vec4 v0x87ecf29e0_0, 0, 32;
    %jmp T_14.12;
T_14.0 ;
    %load/vec4 v0x87ecf2800_0;
    %load/vec4 v0x87ecf28a0_0;
    %add;
    %store/vec4 v0x87ecf29e0_0, 0, 32;
    %jmp T_14.12;
T_14.1 ;
    %load/vec4 v0x87ecf2800_0;
    %load/vec4 v0x87ecf28a0_0;
    %sub;
    %store/vec4 v0x87ecf29e0_0, 0, 32;
    %jmp T_14.12;
T_14.2 ;
    %load/vec4 v0x87ecf2800_0;
    %load/vec4 v0x87ecf28a0_0;
    %parti/s 5, 0, 2;
    %ix/vec4 4;
    %shiftl 4;
    %store/vec4 v0x87ecf29e0_0, 0, 32;
    %jmp T_14.12;
T_14.3 ;
    %load/vec4 v0x87ecf2800_0;
    %load/vec4 v0x87ecf28a0_0;
    %cmp/s;
    %flag_mov 8, 5;
    %jmp/0 T_14.13, 8;
    %pushi/vec4 1, 0, 32;
    %jmp/1 T_14.14, 8;
T_14.13 ; End of true expr.
    %pushi/vec4 0, 0, 32;
    %jmp/0 T_14.14, 8;
 ; End of false expr.
    %blend;
T_14.14;
    %store/vec4 v0x87ecf29e0_0, 0, 32;
    %jmp T_14.12;
T_14.4 ;
    %load/vec4 v0x87ecf2800_0;
    %load/vec4 v0x87ecf28a0_0;
    %cmp/u;
    %flag_mov 8, 5;
    %jmp/0 T_14.15, 8;
    %pushi/vec4 1, 0, 32;
    %jmp/1 T_14.16, 8;
T_14.15 ; End of true expr.
    %pushi/vec4 0, 0, 32;
    %jmp/0 T_14.16, 8;
 ; End of false expr.
    %blend;
T_14.16;
    %store/vec4 v0x87ecf29e0_0, 0, 32;
    %jmp T_14.12;
T_14.5 ;
    %load/vec4 v0x87ecf2800_0;
    %load/vec4 v0x87ecf28a0_0;
    %xor;
    %store/vec4 v0x87ecf29e0_0, 0, 32;
    %jmp T_14.12;
T_14.6 ;
    %load/vec4 v0x87ecf2800_0;
    %load/vec4 v0x87ecf28a0_0;
    %parti/s 5, 0, 2;
    %ix/vec4 4;
    %shiftr 4;
    %store/vec4 v0x87ecf29e0_0, 0, 32;
    %jmp T_14.12;
T_14.7 ;
    %load/vec4 v0x87ecf2800_0;
    %load/vec4 v0x87ecf28a0_0;
    %parti/s 5, 0, 2;
    %ix/vec4 4;
    %shiftr/s 4;
    %store/vec4 v0x87ecf29e0_0, 0, 32;
    %jmp T_14.12;
T_14.8 ;
    %load/vec4 v0x87ecf2800_0;
    %load/vec4 v0x87ecf28a0_0;
    %or;
    %store/vec4 v0x87ecf29e0_0, 0, 32;
    %jmp T_14.12;
T_14.9 ;
    %load/vec4 v0x87ecf2800_0;
    %load/vec4 v0x87ecf28a0_0;
    %and;
    %store/vec4 v0x87ecf29e0_0, 0, 32;
    %jmp T_14.12;
T_14.10 ;
    %load/vec4 v0x87ecf28a0_0;
    %store/vec4 v0x87ecf29e0_0, 0, 32;
    %jmp T_14.12;
T_14.12 ;
    %pop/vec4 1;
    %jmp T_14;
    .thread T_14, $push;
    .scope S_0x1023ac870;
T_15 ;
    %wait E_0x87ed069c0;
    %load/vec4 v0x87ed9e080_0;
    %dup/vec4;
    %pushi/vec4 11, 0, 5;
    %cmp/u;
    %jmp/1 T_15.0, 6;
    %dup/vec4;
    %pushi/vec4 12, 0, 5;
    %cmp/u;
    %jmp/1 T_15.1, 6;
    %dup/vec4;
    %pushi/vec4 13, 0, 5;
    %cmp/u;
    %jmp/1 T_15.2, 6;
    %dup/vec4;
    %pushi/vec4 14, 0, 5;
    %cmp/u;
    %jmp/1 T_15.3, 6;
    %dup/vec4;
    %pushi/vec4 15, 0, 5;
    %cmp/u;
    %jmp/1 T_15.4, 6;
    %dup/vec4;
    %pushi/vec4 16, 0, 5;
    %cmp/u;
    %jmp/1 T_15.5, 6;
    %dup/vec4;
    %pushi/vec4 17, 0, 5;
    %cmp/u;
    %jmp/1 T_15.6, 6;
    %dup/vec4;
    %pushi/vec4 18, 0, 5;
    %cmp/u;
    %jmp/1 T_15.7, 6;
    %pushi/vec4 0, 0, 32;
    %store/vec4 v0x87ed9e300_0, 0, 32;
    %jmp T_15.9;
T_15.0 ;
    %load/vec4 v0x87ed9e120_0;
    %parti/s 32, 0, 2;
    %store/vec4 v0x87ed9e300_0, 0, 32;
    %jmp T_15.9;
T_15.1 ;
    %load/vec4 v0x87ed9e120_0;
    %parti/s 32, 32, 7;
    %store/vec4 v0x87ed9e300_0, 0, 32;
    %jmp T_15.9;
T_15.2 ;
    %load/vec4 v0x87ed9e1c0_0;
    %parti/s 32, 32, 7;
    %store/vec4 v0x87ed9e300_0, 0, 32;
    %jmp T_15.9;
T_15.3 ;
    %load/vec4 v0x87ed9e260_0;
    %parti/s 32, 32, 7;
    %store/vec4 v0x87ed9e300_0, 0, 32;
    %jmp T_15.9;
T_15.4 ;
    %load/vec4 v0x87ed9dfe0_0;
    %cmpi/e 0, 0, 32;
    %flag_mov 8, 4;
    %jmp/0 T_15.10, 8;
    %pushi/vec4 4294967295, 0, 32;
    %jmp/1 T_15.11, 8;
T_15.10 ; End of true expr.
    %load/vec4 v0x87ed9df40_0;
    %load/vec4 v0x87ed9dfe0_0;
    %div;
    %jmp/0 T_15.11, 8;
 ; End of false expr.
    %blend;
T_15.11;
    %store/vec4 v0x87ed9e300_0, 0, 32;
    %jmp T_15.9;
T_15.5 ;
    %load/vec4 v0x87ed9dfe0_0;
    %cmpi/e 0, 0, 32;
    %flag_mov 8, 4;
    %jmp/0 T_15.12, 8;
    %pushi/vec4 4294967295, 0, 32;
    %jmp/1 T_15.13, 8;
T_15.12 ; End of true expr.
    %load/vec4 v0x87ed9df40_0;
    %load/vec4 v0x87ed9dfe0_0;
    %div;
    %jmp/0 T_15.13, 8;
 ; End of false expr.
    %blend;
T_15.13;
    %store/vec4 v0x87ed9e300_0, 0, 32;
    %jmp T_15.9;
T_15.6 ;
    %load/vec4 v0x87ed9dfe0_0;
    %cmpi/e 0, 0, 32;
    %flag_mov 8, 4;
    %jmp/0 T_15.14, 8;
    %load/vec4 v0x87ed9df40_0;
    %jmp/1 T_15.15, 8;
T_15.14 ; End of true expr.
    %load/vec4 v0x87ed9df40_0;
    %load/vec4 v0x87ed9dfe0_0;
    %mod;
    %jmp/0 T_15.15, 8;
 ; End of false expr.
    %blend;
T_15.15;
    %store/vec4 v0x87ed9e300_0, 0, 32;
    %jmp T_15.9;
T_15.7 ;
    %load/vec4 v0x87ed9dfe0_0;
    %cmpi/e 0, 0, 32;
    %flag_mov 8, 4;
    %jmp/0 T_15.16, 8;
    %load/vec4 v0x87ed9df40_0;
    %jmp/1 T_15.17, 8;
T_15.16 ; End of true expr.
    %load/vec4 v0x87ed9df40_0;
    %load/vec4 v0x87ed9dfe0_0;
    %mod;
    %jmp/0 T_15.17, 8;
 ; End of false expr.
    %blend;
T_15.17;
    %store/vec4 v0x87ed9e300_0, 0, 32;
    %jmp T_15.9;
T_15.9 ;
    %pop/vec4 1;
    %jmp T_15;
    .thread T_15, $push;
    .scope S_0x102398b40;
T_16 ;
    %wait E_0x87ed06800;
    %load/vec4 v0x87ecf2bc0_0;
    %dup/vec4;
    %pushi/vec4 0, 0, 3;
    %cmp/u;
    %jmp/1 T_16.0, 6;
    %dup/vec4;
    %pushi/vec4 1, 0, 3;
    %cmp/u;
    %jmp/1 T_16.1, 6;
    %dup/vec4;
    %pushi/vec4 4, 0, 3;
    %cmp/u;
    %jmp/1 T_16.2, 6;
    %dup/vec4;
    %pushi/vec4 5, 0, 3;
    %cmp/u;
    %jmp/1 T_16.3, 6;
    %dup/vec4;
    %pushi/vec4 6, 0, 3;
    %cmp/u;
    %jmp/1 T_16.4, 6;
    %dup/vec4;
    %pushi/vec4 7, 0, 3;
    %cmp/u;
    %jmp/1 T_16.5, 6;
    %pushi/vec4 0, 0, 1;
    %store/vec4 v0x87ecf2b20_0, 0, 1;
    %jmp T_16.7;
T_16.0 ;
    %load/vec4 v0x87ecf2f80_0;
    %load/vec4 v0x87ecf3020_0;
    %cmp/e;
    %flag_get/vec4 4;
    %store/vec4 v0x87ecf2b20_0, 0, 1;
    %jmp T_16.7;
T_16.1 ;
    %load/vec4 v0x87ecf2f80_0;
    %load/vec4 v0x87ecf3020_0;
    %cmp/ne;
    %flag_get/vec4 4;
    %store/vec4 v0x87ecf2b20_0, 0, 1;
    %jmp T_16.7;
T_16.2 ;
    %load/vec4 v0x87ecf2f80_0;
    %load/vec4 v0x87ecf3020_0;
    %cmp/s;
    %flag_get/vec4 5;
    %store/vec4 v0x87ecf2b20_0, 0, 1;
    %jmp T_16.7;
T_16.3 ;
    %load/vec4 v0x87ecf3020_0;
    %load/vec4 v0x87ecf2f80_0;
    %cmp/s;
    %flag_get/vec4 4;
    %flag_get/vec4 5;
    %or;
    %store/vec4 v0x87ecf2b20_0, 0, 1;
    %jmp T_16.7;
T_16.4 ;
    %load/vec4 v0x87ecf2f80_0;
    %load/vec4 v0x87ecf3020_0;
    %cmp/u;
    %flag_get/vec4 5;
    %store/vec4 v0x87ecf2b20_0, 0, 1;
    %jmp T_16.7;
T_16.5 ;
    %load/vec4 v0x87ecf3020_0;
    %load/vec4 v0x87ecf2f80_0;
    %cmp/u;
    %flag_get/vec4 4;
    %flag_get/vec4 5;
    %or;
    %store/vec4 v0x87ecf2b20_0, 0, 1;
    %jmp T_16.7;
T_16.7 ;
    %pop/vec4 1;
    %jmp T_16;
    .thread T_16, $push;
    .scope S_0x102398b40;
T_17 ;
    %wait E_0x87ed06780;
    %pushi/vec4 0, 0, 1;
    %store/vec4 v0x87ecf30c0_0, 0, 1;
    %load/vec4 v0x87ecf2ee0_0;
    %addi 4, 0, 32;
    %store/vec4 v0x87ecf3160_0, 0, 32;
    %load/vec4 v0x87ecf2da0_0;
    %flag_set/vec4 8;
    %jmp/0xz  T_17.0, 8;
    %pushi/vec4 1, 0, 1;
    %store/vec4 v0x87ecf30c0_0, 0, 1;
    %load/vec4 v0x87ecf2ee0_0;
    %load/vec4 v0x87ecf2c60_0;
    %add;
    %store/vec4 v0x87ecf3160_0, 0, 32;
    %jmp T_17.1;
T_17.0 ;
    %load/vec4 v0x87ecf2e40_0;
    %flag_set/vec4 8;
    %jmp/0xz  T_17.2, 8;
    %pushi/vec4 1, 0, 1;
    %store/vec4 v0x87ecf30c0_0, 0, 1;
    %load/vec4 v0x87ecf2f80_0;
    %load/vec4 v0x87ecf2c60_0;
    %add;
    %pushi/vec4 4294967294, 0, 32;
    %and;
    %store/vec4 v0x87ecf3160_0, 0, 32;
    %jmp T_17.3;
T_17.2 ;
    %load/vec4 v0x87ecf2d00_0;
    %flag_set/vec4 9;
    %flag_get/vec4 9;
    %jmp/0 T_17.6, 9;
    %load/vec4 v0x87ecf2b20_0;
    %and;
T_17.6;
    %flag_set/vec4 8;
    %jmp/0xz  T_17.4, 8;
    %pushi/vec4 1, 0, 1;
    %store/vec4 v0x87ecf30c0_0, 0, 1;
    %load/vec4 v0x87ecf2ee0_0;
    %load/vec4 v0x87ecf2c60_0;
    %add;
    %store/vec4 v0x87ecf3160_0, 0, 32;
T_17.4 ;
T_17.3 ;
T_17.1 ;
    %jmp T_17;
    .thread T_17, $push;
    .scope S_0x1023969c0;
T_18 ;
    %wait E_0x87ed06840;
    %load/vec4 v0x87eda5b80_0;
    %nor/r;
    %flag_set/vec4 8;
    %jmp/0xz  T_18.0, 8;
    %pushi/vec4 0, 0, 32;
    %assign/vec4 v0x87eda5720_0, 0;
    %pushi/vec4 0, 0, 32;
    %assign/vec4 v0x87eda4dc0_0, 0;
    %pushi/vec4 19, 0, 32;
    %assign/vec4 v0x87eda4d20_0, 0;
    %pushi/vec4 0, 0, 1;
    %assign/vec4 v0x87eda4fa0_0, 0;
    %pushi/vec4 0, 0, 1;
    %assign/vec4 v0x87eda4e60_0, 0;
    %pushi/vec4 0, 0, 32;
    %assign/vec4 v0x87eda4f00_0, 0;
    %jmp T_18.1;
T_18.0 ;
    %load/vec4 v0x87eda5c20_0;
    %nor/r;
    %flag_set/vec4 8;
    %jmp/0xz  T_18.2, 8;
    %load/vec4 v0x87eda5680_0;
    %assign/vec4 v0x87eda5720_0, 0;
    %load/vec4 v0x87eda28a0_0;
    %flag_set/vec4 8;
    %jmp/0xz  T_18.4, 8;
    %pushi/vec4 19, 0, 32;
    %assign/vec4 v0x87eda4d20_0, 0;
    %pushi/vec4 0, 0, 1;
    %assign/vec4 v0x87eda4fa0_0, 0;
    %pushi/vec4 0, 0, 1;
    %assign/vec4 v0x87eda4e60_0, 0;
    %jmp T_18.5;
T_18.4 ;
    %load/vec4 v0x87eda5720_0;
    %assign/vec4 v0x87eda4dc0_0, 0;
    %load/vec4 v0x87eda50e0_0;
    %assign/vec4 v0x87eda4d20_0, 0;
    %pushi/vec4 1, 0, 1;
    %assign/vec4 v0x87eda4fa0_0, 0;
    %load/vec4 v0x87eda5860_0;
    %flag_set/vec4 8;
    %flag_get/vec4 8;
    %jmp/0 T_18.6, 8;
    %load/vec4 v0x87eda19a0_0;
    %and;
T_18.6;
    %assign/vec4 v0x87eda4e60_0, 0;
    %load/vec4 v0x87eda1a40_0;
    %assign/vec4 v0x87eda4f00_0, 0;
T_18.5 ;
T_18.2 ;
T_18.1 ;
    %jmp T_18;
    .thread T_18;
    .scope S_0x1023969c0;
T_19 ;
    %wait E_0x87ed06840;
    %load/vec4 v0x87eda5b80_0;
    %nor/r;
    %flag_set/vec4 8;
    %jmp/0xz  T_19.0, 8;
    %pushi/vec4 0, 0, 32;
    %assign/vec4 v0x87eda3480_0, 0;
    %pushi/vec4 0, 0, 32;
    %assign/vec4 v0x87eda3840_0, 0;
    %pushi/vec4 0, 0, 32;
    %assign/vec4 v0x87eda3980_0, 0;
    %pushi/vec4 0, 0, 32;
    %assign/vec4 v0x87eda2ee0_0, 0;
    %pushi/vec4 0, 0, 5;
    %assign/vec4 v0x87eda37a0_0, 0;
    %pushi/vec4 0, 0, 5;
    %assign/vec4 v0x87eda38e0_0, 0;
    %pushi/vec4 0, 0, 5;
    %assign/vec4 v0x87eda3660_0, 0;
    %pushi/vec4 0, 0, 1;
    %assign/vec4 v0x87eda3700_0, 0;
    %pushi/vec4 0, 0, 1;
    %assign/vec4 v0x87eda3200_0, 0;
    %pushi/vec4 0, 0, 1;
    %assign/vec4 v0x87eda33e0_0, 0;
    %pushi/vec4 0, 0, 1;
    %assign/vec4 v0x87eda3340_0, 0;
    %pushi/vec4 0, 0, 1;
    %assign/vec4 v0x87eda2da0_0, 0;
    %pushi/vec4 0, 0, 1;
    %assign/vec4 v0x87eda2f80_0, 0;
    %pushi/vec4 0, 0, 1;
    %assign/vec4 v0x87eda3020_0, 0;
    %pushi/vec4 0, 0, 1;
    %assign/vec4 v0x87eda30c0_0, 0;
    %pushi/vec4 0, 0, 1;
    %assign/vec4 v0x87eda3160_0, 0;
    %pushi/vec4 0, 0, 5;
    %assign/vec4 v0x87eda2d00_0, 0;
    %pushi/vec4 0, 0, 2;
    %assign/vec4 v0x87eda32a0_0, 0;
    %pushi/vec4 0, 0, 3;
    %assign/vec4 v0x87eda2e40_0, 0;
    %pushi/vec4 0, 0, 1;
    %assign/vec4 v0x87eda3a20_0, 0;
    %pushi/vec4 0, 0, 1;
    %assign/vec4 v0x87eda3520_0, 0;
    %pushi/vec4 0, 0, 32;
    %assign/vec4 v0x87eda35c0_0, 0;
    %jmp T_19.1;
T_19.0 ;
    %load/vec4 v0x87eda2800_0;
    %flag_set/vec4 8;
    %jmp/1 T_19.4, 8;
    %load/vec4 v0x87eda28a0_0;
    %flag_set/vec4 9;
    %flag_or 8, 9;
T_19.4;
    %jmp/0xz  T_19.2, 8;
    %pushi/vec4 0, 0, 1;
    %assign/vec4 v0x87eda3700_0, 0;
    %pushi/vec4 0, 0, 1;
    %assign/vec4 v0x87eda3200_0, 0;
    %pushi/vec4 0, 0, 1;
    %assign/vec4 v0x87eda33e0_0, 0;
    %pushi/vec4 0, 0, 1;
    %assign/vec4 v0x87eda3340_0, 0;
    %pushi/vec4 0, 0, 1;
    %assign/vec4 v0x87eda2da0_0, 0;
    %pushi/vec4 0, 0, 1;
    %assign/vec4 v0x87eda2f80_0, 0;
    %pushi/vec4 0, 0, 1;
    %assign/vec4 v0x87eda3020_0, 0;
    %pushi/vec4 0, 0, 1;
    %assign/vec4 v0x87eda30c0_0, 0;
    %pushi/vec4 0, 0, 1;
    %assign/vec4 v0x87eda3160_0, 0;
    %pushi/vec4 0, 0, 1;
    %assign/vec4 v0x87eda3a20_0, 0;
    %pushi/vec4 0, 0, 1;
    %assign/vec4 v0x87eda3520_0, 0;
    %jmp T_19.3;
T_19.2 ;
    %load/vec4 v0x87eda5c20_0;
    %nor/r;
    %flag_set/vec4 8;
    %jmp/0xz  T_19.5, 8;
    %load/vec4 v0x87eda4dc0_0;
    %assign/vec4 v0x87eda3480_0, 0;
    %load/vec4 v0x87eda5a40_0;
    %assign/vec4 v0x87eda3840_0, 0;
    %load/vec4 v0x87eda5ae0_0;
    %assign/vec4 v0x87eda3980_0, 0;
    %load/vec4 v0x87eda3c00_0;
    %assign/vec4 v0x87eda2ee0_0, 0;
    %load/vec4 v0x87eda4aa0_0;
    %assign/vec4 v0x87eda37a0_0, 0;
    %load/vec4 v0x87eda4b40_0;
    %assign/vec4 v0x87eda38e0_0, 0;
    %load/vec4 v0x87eda4820_0;
    %assign/vec4 v0x87eda3660_0, 0;
    %load/vec4 v0x87eda48c0_0;
    %assign/vec4 v0x87eda3700_0, 0;
    %load/vec4 v0x87eda4500_0;
    %assign/vec4 v0x87eda3200_0, 0;
    %load/vec4 v0x87eda46e0_0;
    %assign/vec4 v0x87eda33e0_0, 0;
    %load/vec4 v0x87eda4640_0;
    %assign/vec4 v0x87eda3340_0, 0;
    %load/vec4 v0x87eda2c60_0;
    %assign/vec4 v0x87eda2da0_0, 0;
    %load/vec4 v0x87eda3d40_0;
    %assign/vec4 v0x87eda2f80_0, 0;
    %load/vec4 v0x87eda3e80_0;
    %assign/vec4 v0x87eda3020_0, 0;
    %load/vec4 v0x87eda4000_0;
    %assign/vec4 v0x87eda30c0_0, 0;
    %load/vec4 v0x87eda4280_0;
    %assign/vec4 v0x87eda3160_0, 0;
    %load/vec4 v0x87eda2a80_0;
    %assign/vec4 v0x87eda2d00_0, 0;
    %load/vec4 v0x87eda45a0_0;
    %assign/vec4 v0x87eda32a0_0, 0;
    %load/vec4 v0x87eda3ac0_0;
    %assign/vec4 v0x87eda2e40_0, 0;
    %load/vec4 v0x87eda4fa0_0;
    %assign/vec4 v0x87eda3a20_0, 0;
    %load/vec4 v0x87eda4e60_0;
    %assign/vec4 v0x87eda3520_0, 0;
    %load/vec4 v0x87eda4f00_0;
    %assign/vec4 v0x87eda35c0_0, 0;
T_19.5 ;
T_19.3 ;
T_19.1 ;
    %jmp T_19;
    .thread T_19;
    .scope S_0x1023969c0;
T_20 ;
    %wait E_0x87ed06700;
    %load/vec4 v0x87eda2940_0;
    %dup/vec4;
    %pushi/vec4 1, 0, 2;
    %cmp/u;
    %jmp/1 T_20.0, 6;
    %dup/vec4;
    %pushi/vec4 2, 0, 2;
    %cmp/u;
    %jmp/1 T_20.1, 6;
    %load/vec4 v0x87eda3840_0;
    %store/vec4 v0x87eda15e0_0, 0, 32;
    %jmp T_20.3;
T_20.0 ;
    %load/vec4 v0x87eda21c0_0;
    %store/vec4 v0x87eda15e0_0, 0, 32;
    %jmp T_20.3;
T_20.1 ;
    %load/vec4 v0x87eda5d60_0;
    %store/vec4 v0x87eda15e0_0, 0, 32;
    %jmp T_20.3;
T_20.3 ;
    %pop/vec4 1;
    %load/vec4 v0x87eda29e0_0;
    %dup/vec4;
    %pushi/vec4 1, 0, 2;
    %cmp/u;
    %jmp/1 T_20.4, 6;
    %dup/vec4;
    %pushi/vec4 2, 0, 2;
    %cmp/u;
    %jmp/1 T_20.5, 6;
    %load/vec4 v0x87eda3980_0;
    %store/vec4 v0x87eda1720_0, 0, 32;
    %jmp T_20.7;
T_20.4 ;
    %load/vec4 v0x87eda21c0_0;
    %store/vec4 v0x87eda1720_0, 0, 32;
    %jmp T_20.7;
T_20.5 ;
    %load/vec4 v0x87eda5d60_0;
    %store/vec4 v0x87eda1720_0, 0, 32;
    %jmp T_20.7;
T_20.7 ;
    %pop/vec4 1;
    %jmp T_20;
    .thread T_20, $push;
    .scope S_0x1023969c0;
T_21 ;
    %wait E_0x87ed06840;
    %load/vec4 v0x87eda5b80_0;
    %nor/r;
    %flag_set/vec4 8;
    %jmp/0xz  T_21.0, 8;
    %pushi/vec4 0, 0, 32;
    %assign/vec4 v0x87eda21c0_0, 0;
    %pushi/vec4 0, 0, 32;
    %assign/vec4 v0x87eda2620_0, 0;
    %pushi/vec4 0, 0, 5;
    %assign/vec4 v0x87eda24e0_0, 0;
    %pushi/vec4 0, 0, 1;
    %assign/vec4 v0x87eda2580_0, 0;
    %pushi/vec4 0, 0, 1;
    %assign/vec4 v0x87eda2260_0, 0;
    %pushi/vec4 0, 0, 1;
    %assign/vec4 v0x87eda2440_0, 0;
    %pushi/vec4 0, 0, 1;
    %assign/vec4 v0x87eda23a0_0, 0;
    %pushi/vec4 0, 0, 2;
    %assign/vec4 v0x87eda2300_0, 0;
    %pushi/vec4 0, 0, 1;
    %assign/vec4 v0x87eda26c0_0, 0;
    %jmp T_21.1;
T_21.0 ;
    %load/vec4 v0x87eda2760_0;
    %assign/vec4 v0x87eda21c0_0, 0;
    %load/vec4 v0x87eda1720_0;
    %assign/vec4 v0x87eda2620_0, 0;
    %load/vec4 v0x87eda3660_0;
    %assign/vec4 v0x87eda24e0_0, 0;
    %load/vec4 v0x87eda3700_0;
    %load/vec4 v0x87eda3a20_0;
    %and;
    %assign/vec4 v0x87eda2580_0, 0;
    %load/vec4 v0x87eda3200_0;
    %load/vec4 v0x87eda3a20_0;
    %and;
    %assign/vec4 v0x87eda2260_0, 0;
    %load/vec4 v0x87eda33e0_0;
    %load/vec4 v0x87eda3a20_0;
    %and;
    %assign/vec4 v0x87eda2440_0, 0;
    %load/vec4 v0x87eda3340_0;
    %assign/vec4 v0x87eda23a0_0, 0;
    %load/vec4 v0x87eda32a0_0;
    %assign/vec4 v0x87eda2300_0, 0;
    %load/vec4 v0x87eda3a20_0;
    %assign/vec4 v0x87eda26c0_0, 0;
T_21.1 ;
    %jmp T_21;
    .thread T_21;
    .scope S_0x1023969c0;
T_22 ;
    %wait E_0x87ed06840;
    %load/vec4 v0x87eda5b80_0;
    %nor/r;
    %flag_set/vec4 8;
    %jmp/0xz  T_22.0, 8;
    %pushi/vec4 0, 0, 32;
    %assign/vec4 v0x87eda5180_0, 0;
    %pushi/vec4 0, 0, 32;
    %assign/vec4 v0x87eda5220_0, 0;
    %pushi/vec4 0, 0, 5;
    %assign/vec4 v0x87eda5360_0, 0;
    %pushi/vec4 0, 0, 1;
    %assign/vec4 v0x87eda5400_0, 0;
    %pushi/vec4 0, 0, 1;
    %assign/vec4 v0x87eda52c0_0, 0;
    %pushi/vec4 0, 0, 1;
    %assign/vec4 v0x87eda54a0_0, 0;
    %jmp T_22.1;
T_22.0 ;
    %load/vec4 v0x87eda21c0_0;
    %assign/vec4 v0x87eda5180_0, 0;
    %load/vec4 v0x87eda1d60_0;
    %assign/vec4 v0x87eda5220_0, 0;
    %load/vec4 v0x87eda24e0_0;
    %assign/vec4 v0x87eda5360_0, 0;
    %load/vec4 v0x87eda2580_0;
    %load/vec4 v0x87eda26c0_0;
    %and;
    %assign/vec4 v0x87eda5400_0, 0;
    %load/vec4 v0x87eda23a0_0;
    %assign/vec4 v0x87eda52c0_0, 0;
    %load/vec4 v0x87eda26c0_0;
    %assign/vec4 v0x87eda54a0_0, 0;
T_22.1 ;
    %jmp T_22;
    .thread T_22;
    .scope S_0x87f554600;
T_23 ;
    %pushi/vec4 0, 0, 32;
    %store/vec4 v0x87eda68a0_0, 0, 32;
T_23.0 ; Top of for-loop
    %load/vec4 v0x87eda68a0_0;
    %cmpi/s 4096, 0, 32;
	  %jmp/0xz T_23.1, 5;
    %pushi/vec4 0, 0, 8;
    %ix/getv/s 4, v0x87eda68a0_0;
    %store/vec4a v0x87eda6940, 4, 0;
T_23.2 ; for-loop step statement
    %load/vec4 v0x87eda68a0_0;
    %addi 1, 0, 32;
    %store/vec4 v0x87eda68a0_0, 0, 32;
    %jmp T_23.0;
T_23.1 ; for-loop exit label
    %end;
    .thread T_23;
    .scope S_0x87f554600;
T_24 ;
    %wait E_0x87ed06b00;
    %load/vec4 v0x87eda6a80_0;
    %flag_set/vec4 8;
    %jmp/0xz  T_24.0, 8;
    %load/vec4 v0x87eda6b20_0;
    %dup/vec4;
    %pushi/vec4 0, 0, 2;
    %cmp/u;
    %jmp/1 T_24.2, 6;
    %dup/vec4;
    %pushi/vec4 1, 0, 2;
    %cmp/u;
    %jmp/1 T_24.3, 6;
    %dup/vec4;
    %pushi/vec4 2, 0, 2;
    %cmp/u;
    %jmp/1 T_24.4, 6;
    %load/vec4 v0x87eda6760_0;
    %addi 3, 0, 32;
    %ix/vec4 4;
    %load/vec4a v0x87eda6940, 4;
    %load/vec4 v0x87eda6760_0;
    %addi 2, 0, 32;
    %ix/vec4 4;
    %load/vec4a v0x87eda6940, 4;
    %concat/vec4; draw_concat_vec4
    %load/vec4 v0x87eda6760_0;
    %addi 1, 0, 32;
    %ix/vec4 4;
    %load/vec4a v0x87eda6940, 4;
    %concat/vec4; draw_concat_vec4
    %ix/getv 4, v0x87eda6760_0;
    %load/vec4a v0x87eda6940, 4;
    %concat/vec4; draw_concat_vec4
    %store/vec4 v0x87eda69e0_0, 0, 32;
    %jmp T_24.6;
T_24.2 ;
    %ix/getv 4, v0x87eda6760_0;
    %load/vec4a v0x87eda6940, 4;
    %parti/s 1, 7, 4;
    %replicate 24;
    %ix/getv 4, v0x87eda6760_0;
    %load/vec4a v0x87eda6940, 4;
    %concat/vec4; draw_concat_vec4
    %store/vec4 v0x87eda69e0_0, 0, 32;
    %jmp T_24.6;
T_24.3 ;
    %load/vec4 v0x87eda6760_0;
    %addi 1, 0, 32;
    %ix/vec4 4;
    %load/vec4a v0x87eda6940, 4;
    %parti/s 1, 7, 4;
    %replicate 16;
    %load/vec4 v0x87eda6760_0;
    %addi 1, 0, 32;
    %ix/vec4 4;
    %load/vec4a v0x87eda6940, 4;
    %concat/vec4; draw_concat_vec4
    %ix/getv 4, v0x87eda6760_0;
    %load/vec4a v0x87eda6940, 4;
    %concat/vec4; draw_concat_vec4
    %store/vec4 v0x87eda69e0_0, 0, 32;
    %jmp T_24.6;
T_24.4 ;
    %load/vec4 v0x87eda6760_0;
    %addi 3, 0, 32;
    %ix/vec4 4;
    %load/vec4a v0x87eda6940, 4;
    %load/vec4 v0x87eda6760_0;
    %addi 2, 0, 32;
    %ix/vec4 4;
    %load/vec4a v0x87eda6940, 4;
    %concat/vec4; draw_concat_vec4
    %load/vec4 v0x87eda6760_0;
    %addi 1, 0, 32;
    %ix/vec4 4;
    %load/vec4a v0x87eda6940, 4;
    %concat/vec4; draw_concat_vec4
    %ix/getv 4, v0x87eda6760_0;
    %load/vec4a v0x87eda6940, 4;
    %concat/vec4; draw_concat_vec4
    %store/vec4 v0x87eda69e0_0, 0, 32;
    %jmp T_24.6;
T_24.6 ;
    %pop/vec4 1;
    %jmp T_24.1;
T_24.0 ;
    %pushi/vec4 0, 0, 32;
    %store/vec4 v0x87eda69e0_0, 0, 32;
T_24.1 ;
    %jmp T_24;
    .thread T_24, $push;
    .scope S_0x87f554600;
T_25 ;
    %wait E_0x87ed06ac0;
    %load/vec4 v0x87eda6c60_0;
    %flag_set/vec4 8;
    %jmp/0xz  T_25.0, 8;
    %load/vec4 v0x87eda6b20_0;
    %dup/vec4;
    %pushi/vec4 0, 0, 2;
    %cmp/u;
    %jmp/1 T_25.2, 6;
    %dup/vec4;
    %pushi/vec4 1, 0, 2;
    %cmp/u;
    %jmp/1 T_25.3, 6;
    %dup/vec4;
    %pushi/vec4 2, 0, 2;
    %cmp/u;
    %jmp/1 T_25.4, 6;
    %jmp T_25.6;
T_25.2 ;
    %load/vec4 v0x87eda6bc0_0;
    %parti/s 8, 0, 2;
    %ix/getv 3, v0x87eda6760_0;
    %ix/load 4, 0, 0; Constant delay
    %assign/vec4/a/d v0x87eda6940, 0, 4;
    %jmp T_25.6;
T_25.3 ;
    %load/vec4 v0x87eda6bc0_0;
    %parti/s 8, 0, 2;
    %ix/getv 3, v0x87eda6760_0;
    %ix/load 4, 0, 0; Constant delay
    %assign/vec4/a/d v0x87eda6940, 0, 4;
    %load/vec4 v0x87eda6bc0_0;
    %parti/s 8, 8, 5;
    %load/vec4 v0x87eda6760_0;
    %addi 1, 0, 32;
    %ix/vec4 3;
    %ix/load 4, 0, 0; Constant delay
    %assign/vec4/a/d v0x87eda6940, 0, 4;
    %jmp T_25.6;
T_25.4 ;
    %load/vec4 v0x87eda6bc0_0;
    %parti/s 8, 0, 2;
    %ix/getv 3, v0x87eda6760_0;
    %ix/load 4, 0, 0; Constant delay
    %assign/vec4/a/d v0x87eda6940, 0, 4;
    %load/vec4 v0x87eda6bc0_0;
    %parti/s 8, 8, 5;
    %load/vec4 v0x87eda6760_0;
    %addi 1, 0, 32;
    %ix/vec4 3;
    %ix/load 4, 0, 0; Constant delay
    %assign/vec4/a/d v0x87eda6940, 0, 4;
    %load/vec4 v0x87eda6bc0_0;
    %parti/s 8, 16, 6;
    %load/vec4 v0x87eda6760_0;
    %addi 2, 0, 32;
    %ix/vec4 3;
    %ix/load 4, 0, 0; Constant delay
    %assign/vec4/a/d v0x87eda6940, 0, 4;
    %load/vec4 v0x87eda6bc0_0;
    %parti/s 8, 24, 6;
    %load/vec4 v0x87eda6760_0;
    %addi 3, 0, 32;
    %ix/vec4 3;
    %ix/load 4, 0, 0; Constant delay
    %assign/vec4/a/d v0x87eda6940, 0, 4;
    %jmp T_25.6;
T_25.6 ;
    %pop/vec4 1;
T_25.0 ;
    %jmp T_25;
    .thread T_25;
    .scope S_0x102394760;
T_26 ;
    %pushi/vec4 0, 0, 1;
    %store/vec4 v0x87eda7d40_0, 0, 1;
    %end;
    .thread T_26;
    .scope S_0x102394760;
T_27 ;
    %delay 5000, 0;
    %load/vec4 v0x87eda7d40_0;
    %inv;
    %store/vec4 v0x87eda7d40_0, 0, 1;
    %jmp T_27;
    .thread T_27;
    .scope S_0x102394760;
T_28 ;
    %pushi/vec4 0, 0, 32;
    %store/vec4 v0x87eda6620_0, 0, 32;
    %pushi/vec4 10485907, 0, 32;
    %store/vec4 v0x87eda66c0_0, 0, 32;
    %fork TD_tb_cpu.uut.u_memory.load_word, S_0x87f554780;
    %join;
    %pushi/vec4 4, 0, 32;
    %store/vec4 v0x87eda6620_0, 0, 32;
    %pushi/vec4 20971795, 0, 32;
    %store/vec4 v0x87eda66c0_0, 0, 32;
    %fork TD_tb_cpu.uut.u_memory.load_word, S_0x87f554780;
    %join;
    %pushi/vec4 8, 0, 32;
    %store/vec4 v0x87eda6620_0, 0, 32;
    %pushi/vec4 2130355, 0, 32;
    %store/vec4 v0x87eda66c0_0, 0, 32;
    %fork TD_tb_cpu.uut.u_memory.load_word, S_0x87f554780;
    %join;
    %pushi/vec4 12, 0, 32;
    %store/vec4 v0x87eda6620_0, 0, 32;
    %pushi/vec4 3153955, 0, 32;
    %store/vec4 v0x87eda66c0_0, 0, 32;
    %fork TD_tb_cpu.uut.u_memory.load_word, S_0x87f554780;
    %join;
    %pushi/vec4 16, 0, 32;
    %store/vec4 v0x87eda6620_0, 0, 32;
    %pushi/vec4 8707, 0, 32;
    %store/vec4 v0x87eda66c0_0, 0, 32;
    %fork TD_tb_cpu.uut.u_memory.load_word, S_0x87f554780;
    %join;
    %pushi/vec4 20, 0, 32;
    %store/vec4 v0x87eda6620_0, 0, 32;
    %pushi/vec4 4293731, 0, 32;
    %store/vec4 v0x87eda66c0_0, 0, 32;
    %fork TD_tb_cpu.uut.u_memory.load_word, S_0x87f554780;
    %join;
    %pushi/vec4 24, 0, 32;
    %store/vec4 v0x87eda6620_0, 0, 32;
    %pushi/vec4 103809683, 0, 32;
    %store/vec4 v0x87eda66c0_0, 0, 32;
    %fork TD_tb_cpu.uut.u_memory.load_word, S_0x87f554780;
    %join;
    %pushi/vec4 28, 0, 32;
    %store/vec4 v0x87eda6620_0, 0, 32;
    %pushi/vec4 1049235, 0, 32;
    %store/vec4 v0x87eda66c0_0, 0, 32;
    %fork TD_tb_cpu.uut.u_memory.load_word, S_0x87f554780;
    %join;
    %pushi/vec4 32, 0, 32;
    %store/vec4 v0x87eda6620_0, 0, 32;
    %pushi/vec4 111, 0, 32;
    %store/vec4 v0x87eda66c0_0, 0, 32;
    %fork TD_tb_cpu.uut.u_memory.load_word, S_0x87f554780;
    %join;
    %pushi/vec4 0, 0, 1;
    %store/vec4 v0x87eda7f20_0, 0, 1;
    %delay 20000, 0;
    %pushi/vec4 1, 0, 1;
    %store/vec4 v0x87eda7f20_0, 0, 1;
    %delay 800000, 0;
    %vpi_call/w 5 63 "$display", "================================================" {0 0 0};
    %vpi_call/w 5 64 "$display", "  SR-Core RV32IM  (Verilog)" {0 0 0};
    %vpi_call/w 5 65 "$display", "  PC at end = 0x%08h", v0x87eda7de0_0 {0 0 0};
    %vpi_call/w 5 66 "$display", "  x1 = %0d (expect 10)", &A<v0x87ed9f700, 1> {0 0 0};
    %vpi_call/w 5 67 "$display", "  x2 = %0d (expect 20)", &A<v0x87ed9f700, 2> {0 0 0};
    %vpi_call/w 5 68 "$display", "  x3 = %0d (expect 30)", &A<v0x87ed9f700, 3> {0 0 0};
    %vpi_call/w 5 69 "$display", "  x4 = %0d (expect 30)", &A<v0x87ed9f700, 4> {0 0 0};
    %vpi_call/w 5 70 "$display", "  x5 = %0d (expect 1)", &A<v0x87ed9f700, 5> {0 0 0};
    %vpi_call/w 5 71 "$display", "================================================" {0 0 0};
    %ix/load 4, 1, 0;
    %flag_set/imm 4, 0;
    %load/vec4a v0x87ed9f700, 4;
    %cmpi/e 10, 0, 32;
    %flag_get/vec4 4;
    %jmp/0 T_28.5, 4;
    %ix/load 4, 2, 0;
    %flag_set/imm 4, 0;
    %load/vec4a v0x87ed9f700, 4;
    %pushi/vec4 20, 0, 32;
    %cmp/e;
    %flag_get/vec4 4;
    %and;
T_28.5;
    %flag_set/vec4 11;
    %flag_get/vec4 11;
    %jmp/0 T_28.4, 11;
    %ix/load 4, 3, 0;
    %flag_set/imm 4, 0;
    %load/vec4a v0x87ed9f700, 4;
    %pushi/vec4 30, 0, 32;
    %cmp/e;
    %flag_get/vec4 4;
    %and;
T_28.4;
    %flag_set/vec4 10;
    %flag_get/vec4 10;
    %jmp/0 T_28.3, 10;
    %ix/load 4, 4, 0;
    %flag_set/imm 4, 0;
    %load/vec4a v0x87ed9f700, 4;
    %pushi/vec4 30, 0, 32;
    %cmp/e;
    %flag_get/vec4 4;
    %and;
T_28.3;
    %flag_set/vec4 9;
    %flag_get/vec4 9;
    %jmp/0 T_28.2, 9;
    %ix/load 4, 5, 0;
    %flag_set/imm 4, 0;
    %load/vec4a v0x87ed9f700, 4;
    %pushi/vec4 1, 0, 32;
    %cmp/e;
    %flag_get/vec4 4;
    %and;
T_28.2;
    %flag_set/vec4 8;
    %jmp/0xz  T_28.0, 8;
    %vpi_call/w 5 78 "$display", "*** TEST PASSED ***" {0 0 0};
    %jmp T_28.1;
T_28.0 ;
    %vpi_call/w 5 80 "$display", "*** TEST FAILED ***" {0 0 0};
T_28.1 ;
    %vpi_call/w 5 82 "$finish" {0 0 0};
    %end;
    .thread T_28;
    .scope S_0x102394760;
T_29 ;
    %vpi_call/w 5 86 "$dumpfile", "tb_cpu.vcd" {0 0 0};
    %vpi_call/w 5 87 "$dumpvars", 32'sb00000000000000000000000000000000, S_0x102394760 {0 0 0};
    %end;
    .thread T_29;
# The file index is used to find the file name in the following table.
:file_names 21;
    "N/A";
    "<interactive>";
    "-";
    "rtl/execution/agu.v";
    "rtl/memory/cache.v";
    "tb/tb_cpu.v";
    "rtl/main.v";
    "rtl/cpu/cpu.v";
    "rtl/cpu/pipeline.v";
    "rtl/execution/alu.v";
    "rtl/execution/branch_unit.v";
    "rtl/frontend/btb.v";
    "rtl/isa/decoder.v";
    "rtl/cpu/forwarding_unit.v";
    "rtl/cpu/hazard_unit.v";
    "rtl/execution/muldiv.v";
    "rtl/frontend/predictor.v";
    "rtl/cpu/regfile.v";
    "rtl/isa/rv32i.v";
    "rtl/isa/rv64m.v";
    "rtl/memory/memory.v";
